trait	alpha	aic	logLik	GBDT40	Dstats
K01160	149.907508538559	6829.82461563008	-3412.91230781504	No	0.0
K07474	109.231298461236	6843.12551791246	-3419.56275895623	No	0.0
K06909	99.8230216405826	8064.4159305946	-4030.2079652973	No	0.0
K01448	3.05007438182149	1909.66148304666	-952.830741523332	No	0.991
K03070	9.79448317288895	1055.38664107597	-525.693320537987	No	0.0
K02836	0.623928820173113	1289.74158504982	-642.87079252491	No	0.068
K02835	2.86322114850835	1345.94004616147	-670.970023080734	No	0.001
K01104	5.13484592884214	4884.11557896746	-2440.05778948373	No	0.266
K07566	0.597121632684404	1169.74263371351	-582.871316856755	No	0.846
K03789	1.1788039214538	1872.7962550118	-934.398127505899	No	0.999
K01409	3.05001436899783	984.893091377058	-490.446545688529	No	0.0
K07335	4.36397397346914	4282.94905332921	-2139.4745266646	No	0.986
K03312	11.0324297779949	5083.22239684629	-2539.61119842315	No	0.063
K06131	4.80226834369461	4348.83842090965	-2172.41921045483	No	0.942
K05962	6.15645439690653	4142.33002421941	-2069.16501210971	No	0.334
K00826	4.28514715194994	2764.55440880579	-1380.2772044029	No	0.306
K00705	6.19357505950104	5302.35703653958	-2649.17851826979	No	0.78
K05970	10.2889736828129	3144.37947362214	-1570.18973681107	No	0.552
K03615	3.98105365370528	3390.69307820144	-1693.34653910072	No	0.987
K03614	3.0530862173637	2441.50312184315	-1218.75156092158	No	0.999
K03612	3.16042314966266	2199.14012701667	-1097.57006350834	No	0.999
K03616	1.87099940623044	1971.19559684199	-983.597798420994	No	1.0
K01163	3.23850441578882	1348.82919223896	-672.414596119478	No	0.989
K03455	6.99226145808627	5336.93380463038	-2666.46690231519	No	0.094
K09157	3.96167672043356	2764.76568174013	-1380.38284087006	No	0.971
K07166	3.89947314823581	2212.93456754748	-1104.46728377374	No	0.989
K05770	12.5980974306286	6086.2061708313	-3041.10308541565	No	0.005
K01491	3.40588680284786	3667.80028592346	-1831.90014296173	No	0.742
K00651	3.88495238128962	3294.28641971563	-1645.14320985781	No	0.996
K11189	4.53593357200478	4136.94704478888	-2066.47352239444	No	0.966
K03703	2.69980150164742	1245.35779710209	-620.678898551046	No	0.0
K06317	1.99725608798436	647.279397404039	-321.63969870202	No	1.0
K05540	2.90060671132218	2817.37912975702	-1406.68956487851	No	0.641
K00931	4.64747289161835	3927.38084190584	-1961.69042095292	No	0.605
K00625	6.6447280204516	4810.00479132283	-2403.00239566142	No	0.789
K00925	10.329554565697	5274.02620145675	-2635.01310072838	No	0.018
K00013	4.28027817809545	3672.16941233889	-1834.08470616944	No	0.333
K01678	3.11789985093912	1875.95624351679	-935.978121758394	No	0.95
K02238	6.29907654443511	2208.57337725277	-1102.28668862638	No	0.0
K01989	6.52910067231025	3962.79125021556	-1979.39562510778	No	0.858
K23242	4.96748503135014	4267.1890442725	-2131.59452213625	No	0.837
K00756	3.965408261256	3220.2949655839	-1608.14748279195	No	0.99
K00974	4.46044323397681	4274.00303530678	-2135.00151765339	No	0.991
K00853	16.285060829245	4867.4143854034	-2431.7071927017	No	0.001
K03077	12.51050468471	6298.77333326191	-3147.38666663095	No	0.0
K00943	2.45916869044041	2190.74136792546	-1093.37068396273	No	0.988
K00789	3.63530866158302	844.216646022396	-420.108323011198	No	0.0
K11754	1.47374383703733	2217.14661860919	-1106.5733093046	No	0.381
K02500	4.30287886012108	3210.19425788083	-1603.09712894041	No	0.583
K02501	4.43179560282963	3725.54951214815	-1860.77475607407	No	0.391
K00604	2.04741770047126	2186.64526923929	-1091.32263461964	No	0.005
K06973	2.20210850301	2119.05104102098	-1057.52552051049	No	1.0
K03500	1.7004907494573	2307.26441112417	-1151.63220556209	No	0.977
K06941	1.81914115089173	1325.851938314	-660.925969157002	No	0.976
K20074	5.34623103167804	4744.22298600336	-2370.11149300168	No	0.931
K08884	3.97977233769577	3928.11733407172	-1962.05866703586	No	0.998
K12132	3.88265891221103	3923.5716445053	-1959.78582225265	No	0.996
K06949	4.75102278819131	2531.61609035109	-1263.80804517554	No	0.968
K01783	1.17294320218602	1445.30936915734	-720.654684578672	No	0.527
K00949	1.54308802910797	2012.36628333414	-1004.18314166707	No	1.0
K01866	8.39884956408383	1272.1335517666	-634.066775883301	No	0.0
K01876	2.02447021112754	1311.75547149856	-653.87773574928	No	0.459
K01892	2.14045318203148	1660.80110083288	-828.400550416442	No	0.001
K03978	0.907442797415084	1196.91344423393	-596.456722116963	No	1.0
K01338	1.44404394487162	2279.94890044585	-1137.97445022292	No	1.0
K00656	5.98903285303009	4410.91658053025	-2203.45829026513	No	0.864
K04069	5.9213856952927	5583.36683305084	-2789.68341652542	Yes	0.717
K03496	6.77409853479165	1925.65345822655	-960.826729113274	No	0.847
K03497	7.34453933377242	1970.35187237499	-983.175936187493	No	0.546
K03205	42.0262431979937	11197.1654318416	-5596.58271592082	No	0.0
K08600	6.52433010890982	1923.75277987515	-959.876389937574	No	0.842
K07497	72.2461911702654	8464.15853732206	-4230.07926866103	No	0.0
K18220	19.7624108785435	3606.31553887654	-1801.15776943827	No	0.0
K07171	12.7911220140936	8677.95634262047	-4336.97817131024	No	0.0
K14059	29.3296516030403	10833.2310451728	-5414.61552258639	No	0.0
K01945	2.88758448599601	2135.74306658412	-1065.87153329206	No	0.122
K02963	2.91809874868713	903.464121557278	-449.732060778639	No	0.078
K03111	8.45468506771136	959.666378481341	-477.833189240671	No	0.0
K00945	0.564343865736486	996.691582910987	-496.345791455493	No	0.753
K06187	1.05586111869746	1049.45503972714	-522.727519863571	No	0.157
K03581	3.83930151637615	4133.73806332199	-2064.86903166099	No	0.993
K06158	1.7286127107584	2474.81564373277	-1235.40782186639	No	1.0
K03803	2.8713148763848	1743.53686576749	-869.768432883744	No	1.0
K03631	0.82579395430018	1241.58945861441	-618.794729307206	No	0.643
K00858	0.955573569015208	938.503502355088	-467.251751177544	No	0.349
K06442	0.99480929601851	1523.21632201743	-759.608161008713	No	1.0
K01662	2.88078983461612	2464.79225113577	-1230.39612556789	No	0.944
K01496	3.91110059572907	3780.67742197716	-1888.33871098858	No	0.999
K11755	3.08761968927034	2436.13355129869	-1216.06677564935	No	0.999
K01814	4.13864336930048	3179.84058873104	-1587.92029436552	No	0.599
K00765	4.1620281084806	3022.94638014483	-1509.47319007241	No	0.691
K02502	2.99793459992956	2694.38072931998	-1345.19036465999	No	1.0
K01533	5.46703236458116	3452.44665071772	-1724.22332535886	No	0.001
K17686	7.16130492138763	4674.07109405072	-2335.03554702536	No	0.0
K07107	2.87081377840848	1885.57091743332	-940.785458716662	No	0.993
K00873	2.11712641738979	1494.47731386105	-745.238656930524	No	0.79
K06285	1.84263441862921	384.209489193546	-190.104744596773	No	1.0
K01183	6.97913585517798	4993.07243740792	-2494.53621870396	No	0.717
K06306	5.34228646142102	940.091684386714	-468.045842193357	No	0.996
K04758	6.17232971877831	5343.02974825093	-2669.51487412546	No	0.739
K04759	6.05412502897544	5181.58436653589	-2588.79218326794	Yes	0.819
K00548	3.8648395417381	3956.8976940851	-1976.44884704255	No	0.967
K00297	6.56502053480722	4101.51667616498	-2048.75833808249	No	0.264
K03593	0.949681880669721	1731.85756739097	-863.928783695483	No	0.968
K01266	8.46285028009425	5545.97243934203	-2770.98621967101	No	0.299
K03702	4.69775529711906	1067.16583608434	-531.582918042169	No	0.0
K01925	2.19309481541331	2452.72476974823	-1224.36238487411	No	0.524
K02945	0.613827967109509	1050.43538208271	-523.217691041355	No	0.747
K03527	1.04802361122244	1573.51634125589	-784.758170627947	No	0.998
K00655	7.27307003334179	2442.08691655342	-1219.04345827671	No	0.388
K06942	1.85637433491324	2142.30422412531	-1069.15211206265	No	0.535
K03431	0.728747494259063	1490.55104918332	-743.275524591659	No	1.0
K07137	3.85496152150623	3861.1183606129	-1928.55918030645	Yes	0.995
K18672	0.553012734021753	756.315080677037	-376.157540338518	No	1.0
K01881	1.95462387044581	1065.62366757222	-530.811833786109	No	0.179
K01953	9.28902517438649	6481.69949886495	-3238.84974943248	No	0.008
K00014	3.66378053165817	2391.38423079342	-1193.69211539671	No	0.342
K03786	1.95711215572474	2472.1611402044	-1234.0805701022	No	0.993
K00891	3.24674586320747	2585.77820633853	-1290.88910316926	No	0.363
K04518	2.80092274326379	3139.33273939107	-1567.66636969554	No	0.777
K14170	1.98426451984648	1712.40466950226	-854.20233475113	No	1.0
K01736	3.03711546848114	1813.78501586085	-904.892507930424	No	0.725
K00800	3.14702795055837	1877.060518522	-936.530259260999	No	0.693
K01735	3.12738368047315	2380.42369266332	-1188.21184633166	No	0.74
K04517	2.42546486700746	2974.06680086487	-1485.03340043243	No	0.997
K03856	4.23194214768996	2950.39794238885	-1473.19897119442	No	0.968
K01677	3.12199661096569	2203.80143342968	-1099.90071671484	Yes	0.913
K00728	1.64713895731597	1257.38958633666	-626.694793168329	No	1.0
K07112	10.6207647082928	7250.32419824118	-3623.16209912059	No	0.001
K16710	12.6532204301328	6015.0559870942	-3005.5279935471	No	0.0
K06923	2.28748307653797	1631.36498526258	-813.682492631288	No	1.0
K18346	3.87551192685777	3217.74830648689	-1606.87415324345	No	0.992
K01784	9.27973268790001	3692.73895418752	-1844.36947709376	No	0.0
K16786	3.86885470350775	3979.72925796812	-1987.86462898406	No	0.989
K16787	6.45818015853459	4532.36903912846	-2264.18451956423	No	0.817
K16927	9.49228656007055	3003.4674339326	-1499.7337169663	No	0.662
K01821	15.6187981052975	8627.99618272855	-4311.99809136427	No	0.0
K04041	5.53500374255606	1982.62807883522	-989.31403941761	No	0.976
K02121	7.09464394801482	1528.59776945234	-762.298884726169	No	0.76
K02124	4.5983991989677	2417.52286632037	-1206.76143316018	No	0.86
K02123	3.99233353211572	2233.51982792984	-1114.75991396492	No	0.941
K01091	7.77445380633442	4300.04328076827	-2148.02164038414	No	0.02
K23518	13.5698112241727	7795.5477501365	-3895.77387506825	No	0.0
K07118	17.4576904475486	7269.25954077453	-3632.62977038726	No	0.0
K01066	12.5669843124203	7298.32576360952	-3647.16288180476	No	0.0
K01990	3.69278453362671	1778.10079453217	-887.050397266084	No	0.629
K15256	7.22498106759289	4870.25878468325	-2433.12939234162	No	0.606
K04094	1.30514973330652	1225.15093928191	-610.575469640956	No	1.0
K03168	1.10297221767763	1768.32188493833	-882.160942469164	No	0.956
K04096	4.31987736149943	1567.15710305889	-781.578551529444	No	0.0
K03437	2.04373517798255	2585.29856320705	-1290.64928160352	No	1.0
K02887	3.53601605812333	878.846681645356	-437.423340822678	No	0.0
K02916	5.44659599440976	1003.16293805583	-499.581469027913	No	0.0
K02520	8.19824326963128	969.486588039778	-482.743294019889	No	0.0
K03648	2.79592685740577	2580.20543668455	-1288.10271834227	No	0.996
K09816	4.70022059807549	3691.00778210359	-1843.5038910518	No	0.999
K03544	0.725458956941849	919.420751942808	-457.710375971404	No	0.821
K01358	0.4982483567327	620.293650788069	-308.146825394034	No	0.871
K03545	3.2147876372063	988.675627822493	-492.337813911246	No	0.0
K07099	1.24605410796816	513.151343018763	-254.575671509381	No	1.0
K01733	4.85391640815508	2901.15698547616	-1448.57849273808	No	0.484
K01810	3.69669632476704	2639.59225318638	-1317.79612659319	No	0.868
K01912	13.2394923336412	8248.48947821597	-4122.24473910798	No	0.0
K03307	7.99771911606134	6223.0624202364	-3109.5312101182	No	0.143
K05985	0.528443159920004	429.676496180487	-212.838248090243	No	1.0
K03215	2.96346223204308	3281.93115597135	-1638.96557798567	No	0.945
K03716	8.03617688526371	3392.11050438873	-1694.05525219436	No	0.5
K07052	9.894224698524	4743.70317946016	-2369.85158973008	No	0.122
K04068	3.8644663266951	3916.26998028987	-1956.13499014494	No	0.971
K08309	1.44830903867415	1866.02585073862	-931.012925369308	No	1.0
K00859	3.11637693773133	1140.9934821941	-568.496741097052	No	0.003
K02335	1.72247039633155	1335.1911754907	-665.59558774535	No	0.037
K06384	5.53566613390431	4511.90936987144	-2253.95468493572	No	0.926
K05349	11.4374713493512	7059.45182608166	-3527.72591304083	No	0.001
K03327	6.6965630667801	3321.7155264614	-1658.8577632307	No	0.253
K01791	16.7959106548661	9117.64321248422	-4556.82160624211	No	0.0
K02851	4.72782680731715	4774.3484214153	-2385.17421070765	No	0.968
K01867	8.88786179316581	861.641154083282	-428.820577041641	No	0.0
K05825	7.34826378954914	5116.67426664908	-2556.33713332454	No	0.571
K00760	1.54948675806683	1763.91003195026	-879.955015975128	No	0.998
K04075	3.49755373869068	2064.18776519329	-1030.09388259664	No	0.0
K22927	0.705377948475299	519.555630219471	-257.777815109735	No	1.0
K02503	3.96511543219384	1591.29545276292	-793.647726381458	No	0.014
K01872	4.98602165612351	1318.52357346608	-657.261786733038	No	0.0
K07030	1.20974045754312	1563.97996820782	-779.989984103912	No	1.0
K03216	2.03339776238929	2238.31409589322	-1117.15704794661	No	1.0
K07391	2.40223581058507	2790.94231605765	-1393.47115802882	No	0.969
K00868	5.95454932817337	4108.72473608794	-2052.36236804397	No	0.953
K06183	4.16782727073376	3252.00655294406	-1624.00327647203	No	0.999
K05808	1.5314565690358	1997.91636133871	-996.958180669353	No	1.0
K01868	5.15193944983003	935.757473024417	-465.878736512208	No	0.0
K09775	3.21154767400451	1536.01404220368	-766.007021101841	No	0.999
K03602	4.2802323367662	1857.88983959738	-926.944919798689	No	0.945
K03601	5.55021022039761	2437.86361580064	-1216.93180790032	No	0.657
K03625	0.579275678158948	1109.51260592778	-552.756302963891	No	0.264
K19137	21.9077590765226	1409.22930206968	-702.614651034839	No	0.0
K09951	24.7201623745281	9902.72737463566	-4949.36368731783	No	0.0
K09952	27.5537075852652	5131.46132667655	-2563.73066333828	No	0.0
K01267	4.2608600196734	2080.35217353564	-1038.17608676782	No	0.999
K20265	12.9250252748847	4309.2121459001	-2152.60607295005	No	0.074
K01051	19.2865070166855	3927.25839780966	-1961.62919890483	No	0.001
K01740	9.25595542665005	6317.29671784923	-3156.64835892461	No	0.011
K00147	3.35794138583216	3708.1737882486	-1852.0868941243	No	0.906
K03424	2.96009078342645	800.248542122648	-398.124271061324	No	0.001
K01142	3.88452871856825	2607.33129373413	-1301.66564686706	No	0.786
K01151	2.45734019561067	2577.8004972948	-1286.9002486474	No	1.0
K07015	0.841366380515065	661.877828780196	-328.938914390098	No	1.0
K02970	1.04467939534897	1844.78270110549	-920.391350552743	No	1.0
K01154	149.550280852667	12032.4934748795	-6014.24673743977	No	0.0
K03427	149.906897455911	11619.4974775921	-5807.74873879606	No	0.0
K01951	1.29286725551841	1060.33165455404	-528.165827277022	No	0.104
K00764	4.08659361721933	1832.69795213568	-914.34897606784	No	0.293
K01923	2.97968076008607	2012.06220736297	-1004.03110368149	No	0.214
K07114	8.6507550992045	6745.0988212829	-3370.54941064145	No	0.04
K06400	17.6191588027143	8346.81765333733	-4171.40882666866	No	0.0
K03169	4.12469634380934	4352.89368610834	-2174.44684305417	No	0.987
K00571	9.65813473461286	7708.5603440089	-3852.28017200445	No	0.0
K02316	9.85491747575044	1391.70332974412	-693.851664872059	No	0.0
K07727	20.5635674104897	9689.07142811597	-4842.53571405799	No	0.0
K02315	4.73939903785698	4507.22222630993	-2251.61111315497	No	0.232
K00820	3.26289639095383	1712.73076505581	-854.365382527906	No	0.331
K04485	0.63951007706469	1266.46228471406	-631.231142357028	No	0.924
K07736	1.85336893504868	2230.4484301991	-1113.22421509955	No	1.0
K00991	5.79954822459905	5341.68098519819	-2668.84049259909	No	0.789
K03284	6.66536106076483	5307.0746136115	-2651.53730680575	No	0.138
K06199	5.56173364631752	4411.41426110769	-2203.70713055384	No	0.34
K01770	3.87602310557346	3463.17082891239	-1729.5854144562	No	1.0
K06933	6.3426974822688	2401.03899028886	-1198.51949514443	No	0.675
K09779	5.60806605109501	2664.72947440011	-1330.36473720005	No	0.883
K01689	8.87440304172294	1058.73581062344	-527.367905311721	No	0.0
K02357	2.63578956623835	1296.81322272579	-646.406611362895	No	0.031
K02967	1.21703327321499	978.517547461943	-487.258773730971	No	0.308
K02434	1.36002994722741	1946.46929552407	-971.234647762037	No	1.0
K01426	7.27949189729568	2505.07278665514	-1250.53639332757	No	0.903
K02433	2.26571119969258	2831.6019234384	-1413.8009617192	No	0.986
K02435	1.28144572750044	1607.60571936123	-801.802859680615	No	1.0
K19294	9.73299240084532	6312.82828809465	-3154.41414404732	No	0.004
K09759	9.22384047059711	1319.64828598842	-657.824142994209	No	0.827
K07075	25.212744165039	7325.94126649668	-3660.97063324834	No	0.0
K09762	0.40701336193029	630.121550705679	-313.06077535284	No	1.0
K06958	0.82507460727834	1283.8943210108	-639.947160505399	No	1.0
K00075	0.460536579067942	974.586195592416	-485.293097796208	No	0.571
K04477	7.06948755678459	2427.54160162589	-1211.77080081295	No	0.99
K06023	1.39302347413371	1683.29144514014	-839.645722570068	No	1.0
K01442	15.7455304224025	7055.88782654089	-3525.94391327045	No	0.0
K01754	5.45621011391827	3838.33985703519	-1917.1699285176	No	0.515
K09022	6.02984175789312	4619.04576368712	-2307.52288184356	No	0.808
K21739	22.3696734925809	3207.50021532144	-1601.75010766072	No	0.002
K03972	12.0475454531539	5800.90295638062	-2898.45147819031	No	0.001
K00059	5.54897165033357	1596.3728952833	-796.186447641652	No	0.819
K07775	2.75221983405045	708.535587710922	-352.267793855461	No	1.0
K15635	4.71473103054843	1630.25236565196	-813.126182825981	No	0.92
K01939	2.02935138997586	1398.33625606824	-697.168128034119	No	0.215
K03623	18.0829193053718	3565.59053415702	-1780.79526707851	No	0.078
K03282	6.20964157843171	4601.96229292407	-2298.98114646204	No	0.277
K00615	6.19952627107934	1573.27203230608	-784.63601615304	No	0.466
K07507	13.5804528202494	8073.58525965553	-4034.79262982777	No	0.0
K01734	5.03807571870348	4186.84460489236	-2091.42230244618	No	0.982
K05515	1.3399756837241	2151.88682927148	-1073.94341463574	No	1.0
K03571	1.79387345769681	2281.5117884474	-1138.7558942237	No	1.0
K03570	0.808363209062308	1519.48278636891	-757.741393184453	No	1.0
K03569	0.947108061537817	1362.28790279208	-679.143951396042	No	1.0
K06287	2.76612285910132	1757.78159105633	-876.890795528165	No	0.984
K08303	4.82626650858636	4727.35858248019	-2361.6792912401	No	0.977
K09888	1.42239344045331	2099.9000456745	-1047.95002283725	No	1.0
K01515	5.22227418584082	4836.7004666692	-2416.3502333346	No	0.721
K00262	8.60982217352939	6625.31003410983	-3310.65501705491	No	0.039
K00266	5.19895012499182	4313.28716837094	-2154.64358418547	No	0.667
K00528	3.10998343893668	3404.67974615551	-1700.33987307776	No	0.997
K01489	4.10674173125046	3534.6391035	-1765.31955175	No	0.978
K11928	5.99036296809065	4223.48154172884	-2109.74077086442	No	0.943
K01534	9.96198047047561	7392.0892822791	-3694.04464113955	No	0.001
K21903	4.35035153711479	3120.41004213876	-1558.20502106938	No	0.957
K04567	1.34709256815607	1617.92071623633	-806.960358118164	No	0.997
K03624	1.44417907458272	1755.23119213186	-875.615596065928	No	0.745
K03797	0.887918981896407	1120.06623559966	-558.033117799831	No	1.0
K02647	10.0606932413777	3871.63981861391	-1933.81990930695	No	0.608
K00788	10.7895085540537	5995.85352794948	-2995.92676397474	No	0.0
K00878	9.77163420655936	5912.7301521799	-2954.36507608995	No	0.052
K00941	7.81167220533601	5991.80416385577	-2993.90208192788	No	0.09
K03147	7.77096993427192	6044.25748193872	-3020.12874096936	No	0.107
K07217	23.8373946174285	5753.41899164806	-2874.70949582403	No	0.0
K00773	0.996796150957469	1316.5210271583	-656.260513579152	No	1.0
K07568	2.68186459649462	1946.2795298	-971.139764899999	No	0.999
K06381	2.21665251006303	1747.14819863585	-871.574099317924	No	1.0
K00133	2.94749130486392	1850.07272886104	-923.03636443052	No	0.097
K01714	2.84918534207851	1999.9751033778	-997.987551688898	No	0.36
K00215	2.68306662123339	2045.06964839178	-1020.53482419589	No	0.505
K07486	48.8067835222704	11586.3905577213	-5791.19527886064	No	0.0
K03976	5.15351013722489	4607.06775877212	-2301.53387938606	No	0.88
K01873	0.832338949104096	1574.56252488908	-785.28126244454	No	0.03
K07258	1.53379725465033	2035.08660717096	-1015.54330358548	No	1.0
K01586	3.62011723687672	2731.72287002757	-1363.86143501379	No	0.068
K01198	16.6099041203968	6310.40061354176	-3153.20030677088	No	0.0
K07574	0.943403784397436	1167.77800379234	-581.88900189617	No	1.0
K03584	0.906411342861015	1377.90981307937	-686.954906539685	No	0.674
K03595	1.12267135745808	989.54002666049	-492.770013330245	No	0.669
K07042	5.32098117795269	894.622626092748	-445.311313046374	No	0.0
K06217	0.599552025802578	1307.73046128964	-651.86523064482	No	0.974
K02004	3.2292938852973	1168.74267061983	-582.371335309917	No	0.234
K02003	12.1699446339237	2255.02259691659	-1125.51129845829	No	0.001
K00854	11.3902951941669	6883.47553373848	-3439.73776686924	No	0.002
K07095	4.81986298704383	4726.70315114814	-2361.35157557407	No	0.968
K01955	2.73261489887894	3414.18423953542	-1705.09211976771	No	0.712
K03596	1.9137256735812	2016.88473791815	-1006.44236895907	No	0.0
K02968	17.6075472599385	1144.65090814163	-570.325454070816	No	0.0
K19350	11.4860291248934	1951.03526877817	-973.517634389087	No	0.505
K00598	10.8608380608413	3897.01589030335	-1946.50794515167	No	0.775
K13653	13.6982809128879	4918.13098365544	-2457.06549182772	No	0.001
K01685	15.0349102981063	5806.74512832041	-2901.3725641602	No	0.002
K00041	15.6018511025805	4315.35980829087	-2155.67990414543	No	0.026
K00874	12.9663512946638	7952.61048024882	-3974.30524012441	No	0.0
K01812	13.9335837510881	6781.00100773862	-3388.50050386931	No	0.0
K03086	0.786381862803134	1517.0596090144	-756.529804507198	No	0.999
K01129	3.04029426065559	2878.76162028141	-1437.38081014071	No	0.998
K06967	0.870701932348137	1090.14075767558	-543.070378837789	No	1.0
K07164	1.89970638571016	2071.76320008929	-1033.88160004464	No	1.0
K22391	2.57013329184804	2277.3575157398	-1136.6787578699	No	1.0
K06200	8.75700006135019	6317.31707402706	-3156.65853701353	No	0.095
K10947	6.69573718764439	5688.63220247064	-2842.31610123532	No	0.42
K02856	16.704586666301	2343.43044892557	-1169.71522446278	No	0.444
K01815	16.5695932884407	5739.88393848227	-2867.94196924114	No	0.001
K10206	4.04498592118571	2232.47305446108	-1114.23652723054	No	0.94
K01778	2.39640411855352	2571.15771634048	-1283.57885817024	No	0.858
K03308	5.81767660597015	4746.31488930852	-2371.15744465426	No	0.877
K07005	8.96594841421934	6185.10573612306	-3090.55286806153	No	0.046
K15987	3.95258528740933	3081.97796141541	-1538.9889807077	No	0.997
K03723	0.672096527057848	1353.59266340248	-674.79633170124	No	0.253
K01056	2.15753256450347	852.380935486778	-424.190467743389	No	0.0
K04042	1.07892979259836	1744.88484771229	-870.442423856147	No	1.0
K07729	13.9788349944383	8472.10759811709	-4234.05379905854	No	0.0
K13771	9.58713052541724	5852.44454197344	-2924.22227098672	No	0.152
K17472	1.73697463120067	881.125503617604	-438.562751808802	No	1.0
K00928	3.37825176531792	3546.70073873783	-1771.35036936892	No	0.946
K00872	4.16911047984771	4225.53326489311	-2110.76663244656	No	0.981
K00003	2.74450701698147	2749.14122458284	-1372.57061229142	No	0.998
K00783	0.974608341730004	1408.36330525521	-702.181652627603	No	1.0
K03798	1.43134332659951	1819.33008907866	-907.665044539332	No	0.006
K00016	6.28510606153237	4333.4620121216	-2164.7310060608	No	0.801
K07238	8.44647869201602	6027.66690848119	-3011.83345424059	No	0.074
K05919	2.94275543097784	1700.01357557525	-848.006787787627	Yes	0.977
K00633	25.7882020965708	1545.39091357282	-770.695456786411	No	0.009
K00661	17.9901435665369	9022.0429811829	-4509.02149059145	No	0.0
K00384	5.94440224444268	1889.06290696273	-942.531453481366	No	0.0
K03671	1.14596124496885	964.620698713942	-480.310349356971	No	0.904
K03628	0.655070742465094	1083.17223439357	-539.586117196784	No	0.998
K03558	2.13221337551837	2518.68505285292	-1257.34252642646	No	0.993
K06173	1.22574980721701	1322.02844582399	-659.014222911993	No	0.097
K16785	2.87011788890846	3308.29719486901	-1652.1485974345	No	1.0
K16784	11.2937398067909	2523.54688555656	-1259.77344277828	No	0.945
K03664	4.726996158574	790.189411282861	-393.094705641431	No	0.0
K09117	2.14273096272072	2642.80375824701	-1319.40187912351	No	0.998
K15923	13.0253549005598	4179.33903800174	-2087.66951900087	No	0.116
K00375	12.1785328286059	7240.96249553286	-3618.48124776643	No	0.0
K07636	3.21257245255451	3257.13173153354	-1626.56586576677	No	1.0
K02039	3.25935066700972	3049.51932163114	-1522.75966081557	No	0.958
K02036	5.05606653740743	3038.17011595833	-1517.08505797917	No	0.807
K02038	5.01861548131325	3406.59273963065	-1701.29636981532	No	0.728
K02037	4.913403532376	3380.68946216812	-1688.34473108406	No	0.639
K02040	4.03655914475612	2704.85053247947	-1350.42526623973	No	0.685
K03530	2.1272839630221	2652.2725249222	-1324.1362624611	No	0.998
K00088	1.49320029488577	1298.78633159533	-647.393165797663	No	0.285
K21071	4.09483603952441	3247.21965553863	-1621.60982776932	No	0.999
K03310	8.01222875836148	6300.48498649596	-3148.24249324798	No	0.15
K04487	1.77564014568221	1690.83594761014	-843.417973805072	No	0.963
K00700	6.68646232806178	5621.4336484853	-2808.71682424265	No	0.404
K00975	5.37699233846038	4951.59324180123	-2473.79662090061	No	0.891
K00703	5.49356052836148	5084.00971047398	-2540.00485523699	No	0.89
K11312	13.5178960733404	2429.86704572131	-1212.93352286066	No	0.26
K07560	1.54377034706984	2151.37376620679	-1073.68688310339	No	0.997
K02601	0.722988348962458	935.771559537796	-465.885779768898	No	0.405
K03073	8.13073756392169	2688.99680698611	-1342.49840349305	No	0.001
K02913	7.78175162620428	2189.1643967842	-1092.5821983921	No	0.097
K09013	4.3924639516837	3020.77929237437	-1508.38964618718	No	0.992
K06196	3.33162307708124	3289.66012448218	-1642.83006224109	No	0.999
K02030	4.39223737639238	2926.09540164527	-1461.04770082264	No	0.946
K02028	2.3927549606126	2602.36556078047	-1299.18278039024	No	1.0
K10822	1.52978220022256	483.937450681508	-239.968725340754	No	0.813
K23060	11.6715675007884	1466.44291990313	-731.221459951565	No	0.824
K02029	3.23116146201509	3364.75632602024	-1680.37816301012	No	0.994
K02528	4.8691648865486	2036.8796506377	-1016.43982531885	No	0.005
K02428	1.18320233219118	1467.18608154749	-731.593040773743	No	0.264
K01875	3.24830042986437	910.657366549006	-453.328683274503	No	0.0
K09765	3.62010136133055	3300.25750609586	-1648.12875304793	No	0.971
K06959	3.23591746342619	3708.88566916816	-1852.44283458408	No	0.972
K02342	6.33473875766606	1760.41594811142	-878.207974055711	No	0.23
K03763	0.403966475816024	422.802872284467	-209.401436142233	No	1.0
K03526	1.0366092143161	1546.04734117944	-771.023670589722	No	0.999
K10112	5.16356022394728	4967.19800468639	-2481.5990023432	No	0.859
K00145	4.90822306048984	3744.03889638589	-1870.01944819295	No	0.458
K00930	4.61678316472457	3758.64320842504	-1877.32160421252	No	0.703
K05995	16.7066368238892	5773.79329163493	-2884.89664581746	No	0.003
K22468	5.62677328471016	5153.3136110613	-2574.65680553065	No	0.726
K01596	2.44544892636231	1948.56199785454	-972.280998927268	No	1.0
K02372	3.64238074572894	2619.85882583367	-1307.92941291683	No	0.999
K02242	2.51010946624869	3566.91580355381	-1781.4579017769	No	0.965
K19302	8.80318805468474	5560.33726402961	-2778.16863201481	No	0.007
K06409	1.23023155108937	565.384701281363	-280.692350640682	No	1.0
K04762	3.40694103212047	3715.17095401731	-1855.58547700866	No	0.987
K01915	1.94900806277341	1130.19595230793	-563.097976153963	No	0.578
K03320	5.92763405808701	4603.50334107768	-2299.75167053884	No	0.203
K04751	3.75320424642503	3702.6264330166	-1849.3132165083	No	0.989
K03499	6.19504703474936	3615.70502714494	-1805.85251357247	No	0.878
K03498	7.28001025253389	4263.55177643666	-2129.77588821833	No	0.843
K16899	1.79837083848731	2109.75159953449	-1052.87579976724	No	1.0
K01808	4.57323824495009	4229.73792786213	-2112.86896393107	No	0.99
K06897	8.40726496990067	4072.42883034371	-2034.21441517186	No	0.0
K08217	12.8513482310172	5436.31888385983	-2716.15944192992	No	0.0
K03501	2.62762795682647	1533.6021637459	-764.801081872948	No	0.0
K01924	1.47206883342368	1773.90565334202	-884.95282667101	No	0.12
K06412	1.39768538163465	888.978894667496	-442.489447333748	No	1.0
K01657	3.92977679825192	3913.56325933182	-1954.78162966591	No	0.779
K01658	4.34419121728321	3786.49084616838	-1891.24542308419	No	0.703
K00766	4.69089257630499	3169.0928145598	-1582.5464072799	No	0.691
K01609	5.59607665659835	5032.22004491639	-2514.1100224582	No	0.722
K01817	5.42261514061707	2761.80441832014	-1378.90220916007	No	0.666
K01696	5.21274058291107	3808.26677453758	-1902.13338726879	No	0.193
K01695	5.21240351702854	3039.91407955473	-1517.95703977737	No	0.665
K01579	5.15257499178934	4810.42490585386	-2403.21245292693	No	0.897
K01918	3.5090957334074	3384.8202734676	-1690.4101367338	No	0.885
K00606	3.81174444258452	3614.56486592903	-1805.28243296452	No	0.839
K01937	7.47068237522127	1798.22695257231	-897.113476286155	No	0.065
K20534	12.763447204039	7990.39516746333	-3993.19758373166	No	0.0
K02086	1.26807878591671	1398.30698280385	-697.153491401923	No	1.0
K02313	5.5339717530076	972.799488341606	-484.399744170803	No	0.003
K02914	14.1130666061415	6679.69256565875	-3337.84628282938	No	0.0
K03536	18.6813966208218	4606.55524654861	-2301.2776232743	No	0.0
K08998	20.5382155218039	7938.60055355468	-3967.30027677734	No	0.0
K03217	0.615482115460858	783.670899755048	-389.835449877524	No	0.712
K06346	0.709814291583097	1014.97393010602	-505.486965053012	No	1.0
K00821	3.34120528164056	3617.57004319259	-1806.7850215963	No	0.983
K00611	2.29182991842193	2950.16968497433	-1473.08484248716	No	0.968
K01893	1.46457551931647	1761.51582860423	-878.757914302114	No	1.0
K02926	3.18186788185243	1061.2175493341	-528.608774667051	No	0.041
K02892	1.74876566015838	948.538999911161	-472.269499955581	No	0.666
K02965	1.27291023040372	1119.83144542724	-557.915722713618	No	0.328
K02982	5.13905758650932	1247.71021287872	-621.85510643936	No	0.0
K02878	1.46049562488772	954.5355790828	-475.2677895414	No	0.402
K02904	5.65946961633281	2131.44062199947	-1063.72031099973	No	0.91
K02954	9.68087967073263	2371.81012894292	-1183.90506447146	No	0.001
K02881	28.8225105188621	1314.6070678676	-655.303533933801	No	0.001
K02907	1.20922584250696	1776.69209274495	-886.346046372473	No	0.94
K03076	1.41087291250164	921.912453861746	-458.956226930873	No	0.143
K00939	3.19961341837794	2109.27942135108	-1052.63971067554	No	0.389
K01265	4.85728971209996	810.448571387816	-403.224285693908	No	0.001
K02518	17.7602899455001	907.06937439318	-451.53468719659	No	0.0
K02919	11.7266893327201	6538.39963327822	-3267.19981663911	No	0.0
K02948	7.43904895257661	1759.13626272764	-877.56813136382	No	0.078
K05946	8.76862729175819	6429.72671925143	-3212.86335962571	No	0.002
K03152	3.38798487202626	2647.73421901295	-1321.86710950647	No	0.996
K01934	3.12807644360888	1899.99394797747	-947.996973988737	No	0.61
K07082	0.673899556450536	1226.19016717093	-611.095083585463	No	0.964
K00588	4.38358812923472	4548.51638742032	-2272.25819371016	No	0.98
K05837	2.08969847497482	2799.18937611576	-1397.59468805788	No	1.0
K18682	0.584959731399394	907.734219393722	-451.867109696861	No	1.0
K03075	7.57318423751186	1782.44893572874	-889.224467864371	No	0.048
K02469	3.29967563710125	1955.19728360488	-975.59864180244	No	0.0
K13292	0.68937571561706	1074.90102080612	-535.450510403062	No	0.611
K00963	2.08747976981143	2366.44902599116	-1181.22451299558	No	0.997
K14058	1.65675412489489	1806.83815093029	-901.419075465143	No	1.0
K01950	6.47766168681955	4601.7857035679	-2298.89285178395	No	0.882
K18707	1.30210212832258	1610.08281579343	-803.041407896716	Yes	1.0
K11991	0.933368433099996	1842.72502508288	-919.362512541442	No	0.881
K01006	3.80703336990644	4056.33676204353	-2026.16838102176	No	0.995
K07590	1.79167129724639	650.462800654054	-323.231400327027	No	1.0
K02355	2.11995752441668	840.441970668464	-418.220985334232	No	0.159
K02358	68.6258060959366	5724.98425513272	-2860.49212756636	No	0.0
K01159	1.47085999359086	1823.4049064567	-909.702453228351	No	0.999
K01649	4.0501600133519	3184.35066851612	-1590.17533425806	No	0.812
K15270	4.87812527390079	4112.06130310916	-2054.03065155458	No	0.987
K00196	11.8929050896999	1473.83815506251	-734.919077531257	No	0.213
K11105	9.8688543508978	5006.87248805424	-2501.43624402712	No	0.446
K00845	3.5465192839218	3861.91697631971	-1928.95848815985	No	0.997
K03531	2.8815441697504	1582.45460731432	-789.227303657158	No	0.0
K12410	10.1758203932197	6684.70768182025	-3340.35384091012	No	0.0
K03466	2.14006163211778	1011.42992908678	-503.714964543389	No	0.63
K07079	5.39760785501022	1801.46004737025	-898.730023685125	No	0.911
K08978	14.86143019184	5251.98307267816	-2623.99153633908	No	0.0
K03629	0.603121247057718	1191.23136642584	-593.615683212921	No	1.0
K02470	1.57953668431873	2308.90996717867	-1152.45498358933	No	0.001
K01956	3.30901247286122	3137.84677631411	-1566.92338815706	No	0.165
K03737	2.9225042221354	3191.01096210512	-1593.50548105256	Yes	0.986
K03708	0.891303184436867	558.144371957138	-277.072185978569	No	1.0
K03696	3.68537610875055	4114.96579374185	-2055.48289687093	No	0.993
K03218	1.43414776792456	1734.28046006338	-865.140230031688	No	0.817
K09769	1.45635635904585	1361.74361478028	-678.871807390142	No	1.0
K05810	1.39293542828658	1854.28889739914	-925.144448699569	No	1.0
K07056	0.741530227322322	1189.16648386551	-592.583241932753	No	0.063
K10907	3.48555236219605	1303.876719153	-649.938359576499	No	1.0
K01874	1.31934046277832	1239.669482811	-617.834741405499	No	0.093
K01885	1.2030641472188	1303.15942786172	-649.579713930858	No	0.115
K06374	2.81021991786135	2158.16356775178	-1077.08178387589	No	1.0
K06373	3.00908785619991	2158.39515489597	-1077.19757744798	No	1.0
K03925	1.10415716929161	1953.09847843811	-974.549239219054	No	0.99
K03438	5.42059032541211	911.027918076672	-453.513959038336	No	0.0
K03587	2.67573002234522	2760.2727185026	-1378.1363592513	No	0.914
K08384	1.46157862763619	640.515134777839	-318.25756738892	No	1.0
K01928	0.695045238363336	1445.90534208907	-720.952671044537	No	0.195
K01929	1.25315826417249	2203.84394585641	-1099.9219729282	No	0.257
K01000	0.996598496637252	1048.68425008732	-522.342125043659	No	0.686
K03588	2.5749303735039	3061.51330765342	-1528.75665382671	No	1.0
K02563	1.55566012557414	1727.62135553383	-861.810677766914	No	0.022
K00790	1.028782162513	977.808985054345	-486.904492527173	No	0.587
K03589	0.771459778105431	1330.75119107935	-663.375595539675	No	0.916
K03429	5.75529506573256	2021.61266029607	-1008.80633014804	No	0.951
K16898	2.34111443649658	2720.67379560629	-1358.33689780314	No	1.0
K01493	2.69237865912843	3327.64124337561	-1661.82062168781	No	1.0
K06925	4.07338213407674	1285.3678721251	-640.68393606255	No	0.031
K14742	3.52841026332638	2484.88376872506	-1240.44188436253	No	0.513
K00806	3.47407972020295	2959.45607461008	-1477.72803730504	No	0.214
K00981	4.52750377375466	830.972907575836	-413.486453787918	No	0.016
K00099	1.24639661986045	1911.3424828086	-953.671241404298	No	1.0
K11749	1.12346639999129	1175.60498593512	-585.802492967558	No	0.698
K03979	4.93756898595041	1087.13929010693	-541.569645053466	No	0.0
K09787	0.32130628877462	349.480521172678	-172.740260586339	No	1.0
K03106	1.90640318660258	1265.11838441965	-630.559192209824	No	0.0
K06960	0.690061418367387	1020.3265630354	-508.163281517701	No	1.0
K07443	5.60999388255996	3950.95218855998	-1973.47609427999	No	0.97
K02860	0.580748236202543	868.081564260002	-432.040782130001	No	0.83
K00554	6.16074577563337	1028.71229843707	-512.356149218536	No	0.0
K00969	2.17750901966554	1470.84138649929	-733.420693249644	No	0.945
K09710	0.47183548774869	1021.43844767941	-508.719223839703	No	0.892
K01869	0.883231059640482	1171.66686442521	-583.833432212607	No	0.279
K02343	65.4338732192865	3396.38848871867	-1696.19424435933	No	0.0
K09747	1.11137438537995	1247.82812908782	-621.91406454391	No	1.0
K03151	1.29521250156562	1605.18271948888	-800.591359744442	No	1.0
K03742	1.84330308635869	2057.6600014532	-1026.8300007266	No	1.0
K03743	5.17292226449861	4640.12349162632	-2318.06174581316	No	0.926
K06972	2.17067195564472	1421.22011165402	-708.610055827008	No	0.993
K07447	2.35336149444347	1138.46205444989	-567.231027224945	No	0.852
K02005	7.73076078010867	6327.75488603513	-3161.87744301757	No	0.212
K02909	6.86842725414225	1082.64317050289	-539.321585251443	No	0.0
K01625	9.94116326910054	7079.00911239293	-3537.50455619647	No	0.002
K01880	0.942325057469931	1349.41654403741	-672.708272018705	No	1.0
K01585	4.24365171150084	4309.73416146077	-2152.86708073039	No	0.999
K09761	1.90239435336901	1567.95463849759	-781.977319248796	No	0.444
K06518	9.05576683029384	3998.46535822277	-1997.23267911138	No	0.824
K03823	9.85115178753296	7005.22978376236	-3500.61489188118	No	0.0
K03043	28.2585478987552	1381.16873512299	-688.584367561495	No	0.0
K03046	0.898604434848917	1476.88290380412	-736.441451902059	No	0.029
K03892	11.6140302548834	8053.45475015108	-4024.72737507554	No	0.0
K07089	11.7910232198233	7933.88416788608	-3964.94208394304	No	0.0
K07706	9.02810484233417	2303.31905896271	-1149.65952948135	No	0.799
K15342	28.7199388186102	10428.2527093708	-5212.12635468538	No	0.0
K07012	24.910331160402	9464.65439622723	-4730.32719811361	No	0.0
K20459	22.2464974479682	2442.0101174004	-1219.0050587002	No	0.003
K20460	21.1877537283273	2101.23550505473	-1048.61775252736	No	0.011
K20461	20.5371691887968	2719.19471796087	-1357.59735898043	No	0.001
K01738	5.53979175296696	4350.53993216629	-2173.26996608314	No	0.774
K06147	7.0702131506377	3947.80452598561	-1971.9022629928	No	0.166
K03705	0.733386112781264	1223.3743585831	-609.687179291549	No	1.0
K03687	3.50529686042754	716.586100766407	-356.293050383203	No	0.002
K04043	1.12408434798706	1805.95729041574	-900.978645207869	No	0.0
K03686	6.3498834316293	2544.27615028029	-1270.13807514015	No	0.158
K02687	0.618378163252856	1124.10098679663	-560.050493398317	No	1.0
K01126	7.11194321372552	4896.93086310455	-2446.46543155228	No	0.019
K00027	4.47216400608841	4007.73411338891	-2001.86705669445	No	0.987
K03525	1.05096412453347	1703.94299631425	-849.971498157125	No	1.0
K01835	6.937249470194	5862.32843063385	-2929.16421531693	No	0.42
K03824	11.7871842396311	7079.72286814145	-3537.86143407073	No	0.0
K06213	4.59438454495149	3183.56293623682	-1589.78146811841	No	0.963
K00937	4.40784562545551	3757.08873302592	-1876.54436651296	No	0.886
K01938	4.92279243143237	4624.07846666975	-2310.03923333487	No	0.935
K01687	4.87022595766177	3782.88616224229	-1889.44308112114	No	0.411
K01081	9.02001528986591	6242.95664389904	-3119.47832194952	No	0.079
K01524	4.5877889190176	3226.74348862407	-1611.37174431204	No	0.882
K03654	4.50411836988551	4286.11201669263	-2141.05600834631	No	0.873
K03734	10.1083678743319	6644.99591787403	-3320.49795893701	No	0.015
K05364	1.28529071594	834.880882676265	-415.440441338132	No	1.0
K00919	1.54758782274484	2487.70998616154	-1241.85499308077	No	0.952
K06207	3.48219595786035	1583.58811073389	-789.794055366947	No	0.556
K01626	1.49541776790429	1867.26645342653	-931.633226713264	No	1.0
K00688	6.45548746622279	5294.75524633193	-2645.37762316597	No	0.632
K03436	8.69535809396939	3715.42069552154	-1855.71034776077	No	0.823
K00882	8.79051455224479	5101.00935043451	-2548.50467521726	No	0.526
K02768	8.37602111124191	3304.58308977843	-1650.29154488922	No	0.948
K02769	8.79434610786414	5016.40701873127	-2506.20350936564	No	0.638
K02770	7.70231431249569	4875.96891425849	-2435.98445712925	No	0.798
K08483	5.60360819234036	5227.98779153581	-2611.9938957679	No	0.843
K01890	3.06430845119047	1354.05699528161	-675.028497640806	No	0.001
K01889	2.63341914207945	881.866676897719	-438.933338448859	No	0.0
K07301	8.35263399462099	6365.70682741655	-3180.85341370827	No	0.118
K03100	0.509241718907713	846.278727001231	-421.139363500615	No	0.641
K07814	5.34736865068586	4838.71668200778	-2417.35834100389	No	0.862
K07098	5.48266603481295	4687.47349101657	-2341.73674550828	No	0.891
K01611	6.77158120565646	5210.85002232903	-2603.42501116452	No	0.591
K00797	7.4863474263726	5721.63268298734	-2858.81634149367	No	0.363
K01480	8.21973272194341	6101.78543229315	-3048.89271614657	No	0.145
K00290	5.33971266443309	2877.03759017306	-1436.51879508653	No	0.932
K18197	22.8071779968765	2968.09932241841	-1482.04966120921	No	0.005
K13747	6.93603698178226	3407.9715190506	-1701.9857595253	No	0.912
K07040	1.39888346681482	1602.48655214626	-799.24327607313	No	0.956
K02911	10.6597983212196	2151.79840717166	-1073.89920358583	No	0.0
K03977	2.64148215041871	1094.11876460566	-545.059382302829	No	0.001
K08591	1.61482927317148	1919.49503280992	-957.74751640496	No	1.0
K00057	2.90417951184551	1957.8372197881	-976.918609894052	No	0.129
K01686	13.9271400631851	6265.12527168971	-3130.56263584486	No	0.001
K22293	10.1103030263287	5322.31639602632	-2659.15819801316	No	0.05
K01940	4.95149854715	3004.43631822796	-1500.21815911398	No	0.409
K01755	5.20066442144519	3054.37146737135	-1525.18573368567	No	0.352
K00616	3.75110705163099	3215.70580478077	-1605.85290239039	No	0.854
K06153	2.12786653960568	1606.14498868404	-801.072494342021	No	0.943
K07813	7.77894134426644	1541.82871725646	-768.914358628232	No	0.924
K07800	9.5538420695713	1271.45177443405	-633.725887217024	No	0.649
K01179	12.9351680150439	4907.14770651647	-2451.57385325824	No	0.002
K01520	3.67306182629271	2678.17871442367	-1337.08935721184	No	0.973
K21636	4.09090930817646	4516.59262243604	-2256.29631121802	Yes	0.977
K12952	7.96875749267729	2407.19107791466	-1201.59553895733	No	0.98
K04565	11.3325435950917	5520.02162394752	-2758.01081197376	No	0.282
K06915	10.6542173938537	7707.35817952777	-3851.67908976389	No	0.0
K06402	4.40248448213514	3437.83269035714	-1716.91634517857	No	0.981
K09125	5.01265634852858	4606.0451950233	-2301.02259751165	No	0.964
K03980	2.32236111658531	2701.25509614608	-1348.62754807304	No	1.0
K18814	6.01186999647466	2349.58920744367	-1172.79460372183	No	0.45
K07240	8.50000923640952	6746.5281211418	-3371.2640605709	No	0.033
K01652	5.18157251854623	3366.4110062102	-1681.2055031051	No	0.299
K01653	3.58719508488539	2951.75476136996	-1473.87738068498	No	0.932
K00053	4.41064470278476	3237.10605466386	-1616.55302733193	No	0.678
K01703	4.53840256013818	3478.2220884414	-1737.1110442207	No	0.615
K01704	4.31826843859388	3063.04575811479	-1529.5228790574	No	0.787
K00052	5.35965697296379	4250.6773251822	-2123.3386625911	No	0.538
K01567	3.11486034758688	721.561835494688	-358.780917747344	No	0.998
K06188	19.6386928689186	6492.30235040698	-3244.15117520349	No	0.0
K01776	3.91552610367097	2409.70438083789	-1202.85219041895	No	0.835
K01921	0.487383583106555	671.707384978158	-333.853692489079	No	0.82
K03150	5.46847769592639	3325.19743224259	-1660.59871612129	No	0.976
K03565	1.22848732280904	1682.9543024997	-839.477151249852	No	0.999
K14441	1.91290563929945	2670.5862454451	-1333.29312272255	No	1.0
K00995	1.20798343736945	1813.03242489414	-904.516212447068	No	1.0
K03621	0.675590775297532	1151.32784968815	-573.663924844075	No	1.0
K00648	3.1093803288509	2322.468263469	-1159.2341317345	No	0.96
K00459	8.23750562667686	5819.0578399833	-2907.52891999165	No	0.065
K02371	3.50338096409783	2632.15890409868	-1314.07945204934	No	0.999
K00645	5.22033948353896	3166.14879813446	-1581.07439906723	No	0.463
K02078	1.2753585297678	622.32112719191	-309.160563595955	No	0.954
K09458	2.42138661484146	2546.51964827015	-1271.25982413508	No	0.961
K03830	21.5957241880321	5657.28386735964	-2826.64193367982	No	0.0
K03685	2.81431223652008	1470.44909758423	-733.224548792116	No	0.05
K07738	0.842649537247557	1283.61354238014	-639.806771190071	No	1.0
K09748	0.56615475499613	1022.33958348371	-509.169791741854	No	0.992
K07742	2.98893223024638	3555.22258798665	-1775.61129399333	No	1.0
K02834	3.22735501869581	841.805849781413	-418.902924890707	No	0.03
K06881	0.96485000809348	1374.96827909962	-685.484139549808	No	1.0
K03177	4.34321683609783	1700.98035116681	-848.490175583405	No	0.0
K11753	2.37518722710792	1185.70249931381	-590.851249656904	No	0.292
K03324	6.56698906100249	5389.79223336832	-2692.89611668416	No	0.667
K03699	3.26565152219556	2378.98729553012	-1187.49364776506	No	0.494
K01571	6.04793768152897	1024.45656468533	-510.228282342664	No	0.992
K20509	4.07740334545729	2864.63078564348	-1430.31539282174	No	0.986
K23351	4.93766381441764	2081.54347828874	-1038.77173914437	No	0.911
K23352	4.66477633705943	1680.00645712279	-838.003228561393	No	0.776
K01604	6.93618626542969	1030.0042246299	-513.002112314948	No	0.913
K01966	3.01789418819796	2920.74821615634	-1458.37410807817	No	1.0
K06178	2.02743513527088	2590.36894104654	-1293.18447052327	No	0.79
K01624	5.13576760806613	3153.50092959251	-1574.75046479626	No	0.824
K03660	1.5317199930734	600.969676681922	-298.484838340961	No	0.999
K01926	1.40047680514872	1409.84233275039	-702.921166375194	No	1.0
K04749	4.30087353851046	4555.2261764983	-2275.61308824915	No	0.96
K06378	3.29864904010992	1372.00211695082	-684.001058475409	No	1.0
K04757	4.18129254431577	4501.93723808879	-2248.96861904439	No	0.981
K00954	2.35307727161515	1012.1890308493	-504.094515424651	No	0.061
K08316	0.924535841631975	1392.35826929398	-694.179134646988	No	0.358
K16511	0.307946180694505	299.15571315752	-147.57785657876	No	1.0
K13052	2.91183417557237	1304.37475748381	-650.187378741905	No	1.0
K07571	1.32492837581032	684.156671393334	-340.078335696667	No	1.0
K07340	8.75398085309158	5061.24304094162	-2528.62152047081	No	0.458
K18189	4.49782845796069	2086.4531155141	-1041.22655775705	No	0.396
K03547	7.8456548031497	5234.98426300489	-2615.49213150245	No	0.289
K03655	1.16377042201513	1754.01399317458	-875.006996587288	No	0.538
K15633	1.47139777333923	1947.14067387256	-971.57033693628	No	1.0
K01803	2.47233410051247	1498.01756483249	-747.008782416245	No	0.388
K16788	7.43226242382321	705.640234173703	-350.820117086851	No	0.989
K10212	21.9915105290836	1559.12989999414	-777.564949997071	No	0.002
K00763	6.65262924249879	4114.70250360557	-2055.35125180279	No	0.667
K00948	20.6495853881881	966.530308822708	-481.265154411354	No	0.0
K06168	0.980028887038412	1775.03397735608	-885.51698867804	No	0.977
K03555	0.990363064340568	1934.23433746342	-965.117168731709	No	1.0
K03572	1.1029861859704	2140.79467072224	-1068.39733536112	No	0.999
K00791	1.28605470788227	1558.58212490742	-777.29106245371	No	0.012
K06997	0.645641522534249	1119.34669995923	-557.673349979617	No	0.982
K09772	0.594688428654328	760.260245501542	-378.130122750771	No	1.0
K04074	1.52506409678296	1566.25978618097	-781.129893090484	No	1.0
K03101	4.2011008402811	1015.75872974723	-505.879364873617	No	0.18
K06180	3.8157799447158	1715.95375618933	-855.976878094663	No	0.0
K02825	1.31654477501426	1713.03277078244	-854.51638539122	No	1.0
K00609	2.25247116618302	1907.11631461455	-951.558157307277	No	0.534
K01465	4.06195204317284	3393.06669430132	-1694.53334715066	No	0.925
K01591	1.87633430892851	2133.377999033	-1064.6889995165	No	0.308
K02823	2.45034718453049	2368.82711561842	-1182.41355780921	No	0.999
K17828	2.46231197024066	2679.666043782	-1337.833021891	Yes	1.0
K00762	1.74892561224271	1558.47329562475	-777.236647812375	No	0.319
K03630	1.31618787804568	1752.05585143169	-874.027925715847	No	1.0
K06950	6.36494833700294	4969.06702572743	-2482.53351286371	No	0.822
K03704	3.23404825503491	2558.11942807371	-1277.05971403686	No	0.956
K04083	1.15282477916772	1501.88464343287	-748.942321716435	No	1.0
K00046	22.6662107058973	5786.71165142097	-2891.35582571049	No	0.0
K03523	3.18829320156008	3423.90238660717	-1709.95119330358	No	1.0
K01621	9.99623211349779	4824.01078437237	-2410.00539218618	No	0.496
K01209	13.4260952874988	5368.6301071012	-2682.3150535506	No	0.003
K01207	7.07299242710162	5047.8973194311	-2521.94865971555	No	0.225
K12574	1.07136471737685	1250.34427113929	-623.172135569647	No	1.0
K01737	6.49582357420934	5492.75786498746	-2744.37893249373	No	0.476
K10026	4.75992962076155	4661.60434321204	-2328.80217160602	No	0.954
K01495	4.34022880784476	3077.8803686002	-1536.9401843001	No	0.922
K06920	4.37981952070231	4441.20519895003	-2218.60259947501	No	0.976
K09457	3.80781990405093	3113.72705247109	-1554.86352623555	No	0.996
K07478	3.74647244671099	1413.93661032088	-704.968305160438	No	0.236
K00600	7.68819935421416	1634.33570303925	-815.167851519623	No	0.038
K10773	1.08425627576815	1384.77000826725	-690.385004133626	No	0.951
K01012	5.83162063631012	5144.77764334893	-2570.38882167447	No	0.419
K02902	4.54101325327705	1593.03698160693	-794.518490803463	No	0.0
K01728	24.6702481899731	3196.2196281102	-1596.1098140551	No	0.007
K00997	2.48822239529242	2968.43966100098	-1482.21983050049	No	0.998
K17758	8.36730942855809	4143.56240421105	-2069.78120210552	No	0.008
K17759	4.93452083823883	4303.53620927313	-2149.76810463657	No	0.509
K01775	0.566641408052321	1113.53290299229	-554.766451496145	No	0.718
K04070	4.39655596587131	1548.07247431174	-772.036237155871	No	0.949
K02108	1.89498937945903	1574.39333181812	-785.19666590906	No	0.843
K02110	7.18233672733266	4680.5932924721	-2338.29664623605	No	0.618
K02109	2.26635363249572	1410.03927792312	-703.019638961559	No	0.721
K02111	2.29554646646328	1606.25029508039	-801.125147540197	No	0.692
K02115	2.75459082379629	1997.93942261532	-996.969711307658	No	0.554
K02112	2.42295166378313	1605.57647229232	-800.788236146159	No	0.595
K02114	3.73992853865352	3149.40546555515	-1572.70273277757	No	0.976
K07456	0.706147367771423	952.400281123865	-474.200140561933	No	1.0
K07462	0.72389960475695	1216.9634771598	-606.481738579899	No	1.0
K00951	0.490446445069991	711.778971132468	-353.889485566234	No	0.902
K01069	2.92646240100122	2305.26078851658	-1150.63039425829	No	0.977
K22132	1.76840338483734	2012.5130752821	-1004.25653764105	No	1.0
K00058	6.0165595640499	3734.99950769622	-1865.49975384811	No	0.638
K00831	2.60730851018521	2419.52723340735	-1207.76361670368	No	0.995
K02337	1.67356452900543	2269.22681572597	-1132.61340786299	No	0.0
K03524	4.30214204678364	3241.5557945854	-1618.7778972927	No	0.134
K02493	4.07887802621922	2874.36145075581	-1435.18072537791	No	0.196
K01155	47.5094290944545	3802.55602185739	-1899.27801092869	No	0.0
K06223	29.0117631652606	9931.28651033402	-4963.64325516701	No	0.0
K00640	5.16319289004288	3341.3070023918	-1668.6535011959	No	0.865
K01883	0.869985702496993	1543.78849433984	-769.89424716992	No	0.029
K11145	0.569140943505536	481.618339683817	-238.809169841908	No	1.0
K01972	2.36011900854085	952.892228282283	-474.446114141142	No	0.0
K00962	0.660848918261832	1133.10955064119	-564.554775320595	No	0.964
K07124	8.96598899092801	6989.42106367911	-3492.71053183955	No	0.014
K01870	0.7220783465395	1542.10071167493	-769.050355837463	No	0.025
K04072	5.98269881595635	3431.14016818098	-1713.57008409049	No	0.965
K00334	2.70905211638695	3018.86026782676	-1507.43013391338	No	1.0
K07053	3.76970465028993	3948.91941469158	-1972.45970734579	No	0.996
K17992	5.76457402463908	981.796652724634	-488.898326362317	No	0.953
K00335	3.4835085913966	3778.54830343614	-1887.27415171807	No	0.998
K18331	7.34278929525223	1133.80927713922	-564.904638569611	No	0.813
K18332	7.13712098885589	1312.7272147974	-654.3636073987	No	0.788
K07045	14.5016242995649	7082.43588521409	-3539.21794260705	No	0.0
K19955	6.77581658645294	1186.70580991411	-591.352904957057	No	0.984
K03210	1.47575524550833	1221.15891529602	-608.57945764801	No	0.947
K06871	11.0129976296299	7833.9496362537	-3914.97481812685	No	0.0
K09163	6.12171152977706	923.541948078068	-459.770974039034	No	0.901
K04066	0.735775207283506	1584.47155883283	-790.235779416413	No	0.034
K13038	2.35237765093882	2220.82865692398	-1108.41432846199	No	0.699
K03060	1.49225214993179	1358.78716512951	-677.393582564754	No	1.0
K00942	1.97530344584305	1499.06467997245	-747.532339986226	No	0.133
K09777	1.05856921182365	699.559588871265	-347.779794435632	No	1.0
K21471	3.56314409270858	2629.78203437437	-1312.89101718719	No	0.999
K02340	5.09840863453836	1828.1547251712	-912.077362585601	No	0.001
K01176	12.7818026899752	5567.29861475997	-2781.64930737998	No	0.031
K03088	3.01664205373816	2536.87754130464	-1266.43877065232	No	0.99
K01952	1.4215131139919	1794.80883356645	-895.404416783227	No	1.0
K03783	3.36116917824128	3614.29976434683	-1805.14988217342	No	1.0
K07173	3.52943734397473	2654.83500371613	-1325.41750185806	No	1.0
K12960	6.53417292839148	5288.40841633169	-2642.20420816585	No	0.445
K01588	3.1615503135033	1987.02954893307	-991.514774466536	No	0.247
K01933	3.39753259227284	2015.74292930934	-1005.87146465467	No	0.201
K11175	4.85065939624988	3162.71502348319	-1579.35751174159	No	0.194
K00602	4.07821858904329	1764.03117332825	-880.015586664125	No	0.342
K03469	4.09938474328711	2640.61765890339	-1318.3088294517	No	0.956
K04488	2.84751371534585	3347.56079884497	-1671.78039942249	No	0.998
K00566	1.81631123646667	2324.75516419146	-1160.37758209573	No	0.903
K03657	0.793865534677316	1196.56081881545	-596.280409407723	No	0.194
K00567	10.6037155804255	7085.71455167653	-3540.85727583827	No	0.0
K19091	9.75299674151254	3894.41036540631	-1945.20518270315	No	0.0
K01153	150.48634109365	12172.9890247105	-6084.49451235524	No	0.0
K07304	6.85723222971946	2708.58010709943	-1352.29005354972	No	0.161
K00852	7.07023737051786	5813.10932007104	-2904.55466003552	No	0.191
K02529	5.32853529367117	4940.09347003841	-2468.04673501921	No	0.405
K13075	26.4002388889652	7260.87291287284	-3628.43645643642	No	0.0
K10439	11.7930055171473	7450.4857729619	-3723.24288648095	No	0.0
K02057	11.2758620310251	6650.80758652579	-3323.40379326289	No	0.003
K10440	12.3249359666015	7206.43338672972	-3601.21669336486	No	0.0
K00286	3.73261217781419	2153.2256987903	-1074.61284939515	No	0.276
K01756	1.91344510231602	1849.22791182939	-922.613955914694	No	0.198
K07460	0.947770775713986	1985.32726502706	-990.66363251353	No	0.999
K03470	1.70093103377731	1315.31803807173	-655.659019035864	No	0.009
K14540	1.32738082087185	1439.7869879339	-717.89349396695	No	1.0
K03110	2.27728240055383	1437.82106689545	-716.910533447723	No	0.023
K03529	2.17779980559388	3609.6123441926	-1802.8061720963	No	0.934
K15532	18.0878683464097	5065.85653112372	-2530.92826556186	No	0.0
K06206	4.0490333768448	2779.10404311429	-1387.55202155715	No	0.999
K22278	8.62174994339686	4484.51064240625	-2240.25532120313	No	0.432
K00537	5.33027884841895	4889.77528059099	-2442.88764029549	No	0.761
K06962	2.28563536403315	1553.60404088052	-774.802020440262	No	1.0
K15223	16.6369461908193	670.331166709773	-333.165583354886	No	0.961
K01451	7.58022591799599	2484.24558009015	-1240.12279004508	No	0.994
K15738	3.3554307937597	3336.13795171674	-1666.06897585837	No	0.919
K15792	0.523949293050924	314.1296220737	-155.06481103685	No	0.991
K03590	0.682797814367472	1109.770713415	-552.8853567075	No	1.0
K02535	1.17129698693395	1237.05369264896	-616.526846324481	No	1.0
K07795	11.1805699507816	6152.2218210314	-3074.1109105157	No	0.05
K03719	4.3704019704262	4490.0819282242	-2243.0409641121	No	0.963
K05800	6.08213008665153	2008.3332234818	-1002.1666117409	No	1.0
K07232	3.97427678810198	1259.09693364846	-627.548466824231	No	1.0
K12973	9.01407865266427	646.378786914533	-321.189393457267	No	0.998
K10806	4.16647905336192	2251.70944706538	-1123.85472353269	No	1.0
K01897	2.39890977160745	2882.26269425775	-1439.13134712887	No	0.997
K01092	2.71721638888612	2902.7210342748	-1449.3605171374	No	0.999
K15461	1.67407723031037	1183.39722951911	-589.698614759556	No	1.0
K03406	3.63711933283013	3779.71066242221	-1887.85533121111	No	0.997
K03711	2.25365948617349	2731.10566772794	-1363.55283386397	No	1.0
K03928	5.30997962314296	4198.04555810836	-2097.02277905418	No	0.899
K06940	5.78464100149705	4999.35130104466	-2497.67565052233	No	0.864
K01246	6.57673092869499	5129.03361911122	-2562.51680955561	No	0.21
K07290	12.6049040077492	1767.402742066	-881.701371032998	No	0.979
K01118	13.0063193859601	7321.31909356532	-3658.65954678266	No	0.0
K03286	2.61091267066566	3085.1437329775	-1540.57186648875	No	1.0
K01724	3.39817382658664	3570.30165594261	-1783.15082797131	No	1.0
K05712	15.8560704221075	4055.60421303146	-2025.80210651573	No	0.289
K00992	1.53163524641502	1082.73938513022	-539.369692565112	No	1.0
K07102	1.8398045004744	1314.71655120335	-655.358275601675	No	1.0
K04744	0.902649319607108	1217.4733965131	-606.73669825655	No	1.0
K03771	1.39583114083324	1489.85446968851	-742.927234844255	No	1.0
K00865	5.49172454759799	4858.30438696022	-2427.15219348011	No	0.867
K06445	5.94919674465247	1915.79448462019	-955.897242310096	No	0.999
K01759	3.81626079950429	4025.28975481036	-2010.64487740518	No	0.994
K03430	23.5788468552791	4294.9235625636	-2145.4617812818	No	0.0
K07043	7.11607212060802	5616.51207477635	-2806.25603738817	No	0.247
K03273	6.16433334603511	5376.85019112917	-2686.42509556458	No	0.681
K01879	1.52658117325016	1883.01956040317	-939.509780201584	No	1.0
K01878	1.08368166321078	1415.09955577295	-705.549777886477	No	1.0
K01692	4.65268640811353	4476.79205955904	-2236.39602977952	No	0.957
K01676	3.9933647122304	3120.07864374093	-1558.03932187046	No	1.0
K07749	11.6880359100131	4423.4504665085	-2209.72523325425	No	0.39
K00626	4.94877137151289	3372.95517798965	-1684.47758899483	No	0.853
K07068	13.3850151459826	5009.63378708902	-2502.81689354451	No	0.018
K15866	7.36388663306852	4576.09281267727	-2286.04640633864	No	0.897
K09709	19.9165679431739	2988.24176509743	-1492.12088254872	No	0.122
K18291	26.6154422233348	455.537620882321	-225.768810441161	No	0.958
K18289	26.8090620645489	1029.47235251469	-512.736176257344	No	0.767
K01644	5.69987754191489	5414.40646488708	-2705.20323244354	No	0.795
K18292	30.4338668929819	961.226795349853	-478.613397674927	No	0.652
K00950	5.32065285512622	2624.12515415159	-1310.06257707579	No	0.635
K00970	1.30719539565059	1347.24798153029	-671.623990765146	No	1.0
K10763	1.03885661799636	415.161111403697	-205.580555701849	No	1.0
K03975	3.75507362914427	3431.39426629357	-1713.69713314678	No	1.0
K16087	14.0013671363105	4786.33648420924	-2391.16824210462	No	0.244
K01679	5.07010186386708	4554.98555192194	-2275.49277596097	No	0.765
K07088	8.57194177044675	6670.0905235977	-3333.04526179885	No	0.001
K00681	7.57133280935539	5985.36078004665	-2990.68039002332	No	0.232
K01433	4.64814586587461	4303.93963832915	-2149.96981916458	No	0.99
K00275	2.7653548871073	3208.78347166216	-1602.39173583108	Yes	1.0
K13888	15.520556551866	2706.61733514452	-1351.30866757226	No	0.867
K05685	14.5517444928653	2966.08545583023	-1481.04272791511	No	0.849
K05710	6.84417220539605	4683.09434078332	-2339.54717039166	No	0.758
K01996	4.70164182132073	4536.75391019234	-2266.37695509617	No	0.969
K01995	4.72471239974632	4575.86203362514	-2285.93101681257	No	0.969
K01998	5.05191271009205	4846.68567528247	-2421.34283764123	No	0.939
K01999	5.4582203475298	5055.26998887267	-2525.63499443634	No	0.826
K01485	16.3570164960929	7421.28985461233	-3708.64492730617	No	0.0
K02035	4.15179588186261	3372.97755030975	-1684.48877515487	No	0.869
K02033	3.58591813447879	2715.80305163932	-1355.90152581966	No	0.94
K02034	3.22499516608029	2570.69181032354	-1283.34590516177	No	0.958
K02031	3.23016139159875	2932.82418464047	-1464.41209232023	No	0.974
K02032	3.25658224340193	2905.12933904567	-1450.56466952284	No	0.97
K00662	17.4211670545838	4136.96170475671	-2066.48085237836	No	0.0
K06020	1.42283934913636	1858.62891555467	-927.314457777333	No	1.0
K04062	12.1315149103932	2902.93696296911	-1449.46848148455	No	0.867
K03608	2.13480766464773	1991.60310547862	-993.80155273931	No	1.0
K03609	2.03941294152452	2273.53595753681	-1134.7679787684	No	1.0
K03610	2.05372557066758	2198.61187906224	-1097.30593953112	No	1.0
K01640	4.50857967697501	4091.31685391738	-2043.65842695869	No	0.997
K01886	1.92935375229512	2066.94963591487	-1031.47481795744	No	1.0
K07659	2.88267848109376	819.403424429311	-407.701712214656	No	1.0
K07638	3.16020607503607	1636.42687129519	-816.213435647596	No	1.0
K22589	17.9334750008198	2016.53809449916	-1006.26904724958	No	0.765
K01262	5.37302475403532	4369.71988895596	-2182.85994447798	No	0.641
K01531	20.8776933481943	5625.48441549159	-2810.74220774579	No	0.0
K02351	4.93274985696186	4131.249809371	-2063.6249046855	No	0.961
K01423	2.8078131697301	2557.50560350194	-1276.75280175097	No	1.0
K07019	7.48954984298913	1949.1978149416	-972.5989074708	No	0.999
K02014	1.22697952908685	1605.96013365946	-800.980066829729	No	1.0
K02146	3.87706693704792	2277.3735492544	-1136.6867746272	No	0.516
K11927	3.34032548557813	3041.80295624318	-1518.90147812159	No	1.0
K00254	1.41394908913256	1863.83764176979	-929.918820884895	Yes	1.0
K21420	1.32452053729168	1029.33131203419	-512.665656017094	No	1.0
K00684	1.72045697824629	2041.95658342021	-1018.9782917101	No	1.0
K18453	3.06652252990806	954.467202540109	-475.233601270054	No	1.0
K18900	11.0429967305119	3256.87356151146	-1626.43678075573	No	0.893
K15977	7.1622948397214	6162.88308234824	-3079.44154117412	No	0.165
K07733	18.5610776276297	6904.04073883872	-3450.02036941936	No	0.0
K12055	44.0440543090158	2094.9711610361	-1045.48558051805	No	0.0
K08365	23.9252178985054	5679.58145677624	-2837.79072838812	No	0.0
K08363	32.9923011532984	5396.37094014909	-2696.18547007455	No	0.0
K08364	27.7194186910431	4005.41118569744	-2000.70559284872	No	0.0
K00520	73.434430477681	5954.95677969497	-2975.47838984749	No	0.0
K12071	37.3545344566219	3169.94070029764	-1582.97035014882	No	0.0
K12070	42.9504056892385	2806.64353495695	-1401.32176747848	No	0.0
K03325	19.1670594778229	9633.86636949783	-4814.93318474891	No	0.0
K03741	13.6095026126964	8552.31533816372	-4274.15766908186	No	0.0
K02483	5.68555142365694	5217.76913590036	-2606.88456795018	No	0.841
K22552	21.2689576110292	7543.14924242806	-3769.57462121403	No	0.0
K07233	14.8202667662557	3166.08012019382	-1581.04006009691	No	0.492
K07156	8.38455237791288	4927.63775351636	-2461.81887675818	No	0.883
K07245	7.73580676840625	4706.35219600113	-2351.17609800056	No	0.944
K07492	18.7638436081194	7505.82010791292	-3750.91005395646	No	0.0
K06186	1.76749593604478	1057.93547096353	-526.967735481764	No	1.0
K01772	1.58489576489733	1948.2362502108	-972.1181251054	Yes	1.0
K07263	2.5169285044597	3124.31726338742	-1560.15863169371	No	0.999
K09989	4.46837511896253	1997.20953236937	-996.604766184685	No	1.0
K00031	5.14842961063089	4763.43685164634	-2379.71842582317	No	0.897
K02847	12.3616162586599	4488.02239850406	-2242.01119925203	No	0.277
K07667	11.6890772032984	6527.28273999348	-3261.64136999674	No	0.006
K07646	12.6465546067957	7563.12853168072	-3779.56426584036	No	0.0
K01545	18.9651941098468	2909.0393732458	-1452.5196866229	No	0.389
K14393	6.90716668824392	5175.04331946019	-2585.5216597301	No	0.736
K03297	16.1996221998987	7600.94450618631	-3798.47225309316	No	0.0
K03634	1.1401948630226	1499.19958913484	-747.599794567418	No	1.0
K06015	15.7708879427738	5586.59135568154	-2791.29567784077	No	0.0
K01753	14.4305666777017	5255.79891300553	-2625.89945650276	No	0.109
K11206	4.29540595914543	3613.40816214394	-1804.70408107197	No	1.0
K00019	8.73951515799389	5281.78075126539	-2638.89037563269	No	0.631
K09861	2.95527852433825	3052.11881926733	-1524.05940963366	No	1.0
K17103	2.54913578530229	2863.05503539991	-1429.52751769995	No	1.0
K07017	17.5935485115179	6522.63753964771	-3259.31876982386	No	0.0
K07165	10.399560816471	4523.35905324238	-2259.67952662119	No	0.656
K23514	11.2520257932319	6749.71830456555	-3372.85915228277	No	0.027
K01501	35.0739088771663	3785.83044430746	-1890.91522215373	No	0.0
K00344	5.19662441363642	5162.98872184576	-2579.49436092288	No	0.874
K07093	10.6084879077241	5975.83736359345	-2985.91868179673	No	0.066
K07078	9.79188417077959	2911.98380665135	-1453.99190332568	No	0.808
K16088	21.2027157452829	2972.8842117855	-1484.44210589275	No	0.364
K07649	15.4087780193831	2398.79823525936	-1197.39911762968	No	0.952
K07774	24.994359087189	1599.63021714165	-797.815108570823	No	0.898
K03300	22.5550412956342	4884.52233283327	-2440.26116641664	No	0.001
K00023	3.51578534386955	2148.23318549849	-1072.11659274925	No	1.0
K09984	22.1152372420001	3388.89908529507	-1692.44954264754	No	0.043
K09781	9.59700445272863	4440.36995366185	-2218.18497683093	No	0.896
K03566	2.69819615279317	1926.43281152518	-961.216405762591	No	1.0
K17850	29.9120870780729	1867.30864345758	-931.654321728788	No	0.43
K17836	14.0475269666627	8016.5622601413	-4006.28113007065	No	0.0
K16091	16.4438086533952	3979.20841818895	-1987.60420909447	No	0.048
K19200	23.9168970947707	4528.36863200564	-2262.18431600282	No	0.0
K18303	10.3421480915594	1125.28778593163	-560.643892965816	No	0.99
K02168	16.5517146068718	5595.96838301968	-2795.98419150984	No	0.007
K18139	10.5020364068437	2345.23557947338	-1170.61778973669	No	0.977
K18138	6.64744737936225	2976.60600311413	-1486.30300155706	No	0.998
K03585	7.70884831853555	3294.60587211288	-1645.30293605644	No	0.983
K03651	9.53994301300895	5478.48696921793	-2737.24348460896	No	0.511
K00332	2.3196958905737	1721.61879989126	-858.809399945631	No	1.0
K00333	2.5810723706852	2589.44643073991	-1292.72321536996	No	1.0
K00336	4.20693337956644	2525.70224400348	-1260.85112200174	No	1.0
K00337	2.74266233480921	2979.02504670394	-1487.51252335197	No	1.0
K00338	2.16163811478983	2589.98807304283	-1292.99403652142	No	1.0
K00339	2.38456050656543	2771.7516642827	-1383.87583214135	No	1.0
K00340	2.01215850753781	2508.09252514096	-1252.04626257048	No	1.0
K00341	2.40899464254297	2803.3491600452	-1399.6745800226	No	1.0
K00342	2.713847899118	2755.02704450046	-1375.51352225023	No	1.0
K00343	2.33728859137991	2867.45668490627	-1431.72834245314	No	1.0
K16090	9.1975231727246	2297.82263590715	-1146.91131795357	No	0.969
K01079	2.09207217619499	2441.65199157703	-1218.82599578851	No	1.0
K04756	10.3477417302966	2318.6500840515	-1157.32504202575	No	0.951
K21929	5.13845876907144	4914.22341894766	-2455.11170947383	No	0.931
K08227	5.10928333647858	718.766533054807	-357.383266527403	No	1.0
K03769	3.97793855461405	3199.83376520253	-1597.91688260127	No	0.997
K05527	1.30288118388056	1048.5067737865	-522.253386893252	No	1.0
K06190	1.30292215783402	970.244393585278	-483.122196792639	No	1.0
K07305	5.48155212320723	4865.00415686329	-2430.50207843165	No	0.512
K16783	13.2573036331556	2179.17361924544	-1087.58680962272	No	0.851
K01114	15.3820686556435	3971.95031614562	-1983.97515807281	No	0.36
K01997	5.24297159035785	4991.49265365683	-2493.74632682842	No	0.88
K05973	2.34611771753039	1111.20238677246	-553.60119338623	No	1.0
K05524	1.1234499825227	1479.86635069322	-737.933175346612	No	1.0
K09933	7.08466676606318	2514.37877232086	-1255.18938616043	No	0.989
K03762	15.9698635062332	4913.9175129727	-2454.95875648635	No	0.196
K01438	9.17706113970234	5582.38202980143	-2789.19101490072	No	0.362
K01963	2.73202124300699	3334.26207557885	-1665.13103778943	No	0.97
K12976	14.5289320218475	1118.07465086032	-557.03732543016	No	0.987
K08300	2.03736742412925	1340.6764782886	-668.3382391443	No	1.0
K06179	0.918213656429361	907.239842299123	-451.619921149561	No	1.0
K07147	6.10962251681439	2314.66448538469	-1155.33224269234	No	1.0
K17247	7.30832361615284	2993.49814655379	-1494.74907327689	No	0.985
K11066	6.16467946623724	809.970437853469	-402.985218926735	No	1.0
K03597	1.85242558359627	702.451169611209	-349.225584805605	No	1.0
K03598	3.02459035160808	910.138890927309	-453.069445463655	No	1.0
K04771	1.96619879459425	1714.51756344089	-855.258781720444	No	1.0
K06987	8.36052621852903	4841.49793038627	-2418.74896519313	No	0.543
K03301	14.2611131126117	2577.01779384517	-1286.50889692259	No	0.185
K19416	1.06726789240098	539.046514585946	-267.523257292973	No	1.0
K02339	0.579308459825607	541.414295458302	-268.707147729151	No	1.0
K01255	2.66864985253712	2931.2277060126	-1463.6138530063	No	0.999
K07091	1.07998720311018	1273.59585140687	-634.797925703433	No	1.0
K00140	7.29947629539426	5577.67323083634	-2786.83661541817	No	0.683
K01908	8.26379270320439	3784.29496954806	-1890.14748477403	No	0.936
K11477	21.3502277156994	7965.08179840715	-3980.54089920357	No	0.0
K06902	5.48761617091877	4534.70846217773	-2265.35423108886	No	0.936
K01895	2.5189902032499	3069.01126536445	-1532.50563268222	Yes	1.0
K01620	6.72602689776995	5454.55339727204	-2725.27669863602	No	0.415
K00311	1.50489955255643	1229.72667109514	-612.863335547568	No	1.0
K01028	8.50705337535052	3790.17195170609	-1893.08597585304	No	0.903
K01029	6.6817757400668	4674.49572951307	-2335.24786475653	No	0.971
K02348	8.744606708641	5793.39753679586	-2894.69876839793	No	0.418
K13051	10.5034664845839	3894.55940420764	-1945.27970210382	No	0.629
K13892	20.3930087663476	1227.61977048081	-611.809885240403	No	0.966
K15581	7.42353196731113	5503.61915280936	-2749.80957640468	No	0.498
K16203	10.7501429708866	3394.4936532354	-1695.2468266177	No	0.406
K05589	1.82456284357779	1461.20621245061	-728.603106225305	No	1.0
K03269	1.0598553001331	1433.26292011163	-714.631460055813	No	1.0
K07444	3.68997771427878	2825.639107317	-1410.8195536585	No	1.0
K08973	1.15453629035975	1211.84916093928	-603.924580469639	No	1.0
K01720	13.3934772259404	4612.95150167837	-2304.47575083919	No	0.258
K01659	7.05970573386545	2582.58261121682	-1289.29130560841	No	0.991
K03417	7.81434963573165	4183.81570947509	-2089.90785473755	No	0.895
K00024	2.38495510604455	2904.76567753862	-1450.38283876931	No	1.0
K03710	9.62651411165478	6941.30543460057	-3468.65271730029	No	0.01
K00241	1.68398129238089	2397.80344621368	-1196.90172310684	No	1.0
K00242	1.53411777992999	1471.46987412776	-733.734937063882	No	1.0
K00239	1.55599958608828	2220.21958339746	-1108.10979169873	No	1.0
K00240	1.30738093114746	1649.72273771247	-822.861368856235	No	1.0
K09159	1.94059863742323	1195.18071199892	-595.590355999459	No	1.0
K01647	1.62719423102227	2243.70195543314	-1119.85097771657	Yes	0.999
K08983	19.6234168547088	1266.38795960457	-631.193979802286	No	0.892
K00029	5.2687916484648	4921.85191870445	-2458.92595935223	No	0.874
K00163	1.96293105194103	2562.04516783043	-1279.02258391522	No	1.0
K02083	16.7523220976375	4193.76681089478	-2094.88340544739	No	0.055
K06016	10.6263213799588	4757.81308759597	-2376.90654379798	No	0.356
K01505	6.85588737393049	3154.11872826937	-1575.05936413468	No	0.994
K00164	1.62909468347234	2219.64962964966	-1107.82481482483	Yes	1.0
K00658	2.88450478782375	3759.75271296697	-1877.87635648349	Yes	0.992
K00382	3.9810859451232	2414.10348960155	-1205.05174480078	No	0.809
K06916	2.09132596515866	1130.09788081649	-563.048940408244	No	1.0
K03722	1.97360244071674	2403.85010144233	-1199.92505072116	No	1.0
K05807	0.347712169928488	532.73067893288	-264.36533946644	No	1.0
K03821	4.29682010015201	2944.07344358318	-1470.03672179159	No	1.0
K07230	13.967576850849	2326.50541570293	-1161.25270785147	No	0.667
K07243	14.6508612938634	6664.04886629692	-3330.02443314846	No	0.0
K06998	17.2772916227195	6948.15166591422	-3472.07583295711	No	0.0
K04065	5.51910777486002	4274.64891840112	-2135.32445920056	No	0.972
K03802	9.16553541391284	3108.07417627078	-1552.03708813539	No	0.658
K09919	2.49148059694437	2498.65542518786	-1247.32771259393	No	1.0
K11529	4.23369516244239	2965.19276057451	-1480.59638028725	No	0.993
K08305	0.72271551167756	756.346253928089	-376.173126964045	No	1.0
K11740	22.7570790162862	1863.15347125088	-929.576735625441	No	0.268
K16264	8.90917639338639	6939.1670731854	-3467.5835365927	No	0.01
K22292	1.86894633305054	524.369398103087	-260.184699051543	No	1.0
K00568	1.53589811775808	1085.91022472283	-540.955112361417	No	1.0
K00817	3.75450077345963	2935.04832697883	-1465.52416348941	No	0.695
K05788	1.22578168610526	1028.78821412451	-512.394107062253	No	1.0
K08992	5.09383315914767	4804.54349671402	-2400.27174835701	No	0.925
K19804	1.52056583605563	662.452873685355	-329.226436842677	No	1.0
K03274	3.62042650039189	2078.85958134632	-1037.42979067316	No	0.999
K02237	2.33205081194637	3109.98254702866	-1552.99127351433	No	1.0
K12339	3.63733583429792	1887.62885322135	-941.814426610676	No	1.0
K07085	7.93279276897401	4388.15270478763	-2192.07635239381	No	0.311
K09758	21.3239279088249	2536.63073014864	-1266.31536507432	No	0.036
K20035	7.81902143479197	1836.27623997205	-916.138119986027	No	0.979
K03386	6.95559454677821	5240.97172647485	-2618.48586323743	No	0.217
K23163	10.4730677781578	3389.08644763511	-1692.54322381756	No	0.939
K02045	9.52572269516437	4313.14238363392	-2154.57119181696	No	0.868
K00390	4.6305726392392	4450.15878377387	-2223.07939188693	No	0.96
K00957	4.67887047358527	4408.55801920587	-2202.27900960293	No	0.976
K00956	5.00708369998018	4348.0300178521	-2172.01500892605	No	0.978
K06013	4.69198301820226	2594.62039119154	-1295.31019559577	No	0.993
K13288	0.411442974814389	504.789193313962	-250.394596656981	No	1.0
K02616	14.5381093219868	4439.39479102828	-2217.69739551414	No	0.33
K02613	8.68673906973837	4009.10888638086	-2002.55444319043	No	0.955
K02614	12.1135753173879	6100.14897499622	-3048.07448749811	No	0.021
K00453	7.30979646249029	3949.67788042109	-1972.83894021054	No	0.972
K07130	10.0924753315405	4257.71465177924	-2126.85732588962	No	0.082
K03774	3.46604230778078	1484.59353671666	-740.296768358331	No	1.0
K00799	0.899302349735955	1307.18615870719	-651.593079353597	No	1.0
K01800	8.43708435852031	2656.89643845443	-1326.44821922721	No	0.992
K01801	19.2475632294574	1536.41499393944	-766.20749696972	No	0.809
K07666	12.1860534428824	1719.96065455882	-857.980327279409	No	0.969
K02234	8.77585161288073	5728.47454968144	-2862.23727484072	No	0.529
K11890	23.9310631349932	2889.55005131081	-1442.7750256554	No	0.15
K11902	22.8750611878424	3632.15620461732	-1814.07810230866	No	0.043
K07516	11.2766297117682	2486.96676657798	-1241.48338328899	No	0.831
K05396	18.327440162552	4044.74657027598	-2020.37328513799	No	0.001
K08167	10.2719327938086	4040.86530554245	-2018.43265277122	No	0.825
K22296	26.2704782916554	2577.47929614148	-1286.73964807074	No	0.0
K08369	13.7039672183059	4864.59208829101	-2430.29604414551	No	0.3
K18030	40.2076384397377	1323.76842394564	-659.884211972818	No	0.062
K18029	32.8377153953048	2273.36439422839	-1134.68219711419	No	0.003
K00480	15.1933581284038	4621.52484950477	-2308.76242475238	No	0.273
K14974	44.4023539180863	1361.5598438738	-678.779921936901	No	0.024
K15357	44.9415884197244	1591.78268117057	-793.891340585284	No	0.015
K18028	37.8103712628535	2126.81676814902	-1061.40838407451	No	0.004
K13995	32.4638574052592	4078.29662960548	-2037.14831480274	No	0.0
K07402	7.73493717729152	6182.82093223691	-3089.41046611846	No	0.177
K07141	8.93220287387218	6623.3172930029	-3309.65864650145	No	0.024
K02012	10.9871859348801	7113.50560164169	-3554.75280082084	No	0.0
K03412	5.8517162861347	5198.02985456833	-2597.01492728417	No	0.802
K06886	4.04784192483111	4069.9848240986	-2032.9924120493	Yes	0.997
K06151	23.6490700016053	3016.46508921857	-1506.23254460928	No	0.097
K06152	18.1761112423313	3896.24605273379	-1946.12302636689	No	0.047
K08726	19.0225853502832	3574.90865342229	-1785.45432671115	No	0.068
K09965	21.2179792256848	2262.79202446847	-1129.39601223424	No	0.087
K22879	28.7090988771849	2490.52819015751	-1243.26409507875	No	0.027
K01068	32.4667047965067	2344.99167738562	-1170.49583869281	No	0.0
K17737	22.1967735810395	2735.94540210093	-1365.97270105047	No	0.517
K01607	16.5270944803226	8304.59311612273	-4150.29655806137	No	0.0
K00101	11.8657847163188	4791.1139437845	-2393.55697189225	No	0.623
K01173	12.4476750959729	5256.73398051667	-2626.36699025833	No	0.075
K03457	17.9582441464923	5905.97784712302	-2950.98892356151	No	0.0
K20971	17.0574370257396	1378.75896067379	-687.379480336896	No	0.808
K07491	19.611544081933	10008.7607158858	-5002.38035794289	No	0.0
K09941	6.76794039757996	1347.55631176192	-671.778155880962	No	0.997
K21645	17.9215653777385	2689.02255875028	-1342.51127937514	No	0.828
K07274	10.8524841748356	3505.25376579981	-1750.62688289991	No	0.886
K05874	16.9393262761504	836.171123833857	-416.085561916929	No	0.992
K04760	1.97704211333247	1128.64965268769	-562.324826343844	No	1.0
K00574	4.85163056596273	4518.78713835117	-2257.39356917558	No	0.954
K00108	8.09598638959296	5283.98281952494	-2639.99140976247	No	0.76
K03832	1.81204037920227	2267.90264023349	-1131.95132011674	No	1.0
K02406	4.96855706212164	4507.06044232558	-2251.53022116279	No	0.949
K21498	39.0119385243214	9688.61267743997	-4842.30633871999	No	0.0
K00355	26.8975822115315	7111.51036870921	-3553.7551843546	No	0.0
K13993	12.8327626473662	7847.078946931	-3921.5394734655	No	0.0
K02013	8.92174477764296	5169.08981612632	-2582.54490806316	No	0.002
K02015	7.60409273612911	3880.59795402258	-1938.29897701129	No	0.106
K02016	8.55037381909722	4546.38313207124	-2271.19156603562	No	0.008
K16089	21.4931698406512	3686.25492528771	-1841.12746264385	No	0.07
K07662	10.2341209710527	2291.53070653881	-1143.76535326941	No	0.973
K07640	8.79329846701284	990.502185836468	-493.251092918234	No	1.0
K09810	2.31261381176785	2713.5026160306	-1354.7513080153	No	1.0
K09808	0.912378622528787	1238.79448423761	-617.397242118803	No	1.0
K12678	37.0537605312307	865.624474042869	-430.812237021434	No	0.683
K13021	26.2046981487147	2989.41416130092	-1492.70708065046	No	0.283
K16216	8.58632406798897	1886.93240096915	-941.466200484575	No	0.954
K05782	14.5515901664936	5100.07392365495	-2548.03696182748	No	0.175
K13628	4.2428954062726	2890.93754011009	-1443.46877005505	No	1.0
K13643	1.76734224799505	1419.75254156754	-707.876270783769	No	1.0
K00832	5.25880700644187	1064.60239345691	-530.301196728455	No	1.0
K01356	1.94752505423083	2352.108372315	-1174.0541861575	No	1.0
K07387	8.7673610307871	3670.22884856733	-1833.11442428367	No	0.952
K01627	1.21160142366472	1691.52727209405	-843.763636047023	No	1.0
K07023	11.5988313229815	5390.28518682173	-2693.14259341086	No	0.007
K02443	6.90996519122033	2795.31346656654	-1395.65673328327	No	0.841
K00803	12.636561131556	3705.28631565939	-1850.64315782969	No	0.254
K00111	7.06706437314055	5195.91322153757	-2595.95661076879	No	0.167
K14267	4.01011222879487	2083.21452438967	-1039.60726219484	No	1.0
K00674	0.83834529765081	1124.09456677252	-560.047283386261	No	1.0
K01439	4.08405320325881	4073.21779741151	-2034.60889870575	No	0.948
K07320	0.917414185850517	696.192774794839	-346.096387397419	No	1.0
K00428	8.30413060029928	5480.61488327777	-2738.30744163888	No	0.402
K04092	2.58099422658685	1534.37888496835	-765.189442484173	No	1.0
K00507	3.56822588613716	2754.06783466182	-1375.03391733091	No	0.999
K14591	23.4862061950993	1961.12075328491	-978.560376642454	No	0.122
K07038	8.06897796621701	5789.78531969149	-2892.89265984574	No	0.397
K04063	6.41347079932522	5524.80179920412	-2760.40089960206	Yes	0.699
K07506	18.2648458295755	5439.06148682418	-2717.53074341209	No	0.005
K03299	11.9629038143652	7280.97268593847	-3638.48634296924	No	0.0
K07126	8.24923062452275	6426.23032124444	-3211.11516062222	No	0.118
K03118	1.55027265760029	1831.8824760847	-913.941238042351	No	1.0
K03117	2.65330182727631	2748.22973776267	-1372.11486888133	No	1.0
K03116	1.95995213850432	2279.75784496608	-1137.87892248304	No	0.998
K01523	2.4084983774841	1993.04302636818	-994.521513184092	No	1.0
K01693	5.39821306066635	4971.52462527627	-2483.76231263813	No	0.918
K01992	13.5130329245045	4431.15573719494	-2213.57786859747	No	0.0
K07323	1.10127973054602	1077.02588001883	-536.512940009416	No	1.0
K04754	1.38757217613236	1180.85204316379	-588.426021581895	No	1.0
K07275	9.88155145681839	3439.81580851554	-1717.90790425777	No	0.987
K07160	7.57252359822634	5900.88065872245	-2948.44032936122	No	0.371
K02160	3.41446241117963	3297.01116031993	-1646.50558015997	No	0.997
K00265	5.72239395196477	5134.13673074103	-2565.06836537052	No	0.549
K01070	4.31684253363176	2597.90916191945	-1296.95458095972	No	1.0
K03089	0.428222225707908	435.011544951945	-215.505772475972	No	1.0
K03316	9.95316516376219	6565.27573190695	-3280.63786595347	No	0.044
K02275	2.11617290745436	2558.92409200537	-1277.46204600269	Yes	1.0
K02274	2.57397591607323	2519.5081334132	-1257.7540667066	Yes	1.0
K02276	2.3887018939934	2788.80729272709	-1392.40364636355	No	1.0
K14998	2.35129823497328	1844.75274635374	-920.376373176872	No	1.0
K02259	1.57559500271029	1979.75829642079	-987.879148210397	Yes	1.0
K02257	1.53932918560861	2064.01234961713	-1030.00617480856	Yes	1.0
K07152	1.61511054616574	2100.09534133272	-1048.04767066636	No	1.0
K06077	5.01805635616874	2099.15330784276	-1047.57665392138	No	0.999
K08169	13.3977001045216	1984.51827199244	-990.259135996219	No	0.962
K00012	8.81584555815799	6337.41501229496	-3166.70750614748	No	0.001
K00549	10.5661813119865	7192.18850614966	-3594.09425307483	No	0.0
K16048	17.3302539064407	2817.00537540552	-1406.50268770276	No	0.749
K00278	6.19394539417195	5557.39394925956	-2776.69697462978	No	0.496
K03517	6.86035325878126	5216.64947222359	-2606.32473611179	No	0.342
K01750	18.9233719775444	2621.29245764724	-1308.64622882362	No	0.332
K21699	20.832277373135	2502.88766121066	-1249.44383060533	No	0.713
K07264	11.0013194335592	3663.17542931392	-1829.58771465696	No	0.505
K15726	7.44851139089769	3635.07463530491	-1815.53731765246	No	0.935
K15727	11.479025449905	4329.40898175674	-2162.70449087837	No	0.275
K15725	11.2203321323664	3881.20314477936	-1938.60157238968	No	0.426
K11751	9.63460668607717	3420.0090570136	-1708.0045285068	No	0.849
K00121	4.61411083371604	2638.02286441498	-1317.01143220749	No	0.999
K23239	27.4718180578904	1756.13249214196	-876.066246070979	No	0.648
K05836	12.8262264982926	3059.32009249222	-1527.66004624611	No	0.925
K09975	14.2081000452776	4012.26208147182	-2004.13104073591	No	0.514
K01712	8.46627595752341	6367.80629783663	-3181.90314891832	No	0.132
K01745	8.91686206700222	6613.46662948947	-3304.73331474473	No	0.037
K16234	28.7453302483531	1020.12048652915	-508.060243264577	No	0.942
K01468	8.45948513700416	6279.01675017324	-3137.50837508662	No	0.143
K07346	31.6655880769126	2024.52898091469	-1010.26449045735	No	0.629
K07347	24.7633483345596	2526.48161059884	-1261.24080529942	No	0.792
K05301	17.0628449123125	7178.81181732995	-3587.40590866497	No	0.0
K06137	17.4324609598656	3993.13561739803	-1994.56780869902	No	0.204
K07090	5.72379994033447	2716.83417396949	-1356.41708698475	No	0.448
K22187	16.8081500826731	4699.49924573336	-2347.74962286668	No	0.016
K00523	5.77007034685059	1721.45916601389	-858.729583006943	No	0.988
K20938	22.1783637500163	3764.39644152647	-1880.19822076323	No	0.098
K00299	8.90105891286684	4450.42228820557	-2223.21114410279	No	0.89
K02051	8.04526111700218	5921.29521739554	-2958.64760869777	No	0.048
K15553	19.099863819734	5647.84159085419	-2821.92079542709	No	0.0
K04091	16.4263943154097	4804.85705527392	-2400.42852763696	No	0.124
K02050	7.88705459083137	5751.51302692217	-2873.75651346108	No	0.087
K15554	18.1488415286346	5685.63253680439	-2840.81626840219	No	0.0
K15555	20.1959548553853	4940.97826068771	-2468.48913034386	No	0.002
K01073	9.85593041167518	3969.30455450313	-1982.65227725157	No	0.842
K00124	9.49865492292378	4503.2613595598	-2249.6306797799	No	0.691
K00127	8.42569881609303	3679.36931720062	-1837.68465860031	No	0.883
K02380	12.3603075655464	2741.20525806961	-1368.6026290348	No	0.854
K01042	9.1575647101654	6133.23840919071	-3064.61920459535	No	0.025
K03833	7.76089119485328	4644.79657077399	-2320.39828538699	No	0.389
K01008	7.86152819410917	5756.10240159129	-2876.05120079565	No	0.215
K09959	13.4188189050617	4834.005324541	-2415.0026622705	No	0.295
K00138	12.8735695559359	6536.16196097294	-3266.08098048647	No	0.011
K21405	13.8988308898857	4439.92350356353	-2217.96175178177	No	0.107
K06195	1.85371478433139	1236.22309651695	-616.111548258474	No	1.0
K08304	1.80325721553266	1332.16239080092	-664.08119540046	No	1.0
K03981	1.72334404828224	1245.27580835669	-620.637904178347	No	1.0
K01633	3.65943704411692	3832.89121612287	-1914.44560806144	No	0.865
K01055	14.3591563129007	3738.85118484516	-1867.42559242258	No	0.57
K01799	17.9999128600024	4737.02265932215	-2366.51132966107	No	0.006
K02113	2.67911235259713	2327.49687606863	-1161.74843803431	No	0.924
K01599	1.52485802814187	1980.67395794219	-988.336978971094	Yes	1.0
K03656	1.38710880292323	536.811588774567	-266.405794387283	No	1.0
K01295	15.4002100628128	6018.16021758655	-3007.08010879327	No	0.0
K06446	21.3590192519702	3624.14594837117	-1810.07297418559	No	0.055
K18703	25.97763938435	1452.37952008799	-724.189760043994	No	0.426
K00074	4.72673888747353	4659.55516327946	-2327.77758163973	No	0.97
K00450	32.8935512870509	4808.12724884163	-2402.06362442082	No	0.0
K01502	35.0665758154523	2990.57102756122	-1493.28551378061	No	0.0
K15735	25.9488085592193	3284.17690181492	-1640.08845090746	No	0.001
K01432	11.5548111163258	2677.74535932163	-1336.87267966082	No	0.668
K03098	12.4372325527914	4655.43069642333	-2325.71534821167	No	0.418
K01919	2.84296141838658	2993.27317143471	-1494.63658571735	No	1.0
K16844	23.4703691553948	1587.33559642296	-791.66779821148	No	0.182
K16843	3.79676971619262	3124.95642022607	-1560.47821011303	No	0.998
K00641	4.57389100451309	4620.24465260665	-2308.12232630332	No	0.98
K08218	1.98235999900119	1864.51356735687	-930.256783678435	No	1.0
K06350	11.122039135048	1752.9706453624	-874.485322681199	No	0.809
K06351	10.2691244048551	3211.02913717439	-1603.5145685872	No	0.467
K06991	12.4586389623441	3858.30857257173	-1927.15428628586	No	0.563
K07657	2.06365279212444	1599.86754269081	-797.933771345407	No	1.0
K03183	1.66917616249491	2226.7778662803	-1111.38893314015	No	1.0
K03690	1.1927733546742	507.232399427563	-251.616199713781	No	1.0
K03688	5.06971236242063	4708.49698040639	-2352.2484902032	No	0.94
K12340	2.98329587625751	2643.14251471254	-1319.57125735627	No	1.0
K00573	2.48416672187312	2913.53789903857	-1454.76894951928	No	1.0
K03149	7.47838217151195	5952.76097071336	-2974.38048535668	No	0.126
K05799	10.0860594892379	6589.84327550592	-3292.92163775296	No	0.019
K00098	25.3214672430976	3349.19805278688	-1672.59902639344	No	0.002
K08323	23.5007104784046	4445.47300982911	-2220.73650491456	No	0.0
K00040	20.0955396324172	2954.71119387715	-1475.35559693857	No	0.354
K21801	42.66764528038	1553.38028559448	-774.690142797242	No	0.025
K03575	2.34244963509965	2535.77546591501	-1265.88773295751	No	0.927
K04090	9.06900729971219	2754.17026600036	-1375.08513300018	No	0.97
K18199	21.4998627435102	7243.12315387788	-3619.56157693894	No	0.0
K03411	6.62534343838895	4352.39284077297	-2174.19642038649	No	0.892
K09811	1.0514781370793	1701.13673759499	-848.568368797493	No	1.0
K09812	1.39831645391796	2176.11548682741	-1086.0577434137	No	0.999
K09969	4.62181467559717	2401.89782685954	-1198.94891342977	No	0.997
K01476	8.4282210856564	4523.69213391785	-2259.84606695892	No	0.717
K11208	25.437356052611	925.068667152035	-460.534333576018	No	0.847
K21430	9.63220656152945	5411.95847661021	-2703.97923830511	No	0.406
K01779	18.3562710958091	8533.5289371058	-4264.7644685529	No	0.0
K02027	6.98087403657407	5942.16703860386	-2969.08351930193	No	0.366
K05813	12.6794092046868	5140.46322027545	-2568.23161013773	No	0.136
K02025	6.00626430146941	5407.5267484741	-2701.76337423705	No	0.638
K05814	13.3124010821868	4561.0456360458	-2278.5228180229	No	0.294
K05815	12.8675651716013	5166.35996720046	-2581.17998360023	No	0.113
K05816	10.3634765047891	3765.72089462248	-1880.86044731124	No	0.674
K07002	13.5605330992134	5364.48533810978	-2680.24266905489	No	0.179
K09688	19.3456748326017	3285.98436988996	-1640.99218494498	No	0.073
K01991	3.06153558575849	3180.02690625371	-1588.01345312685	No	1.0
K02474	10.5868361424772	6235.89682100568	-3115.94841050284	No	0.009
K04047	6.98990363265177	5962.27342555057	-2979.13671277528	No	0.056
K04761	2.38944343808084	2448.76330460286	-1222.38165230143	No	1.0
K02011	10.9190053867098	7177.11810936262	-3586.55905468131	No	0.0
K18148	27.7570599623909	1877.38836222572	-936.69418111286	No	0.002
K02839	27.5016842311796	2506.57241867754	-1251.28620933877	No	0.007
K06911	5.62169954138687	4951.0954034587	-2473.54770172935	No	0.614
K07712	2.20327397520123	1258.47395803589	-627.236979017944	No	1.0
K07708	1.20440342303798	818.957782959246	-407.478891479623	No	1.0
K00989	1.15458792003132	1704.61339622224	-850.30669811112	No	1.0
K11733	7.37199397414814	2032.18752546999	-1014.09376273499	No	0.999
K01241	3.19322855229895	1790.0540502417	-893.02702512085	No	1.0
K19303	14.3958625511832	1243.19377156645	-619.596885783225	No	0.977
K15125	26.0020984874137	3057.719190056	-1526.859595028	No	0.062
K07326	27.3848729529613	2710.53690728179	-1353.2684536409	No	0.104
K19713	21.6428616824845	3877.51524671554	-1936.75762335777	No	0.0
K10037	10.289284477586	3429.23671778819	-1712.6183588941	No	0.8
K01469	13.4074393019701	3075.27491736059	-1535.6374586803	No	0.243
K03426	2.93761380338294	3106.23653704443	-1551.11826852222	No	1.0
K22210	20.4160403596551	5290.5608380372	-2643.2804190186	No	0.0
K00209	3.78693126562766	2410.30409575018	-1203.15204787509	No	0.995
K02010	11.0887197200067	7058.45388311195	-3527.22694155597	No	0.0
K10804	7.46145811420371	6182.14538120645	-3089.07269060323	No	0.311
K03770	0.898622663056053	1124.51985739712	-560.259928698561	No	1.0
K07115	2.98097520488918	1727.48709598925	-861.743547994623	No	1.0
K07213	12.3829202044059	6020.67788529011	-3008.33894264506	No	0.001
K19591	9.14458394283247	3125.01331550067	-1560.50665775033	No	0.982
K06006	7.88083053656277	2952.3227688	-1474.1613844	No	0.947
K07501	2.99511544247587	1834.93927326995	-915.469636634976	No	1.0
K06194	3.38553593746868	2824.50829920963	-1410.25414960482	No	1.0
K03787	2.88923716711303	3157.22473131264	-1576.61236565632	No	1.0
K06901	6.50793402708238	4874.66939987868	-2435.33469993934	No	0.416
K06996	12.5756530548526	7298.26325810698	-3647.13162905349	No	0.0
K02049	9.34349595521799	6387.55971676686	-3191.77985838343	No	0.035
K01297	6.57916079083592	5562.11016548021	-2779.05508274011	No	0.658
K05566	6.75516594190651	5357.90980898551	-2676.95490449275	No	0.654
K00285	8.28717894032563	5262.31648934219	-2629.15824467109	No	0.762
K14761	3.11012521580233	3123.25761148387	-1559.62880574194	No	1.0
K07448	68.2525937002614	11287.8191458078	-5641.9095729039	No	0.0
K00638	29.3576566708633	2497.91159744777	-1246.95579872389	No	0.016
K02444	7.61216937376957	2808.3040963509	-1402.15204817545	No	0.993
K23256	18.8812941783041	3796.20364885721	-1896.10182442861	No	0.354
K01993	10.7189600415334	5716.46381035191	-2856.23190517595	No	0.09
K19055	10.4753052054728	5117.20944935677	-2556.60472467839	No	0.081
K10680	13.1550793834235	6503.632255764	-3249.816127882	No	0.008
K15034	4.50964875731879	3771.58955556012	-1883.79477778006	No	0.997
K06075	14.7724699630455	6673.59615538854	-3334.79807769427	No	0.0
K21695	18.0503143675555	1694.58981100613	-845.294905503063	No	0.977
K15548	21.3652804572913	1572.8742463974	-784.437123198702	No	0.966
K06999	4.8669163155441	4510.02483162414	-2253.01241581207	No	0.981
K14160	8.18048867303563	2707.2912879373	-1351.64564396865	No	0.961
K14161	6.17574662375713	3417.77223020601	-1706.88611510301	No	0.992
K14162	5.66046610306932	3625.89268171895	-1810.94634085948	No	0.988
K05275	13.7418281425034	7648.40732330292	-3822.20366165146	No	0.0
K03462	20.9817699897837	2966.58899998941	-1481.29449999471	No	0.007
K00812	4.34396979563104	4501.83694204694	-2248.91847102347	No	0.983
K16137	14.3687842795571	7268.29212563259	-3632.14606281629	No	0.0
K12262	4.11298201100178	2814.23068282278	-1405.11534141139	No	0.999
K07157	4.15036649066783	2749.06370627299	-1372.53185313649	No	1.0
K04750	11.2588675128725	7268.62857873504	-3632.31428936752	No	0.0
K02557	4.39085995799115	4502.03952508129	-2249.01976254064	No	0.962
K07032	15.3513274838712	7126.193288026	-3561.096644013	No	0.0
K09823	1.49974689913287	1190.16362389954	-593.081811949768	No	1.0
K07074	19.1160543501314	5533.24994163804	-2764.62497081902	No	0.0
K11904	19.606229194629	6715.34180285541	-3355.67090142771	No	0.0
K11907	19.4029509413873	3974.59383393199	-1985.29691696599	No	0.096
K11897	23.2392095950091	3411.20864982393	-1703.60432491197	No	0.083
K11903	18.5752247312383	4429.48351843394	-2212.74175921697	No	0.048
K05366	1.70888133395486	2550.06898750742	-1273.03449375371	No	1.0
K01638	4.62476316237421	3989.02564601153	-1992.51282300577	No	0.997
K11474	28.2064155979204	752.431825965517	-374.215912982758	No	0.871
K03179	1.63385440376092	2141.24961527508	-1068.62480763754	No	1.0
K08968	3.84139918466263	3554.48620920094	-1775.24310460047	No	1.0
K01710	14.6779352415871	7875.25802663539	-3935.6290133177	No	0.0
K00973	14.6024979053974	7628.58511448793	-3812.29255724396	No	0.0
K01790	13.9919886258318	7937.49432222289	-3966.74716111145	No	0.0
K09386	9.39298250492768	2192.67527332527	-1094.33763666263	No	0.907
K19430	19.1056446720673	3615.93514227345	-1805.96757113673	No	0.0
K01654	24.1194309008321	6588.51661042707	-3292.25830521354	No	0.0
K02527	0.718042670389176	931.906299407589	-463.953149703794	No	1.0
K18480	6.42855260179374	2256.85258131353	-1126.42629065676	No	0.998
K07018	2.05474059520247	1453.89962185176	-724.949810925881	No	1.0
K00824	4.50400095847318	2875.64273173522	-1435.82136586761	No	0.998
K09158	0.864800996927809	923.410467645531	-459.705233822766	No	1.0
K03801	1.72925605594104	2110.34351260682	-1053.17175630341	No	1.0
K03644	2.45384431105387	2540.1214416546	-1268.0607208273	No	0.99
K00798	3.37368139393203	3604.71148567525	-1800.35574283762	No	0.999
K06204	1.39059620039606	1939.95263463502	-967.976317317511	No	1.0
K02075	10.0016270999295	3730.67039223946	-1863.33519611973	No	0.899
K02077	8.37913567184324	3960.48894998532	-1978.24447499266	No	0.924
K09815	4.98461402157063	4169.89271825814	-2082.94635912907	No	0.987
K08970	11.7170875488998	4737.43030115708	-2366.71515057854	No	0.131
K03733	4.34161275781634	4091.84142721506	-2043.92071360753	No	0.995
K09921	1.01531745552437	642.095024584222	-319.047512292111	No	1.0
K02517	2.79109524088696	2498.7133363166	-1247.3566681583	No	1.0
K03761	15.9178730321723	3963.48036071994	-1979.74018035997	No	0.643
K01561	19.4154634152946	4831.33628447621	-2413.66814223811	No	0.006
K06938	5.38222425517329	2241.78563044873	-1118.89281522436	No	1.0
K01251	1.97326494728081	2555.9749091208	-1275.9874545604	No	1.0
K08972	2.93817750189593	2802.69882720708	-1399.34941360354	No	1.0
K07395	10.3842301012761	3013.49545076629	-1504.74772538315	No	0.825
K05592	4.54430701818773	3992.41244431252	-1994.20622215626	No	0.819
K03707	13.3714296980688	5685.75486313047	-2840.87743156523	No	0.026
K03313	6.92718695904041	5553.43827408572	-2774.71913704286	No	0.68
K22042	10.3639304340547	3280.79384416231	-1638.39692208115	No	0.898
K17218	18.1513996617076	7345.73400962468	-3670.86700481234	No	0.0
K06895	9.1730273526631	5587.23601238203	-2791.61800619102	No	0.475
K05596	10.4887775501029	3936.31883280018	-1966.15941640009	No	0.92
K09796	2.83555600617467	2673.573004761	-1334.7865023805	No	1.0
K05501	2.48681895580233	524.273477452421	-260.136738726211	No	1.0
K03271	5.25072425499772	5026.23567851851	-2511.11783925925	No	0.856
K03642	1.6943599986168	2021.27349813648	-1008.63674906824	No	1.0
K02806	3.98748183679485	2112.91672257444	-1054.45836128722	No	1.0
K06861	0.566082701924787	831.478904012648	-413.739452006324	No	1.0
K09774	1.64143849293405	1918.72174465018	-957.36087232509	No	1.0
K11719	1.36168415846573	1456.91829944586	-726.459149722932	No	1.0
K03270	2.22529524892352	2651.80276197482	-1323.90138098741	No	1.0
K06041	2.2395524982008	2829.3178164973	-1412.65890824865	No	1.0
K08289	6.50406591179265	3101.60724338614	-1548.80362169307	No	0.997
K00424	13.3643831669654	2946.55040571924	-1471.27520285962	No	0.911
K16013	8.41697610935714	5060.31100520879	-2528.1555026044	No	0.772
K16012	8.96354579034892	4783.65838123646	-2389.82919061823	No	0.807
K00759	3.34196782432994	3218.74139162765	-1607.37069581383	No	0.896
K22522	5.69053566248324	5110.50958472448	-2553.25479236224	No	0.83
K03594	5.08779757553882	4178.44465768131	-2087.22232884066	No	0.979
K11741	12.7006128216088	7202.25684361506	-3599.12842180753	No	0.0
K05834	10.6418667520948	5377.81140146635	-2686.90570073318	No	0.439
K13598	0.799752057082054	543.929504111645	-269.964752055823	No	1.0
K06048	6.97533237712328	3472.19190174448	-1734.09595087224	No	0.991
K02169	4.36937435147949	2617.67477967633	-1306.83738983816	No	0.999
K03071	1.50709689730647	2621.052664521	-1308.5263322605	No	1.0
K03676	1.71989988683447	1528.98448330018	-762.492241650089	No	1.0
K01834	3.13529185329371	3441.73394982823	-1718.86697491412	No	0.999
K22719	1.99424526738048	1196.14836381516	-596.074181907578	No	1.0
K03148	11.9112419855745	605.748459248112	-300.874229624056	No	0.999
K21029	5.9029283394646	3490.54149103229	-1743.27074551615	No	0.985
K02523	1.27267077928305	1452.63382753608	-724.316913768038	No	1.0
K02024	17.0024228912258	1600.5711295788	-798.285564789401	No	0.926
K01816	9.78395835503789	5495.56082313879	-2745.7804115694	No	0.444
K22131	23.0170393796408	2222.97056624199	-1109.48528312099	No	0.675
K22025	20.1793710740462	2804.40600917652	-1400.20300458826	No	0.306
K00020	6.65917189062125	5594.2368878909	-2795.11844394545	No	0.407
K08319	25.7324589871089	2719.12296900058	-1357.56148450029	No	0.189
K11939	7.58360329541854	3697.30833423289	-1846.65416711644	No	0.975
K02492	2.28295988897346	2544.23887589093	-1270.11943794547	No	1.0
K07390	0.49392789615755	520.865855818306	-258.432927909153	No	1.0
K03186	4.66671222287615	4902.28668869244	-2449.14334434622	No	0.921
K00381	3.92088978104723	2999.77578160266	-1497.88789080133	No	1.0
K05898	20.9604180528398	3870.24005298485	-1933.12002649243	No	0.042
K11475	30.1412417766659	2113.73979635338	-1054.86989817669	No	0.013
K01673	3.63346701378919	3313.33762831615	-1654.66881415808	No	0.917
K09780	7.72636958492436	6271.06176038529	-3133.53088019264	No	0.202
K03464	25.9691766212746	4228.39316780716	-2112.19658390358	No	0.002
K02624	16.5249400923921	4543.87110257167	-2269.93555128584	No	0.143
K02106	18.8441395017173	4892.59367518931	-2444.29683759465	No	0.0
K01595	4.47977647201348	4131.9311564424	-2063.9655782212	No	0.993
K01466	15.7696093952645	4696.29763728976	-2346.14881864488	No	0.003
K09703	30.3245665309331	4173.63785871942	-2084.81892935971	No	0.0
K11209	2.68948324088547	1834.1007854365	-915.050392718249	No	1.0
K13794	44.0943936069629	1093.70341561845	-544.851707809223	No	0.194
K13796	29.0724287523414	3559.14715616925	-1777.57357808462	No	0.0
K13795	26.2632106391079	2152.78883657107	-1074.39441828553	No	0.022
K13926	23.2535745077452	3577.87097527453	-1786.93548763727	No	0.004
K21090	21.0753747621103	1440.49561005641	-718.247805028206	No	0.968
K07146	4.26641563569639	3543.99472895829	-1769.99736447915	Yes	1.0
K07278	2.42454005277422	1528.17406257242	-762.087031286209	No	1.0
K09800	2.52324132581366	2533.69199723937	-1264.84599861969	No	1.0
K01494	2.54597806833975	2889.71252958887	-1442.85626479444	No	1.0
K01584	14.1941954973507	3192.06270926133	-1594.03135463066	No	0.793
K04564	4.44088696954005	2997.46747676675	-1496.73373838338	No	0.88
K00605	3.35369011954559	3413.04046425597	-1704.52023212798	No	0.967
K02437	3.00689408007862	2710.80230345548	-1353.40115172774	No	0.965
K00281	1.98285732819443	2081.46184964548	-1038.73092482274	No	1.0
K00822	7.84738373158431	2287.52435744117	-1141.76217872058	No	0.993
K00287	3.10728203034466	2590.85512147999	-1293.42756074	No	0.994
K21023	13.1028614575937	3991.26325761945	-1993.63162880973	No	0.467
K00560	3.34688758825662	2989.29574376927	-1492.64787188463	No	0.987
K07397	7.1761925082038	6057.72528131083	-3026.86264065541	No	0.292
K06134	2.27400444352483	1003.78986008079	-499.894930040396	No	1.0
K02473	15.3797491244116	3872.65164738445	-1934.32582369222	No	0.013
K15778	3.18159278754268	1899.98236911152	-947.991184555758	No	1.0
K12978	16.8405817481052	1665.95577453886	-830.977887269429	No	0.581
K18981	17.8750569445591	3053.56167966502	-1524.78083983251	No	0.504
K01555	6.25838368366368	3151.36962602812	-1573.68481301406	No	0.989
K00451	6.21887960124783	3613.50649739736	-1804.75324869868	No	1.0
K10563	1.57639378088423	2030.17312682798	-1013.08656341399	No	1.0
K02897	1.96645839990708	1721.3248666709	-858.66243333545	No	0.99
K07316	103.754298018559	9644.5169230754	-4820.2584615377	No	0.0
K01156	150.404933769035	9123.83141602533	-4559.91570801266	No	0.0
K07289	5.62338422210428	1927.9600723802	-961.9800361901	No	1.0
K18446	4.88720338555386	1932.29295057224	-964.14647528612	No	1.0
K02042	13.8964686432004	6897.42428218586	-3446.71214109293	No	0.0
K02041	14.5898365190921	6913.50563728037	-3454.75281864019	No	0.0
K02044	11.6415310635388	7182.92647339668	-3589.46323669834	No	0.0
K14652	5.49552954912723	3809.53225073978	-1902.76612536989	No	0.716
K00794	5.20648511035204	2918.47659790715	-1457.23829895357	No	0.65
K00946	1.44585915446399	2065.45178832543	-1030.72589416271	No	1.0
K01095	2.82153525097785	2923.95723251769	-1459.97861625884	No	1.0
K03885	6.03662508875508	5179.45916343798	-2587.72958171899	No	0.444
K03392	24.9874050500676	4865.32460488536	-2430.66230244268	No	0.0
K00452	8.70725875494728	2889.32954091197	-1442.66477045598	No	0.756
K15067	17.4848906598407	2855.04871257041	-1425.52435628521	No	0.134
K10217	23.0661642623774	3761.98952050213	-1878.99476025107	No	0.0
K07058	3.6738132577458	2366.75540187223	-1181.37770093611	No	0.854
K07262	2.89011838416787	833.467630229761	-414.733815114881	No	1.0
K09922	11.8789023460046	3665.31007072414	-1830.65503536207	No	0.268
K21973	36.088649246359	908.526429930933	-452.263214965467	No	0.643
K15889	36.4956928042608	953.0710695968	-474.5355347984	No	0.003
K06954	13.6347967729305	4668.58640229191	-2332.29320114595	No	0.212
K09701	10.9050117449688	4911.07997296933	-2453.53998648466	No	0.329
K03805	22.8603225780035	1859.94578142823	-927.972890714113	No	0.733
K11811	18.5870208365622	4103.27981514428	-2049.63990757214	No	0.041
K07577	8.90955416614974	2908.99648980877	-1452.49824490438	No	0.946
K10747	8.48667947933548	3844.37374536734	-1920.18687268367	No	0.926
K03724	6.61181419414539	5469.62374796197	-2732.81187398098	No	0.665
K06953	6.92999159432318	2477.76962964584	-1236.88481482292	No	0.995
K00156	13.6321428627235	5493.7921741778	-2744.8960870889	No	0.127
K18622	13.1915556583662	3857.04654651524	-1926.52327325762	No	0.505
K03827	32.2551530709827	5845.94646271825	-2920.97323135912	No	0.0
K08351	21.5107931692812	2263.61346187081	-1129.8067309354	No	0.641
K08161	4.17246122576625	2169.62519874133	-1082.81259937066	No	0.997
K13069	27.2037377368492	1959.52253915677	-977.761269578383	No	0.215
K07793	11.2823648191807	6153.69830533602	-3074.84915266801	No	0.025
K10253	19.4268245236946	1514.52731644549	-755.263658222745	No	0.899
K03113	1.8471400625036	1457.37706114743	-726.688530573714	No	1.0
K06222	20.9777679757432	2914.27153786673	-1455.13576893336	No	0.432
K00380	9.7303624155535	4035.22655643812	-2015.61327821906	No	0.92
K00362	10.7751245049453	6059.6693615952	-3027.8346807976	Yes	0.129
K00363	11.8048497787518	5996.19341788992	-2996.09670894496	No	0.096
K07687	14.4975193381972	1680.15221076997	-838.076105384984	No	0.961
K02298	12.546434367922	2554.17976226492	-1275.08988113246	No	0.991
K03717	14.0432744372293	2942.01293730368	-1469.00646865184	No	0.835
K05794	5.27039955114013	5028.09895565504	-2512.04947782752	No	0.922
K06917	8.59131563979053	3402.44850061966	-1699.22425030983	No	0.899
K07677	18.1162177038225	1091.86418393748	-543.932091968739	No	0.989
K01962	2.58118393292939	2929.78813573117	-1462.89406786559	No	1.0
K01247	5.88050147912209	4421.10042715151	-2208.55021357575	No	0.869
K02533	0.948372513363867	880.793270446317	-438.396635223159	No	1.0
K03442	6.23502708951899	4444.26263903252	-2220.13131951626	No	0.936
K09947	12.8001803228158	1676.28464188464	-836.142320942319	No	0.951
K07338	12.8388243737118	2824.17643180829	-1410.08821590415	No	0.741
K07231	12.4196876805529	2616.66425585674	-1306.33212792837	No	0.845
K19837	25.3873829542229	630.158347856419	-313.07917392821	No	0.528
K09932	25.033864664037	4056.26916862119	-2026.1345843106	No	0.001
K19784	16.3401891463322	6875.59507722004	-3435.79753861002	No	0.0
K09165	9.95413099882667	4678.99397738409	-2337.49698869205	No	0.345
K09760	3.23033113991878	3418.22402687121	-1707.11201343561	No	0.997
K01785	7.86708567455739	6474.98663729814	-3235.49331864907	No	0.052
K07006	12.501210623764	6127.11010494023	-3061.55505247012	No	0.025
K18850	2.67849115939414	1042.72247395202	-519.361236976011	No	1.0
K07287	0.78356540581243	525.925861218989	-260.962930609495	No	1.0
K07054	6.97536220638768	5093.82177392357	-2544.91088696178	No	0.862
K07734	15.3536542310973	6672.90792914883	-3334.45396457441	No	0.001
K06878	6.62303030511485	4683.76621417881	-2339.88310708941	No	0.809
K12686	22.874921996477	1886.2403586097	-941.120179304849	No	0.62
K01459	28.9798013549936	1438.52777382399	-717.263886911997	No	0.032
K12542	15.6211843169472	3867.06521241801	-1931.532606209	No	0.329
K12541	17.2458011829936	3779.70977464205	-1887.85488732103	No	0.33
K16165	5.04347539656855	2279.57993533735	-1137.78996766867	No	0.995
K03893	10.2620521072426	6601.37369101048	-3298.68684550524	No	0.012
K09471	8.77838197326605	3281.5261199877	-1638.76305999385	No	0.982
K01058	9.28060714274468	2631.85037734279	-1313.9251886714	No	0.984
K13876	24.7571390743218	1447.64397745513	-721.821988727563	No	0.55
K09926	8.10817139073721	3007.56353288131	-1501.78176644066	No	0.954
K00406	3.72368144909223	2500.61586054428	-1248.30793027214	No	1.0
K00407	5.13562608584901	2672.19838634234	-1334.09919317117	No	0.999
K00405	4.55378361771359	1915.50031860164	-955.750159300818	No	0.999
K00404	4.72879858960158	1801.2065795925	-898.603289796251	No	1.0
K00833	6.87474936869007	5722.0261376441	-2859.01306882205	No	0.544
K00652	7.48641924087841	6024.55044283082	-3010.27522141541	No	0.252
K02170	4.74448150264071	2190.70187938901	-1093.3509396945	No	0.999
K01935	6.58409155439008	5643.69926281626	-2819.84963140813	No	0.569
K01637	5.60265111710414	4101.18481654023	-2048.59240827011	No	0.99
K06879	1.24663100080639	660.995792210679	-328.497896105339	No	1.0
K16135	34.4516794399741	1137.48362075637	-566.741810378187	No	0.721
K07246	18.8832835019876	5163.16286022045	-2579.58143011023	No	0.003
K08223	10.8436907949135	5558.14018146554	-2777.07009073277	No	0.184
K03474	0.831401035669679	1016.52477615838	-506.262388079188	No	1.0
K07001	6.90347613732044	5116.08058809084	-2556.04029404542	No	0.302
K02019	9.30876637489396	5232.73484488683	-2614.36742244341	No	0.303
K02018	6.20290178853315	5383.00478761127	-2689.50239380563	No	0.398
K02020	5.77242942054019	5118.99736372089	-2557.49868186044	No	0.495
K08989	9.74482515939595	3113.17793347746	-1554.58896673873	No	0.902
K18661	8.77744928973966	1938.18026568466	-967.09013284233	No	0.936
K01578	12.7487690415715	3213.57413186847	-1604.78706593424	No	0.255
K07267	18.0278827962329	3128.13087534442	-1562.06543767221	No	0.397
K10543	14.2071296801418	4504.74415673182	-2250.37207836591	No	0.263
K10544	15.1393372156369	4057.11444263572	-2026.55722131786	No	0.358
K07404	6.46802493405137	5441.47971287196	-2718.73985643598	No	0.704
K07552	5.72949880825511	5148.18098717637	-2572.09049358819	No	0.676
K03321	9.10280304658903	6978.03868020058	-3487.01934010029	No	0.0
K01841	28.9803998878944	2935.5077949404	-1465.7538974702	No	0.0
K08224	11.8547917658736	6449.79045991391	-3222.89522995695	No	0.044
K03643	0.99906727359022	1057.8310552693	-526.915527634648	No	1.0
K08166	16.9324586685445	3342.05473370402	-1669.02736685201	No	0.334
K06975	6.40425403360935	5320.04717332277	-2658.02358666138	No	0.717
K09858	5.09620195106135	3291.38465189931	-1643.69232594966	No	1.0
K01560	14.5552237817848	5984.56106512673	-2990.28053256337	No	0.007
K22270	36.5050126094956	2579.8940254898	-1287.9470127449	No	0.0
K04782	14.8387460865376	3377.85267183528	-1686.92633591764	No	0.267
K00864	5.88191323368471	4777.98266904882	-2386.99133452441	No	0.218
K02654	4.20824471193946	4241.14688711339	-2118.57344355669	No	0.987
K18778	0.98582440160207	291.222176636431	-143.611088318216	No	1.0
K07789	9.71842579772078	1594.51254103988	-795.256270519938	No	0.994
K18903	15.8049249819301	1406.2712365866	-701.135618293301	No	0.969
K03574	8.19797857184638	4868.38488637684	-2432.19244318842	No	0.024
K00620	2.73204520063088	3053.61790036986	-1524.80895018493	No	1.0
K21020	29.4823485585026	599.770618458004	-297.885309229002	No	0.715
K09461	19.3004092172989	3171.60501427868	-1583.80250713934	No	0.124
K08295	19.4837418639673	2566.83184426975	-1281.41592213488	No	0.35
K01075	22.5954702639619	2269.80269579453	-1132.90134789727	No	0.315
K04033	23.969291082609	4641.11510912915	-2318.55755456458	No	0.003
K01061	5.59735608233441	4861.09072473654	-2428.54536236827	Yes	0.926
K09749	4.35549521684702	2091.84279911829	-1043.92139955915	No	0.998
K01845	5.09339003520018	3741.00777155135	-1868.50388577568	No	0.901
K07735	1.01741257097425	1265.3391122209	-630.669556110451	No	1.0
K11720	0.905557281621862	1200.33183139094	-598.165915695471	No	1.0
K03814	3.63302159306912	2256.93134187664	-1126.46567093832	No	1.0
K01147	1.35004807599359	716.089508185372	-356.044754092686	No	1.0
K07000	3.54151359963024	1406.80219712367	-701.401098561833	No	1.0
K02558	1.15162587940802	894.039811117872	-445.019905558936	No	1.0
K01961	2.10820562789783	2534.14234288567	-1265.07117144283	No	1.0
K00856	4.56876123628368	2769.74842625498	-1382.87421312749	No	0.999
K02221	1.1603742283635	1824.73959325918	-910.369796629591	No	1.0
K00526	4.43385524124394	4000.40057593341	-1998.2002879667	Yes	0.869
K00525	5.178365454655	2431.23711780578	-1213.61855890289	No	0.21
K09181	7.63747618787961	2275.23690398459	-1135.6184519923	No	0.985
K09889	0.988179139947244	587.630738746577	-291.815369373289	No	1.0
K03592	2.56570828876991	2209.74795644246	-1102.87397822123	No	1.0
K09001	3.71914887544634	4057.81440323041	-2026.90720161521	No	0.995
K19304	2.10830380624033	1793.07233637951	-894.536168189753	No	1.0
K11752	5.38947382036962	3760.00264938096	-1878.00132469048	No	0.487
K06976	5.43138977777505	3482.46026602263	-1739.23013301131	No	0.952
K03221	37.3680177064366	1207.27669001156	-601.638345005779	No	0.327
K04058	41.9542879123197	923.996201819985	-459.998100909993	No	0.595
K02411	4.83120586594937	4002.10969908992	-1999.05484954496	No	0.984
K03223	34.8198245623748	1780.90457511023	-888.452287555117	No	0.057
K03224	28.4971208245303	2194.25700322086	-1095.12850161043	No	0.027
K07315	5.926845068517	5243.61196237649	-2619.80598118824	No	0.722
K00767	6.72725746267443	4783.03729135642	-2389.51864567821	No	0.352
K00208	2.94161097350353	3501.19938780413	-1748.59969390207	No	1.0
K08307	0.890913556440917	973.758206184124	-484.879103092062	No	1.0
K03296	9.7142959462983	4280.45392914813	-2138.22696457407	No	0.357
K09768	4.2899900784381	3439.26103355416	-1717.63051677708	No	1.0
K07080	7.64018291310278	5021.10754828887	-2508.55377414443	No	0.686
K03478	15.0678706109301	5470.66492833067	-2733.33246416533	No	0.004
K21062	16.7093905321027	3573.97863537412	-1784.98931768706	No	0.319
K06889	16.5288840961084	8782.23977637283	-4389.11988818642	No	0.0
K03640	1.27452856039354	1673.88596504396	-834.942982521982	No	1.0
K03641	2.88112513298518	3676.71666553404	-1836.35833276702	No	0.999
K03646	3.04965549352548	1640.99506281972	-818.497531409861	No	1.0
K03562	0.848348421319706	746.113793140171	-371.056896570085	No	1.0
K08311	0.340469918542223	458.172088343846	-227.086044171923	No	1.0
K07794	12.0098854908689	6158.15711330672	-3077.07855665336	No	0.02
K12972	6.85915409409513	2920.6980754642	-1458.3490377321	No	0.99
K00042	7.94804934328516	4802.54682020731	-2399.27341010365	No	0.6
K00457	6.13427275056012	4409.09127705153	-2202.54563852577	Yes	0.972
K02837	3.07910389442726	3043.81558973793	-1519.90779486897	No	0.997
K02192	7.73540252759143	3044.79915407066	-1520.39957703533	No	0.993
K03092	2.93334179215925	3117.38443910385	-1556.69221955192	No	1.0
K02026	6.4806342974856	5742.46513166079	-2869.23256583039	No	0.568
K03673	5.35663544154102	5025.11189790535	-2510.55594895267	No	0.913
K09771	15.667101574219	6459.79990461894	-3227.89995230947	No	0.0
K00253	4.16009144765022	2072.66392232035	-1034.33196116018	No	1.0
K00906	7.22427453056938	1298.46088669509	-647.230443347544	No	0.999
K01969	5.26089997431572	3310.20929962232	-1653.10464981116	No	0.998
K01968	6.30427666795626	1974.28080523504	-985.140402617519	No	0.997
K11263	5.89994532702612	2805.69793066261	-1400.8489653313	No	0.999
K13633	14.412598209255	4260.15192550354	-2128.07596275177	No	0.536
K03747	2.06907402711993	600.574778050445	-298.287389025223	No	1.0
K01894	4.69261264762713	2879.49801689299	-1437.7490084465	No	1.0
K08994	13.9895756107666	3932.04430925026	-1964.02215462513	No	0.699
K07117	5.28662865407759	414.081340697658	-205.040670348829	No	1.0
K02858	11.4606448960428	3209.81722873882	-1602.90861436941	No	0.848
K00077	10.8520875561194	7121.08379235452	-3558.54189617726	No	0.0
K23537	4.75889938918791	4437.8334270776	-2216.9167135388	No	0.969
K00303	10.3459995101718	4833.01655255449	-2414.50827627724	No	0.283
K22550	27.9376345953114	2060.31847526983	-1028.15923763491	No	0.129
K02053	12.2795994249152	5339.11456769028	-2667.55728384514	No	0.103
K02054	11.6755319595806	4127.03367732213	-2061.51683866106	No	0.468
K02052	13.9222440207056	5423.31002961665	-2709.65501480833	No	0.06
K02055	14.7296488598659	4948.2664573904	-2472.1332286952	No	0.188
K01474	19.7314065094637	5813.71108275572	-2904.85554137786	No	0.0
K01473	19.5049123071688	6161.44359705059	-3078.7217985253	No	0.0
K10701	35.7259729964213	3266.04108370707	-1631.02054185354	No	0.0
K13652	25.4291610705379	5055.80607712492	-2525.90303856246	No	0.0
K01512	7.83909539067268	6026.02041514536	-3011.01020757268	No	0.257
K15268	14.050019252027	4977.91178590282	-2486.95589295141	No	0.091
K03781	10.6749863094063	7228.2075009845	-3612.10375049225	No	0.0
K03119	21.2114627674114	3241.81818453739	-1618.90909226869	No	0.383
K03281	7.55796923564424	5731.08115832736	-2863.54057916368	No	0.338
K14287	6.22583484483565	1705.1112960559	-850.555648027948	No	1.0
K07120	9.7941742228684	4749.70888358135	-2372.85444179067	No	0.466
K22476	6.10340785411697	2424.09664705538	-1210.04832352769	No	0.991
K01424	7.09570606086145	5407.02238733629	-2701.51119366815	No	0.215
K02062	19.0755885441923	2513.86538053695	-1254.93269026847	No	0.33
K00135	5.70078775215553	5137.72721576137	-2566.86360788069	No	0.863
K22616	19.2470128902451	840.008505072304	-418.004252536152	No	0.72
K03926	6.13261113326937	3498.59401726523	-1747.29700863261	No	0.961
K04084	2.235485109051	2161.05689956266	-1078.52844978133	No	1.0
K01698	2.87810936658725	2276.51017529135	-1136.25508764568	No	0.993
K07399	2.98687005315916	2748.32269058551	-1372.16134529275	No	1.0
K06202	2.88938068552717	751.733382583889	-373.866691291944	No	1.0
K03413	4.97909000726771	4700.58834548644	-2348.29417274322	No	0.928
K02405	3.77914672893598	3571.84902008604	-1783.92451004302	No	0.998
K09667	15.5555626369643	2985.52471648908	-1490.76235824454	No	0.178
K00978	24.6188667528431	7228.86883717636	-3612.43441858818	No	0.0
K01709	25.9330554541839	5832.38155391985	-2914.19077695992	No	0.0
K13010	21.7967158417367	4471.18872280461	-2233.5943614023	No	0.0
K00627	2.87648244774516	3371.32996029279	-1683.66498014639	Yes	0.992
K11711	2.6386188768441	410.572530318803	-203.286265159402	No	1.0
K13041	17.5840360557772	1238.01828515491	-617.009142577456	No	0.975
K14987	12.7272890034425	1623.24825254531	-809.624126272656	No	0.922
K01414	2.02150695843748	1442.047585795	-719.023792897501	No	1.0
K06182	4.88317090159849	2684.25059994621	-1340.12529997311	No	1.0
K03181	2.34729097465916	1086.52182517153	-541.260912585767	No	1.0
K02452	6.67291873746664	2802.98187221395	-1399.49093610698	No	0.974
K02456	5.42870176504888	4068.23594328652	-2032.11797164326	No	0.938
K02457	7.50858403503249	2759.67711076524	-1377.83855538262	No	0.988
K02458	6.21654610968779	3075.50321731398	-1535.75160865699	No	0.984
K02459	6.47234127923461	3229.49433997967	-1612.74716998983	No	0.98
K02460	5.91507749234487	3125.45471195698	-1560.72735597849	No	0.987
K02461	6.93850987094748	2972.56323506718	-1484.28161753359	No	0.978
K02462	6.44578399152426	2548.35319516422	-1272.17659758211	No	0.991
K02463	5.61125799419758	1544.1555805218	-770.077790260899	No	0.997
K02454	5.85472455333211	4312.04055596108	-2154.02027798054	No	0.912
K02453	6.29110847020177	3315.2742800359	-1655.63714001795	No	0.984
K02455	7.95385871662169	2781.70162907173	-1388.85081453586	No	0.964
K04752	3.47837994241354	1510.31311750361	-753.156558751806	No	1.0
K16053	7.18583376559441	3280.26124507241	-1638.1306225362	No	0.956
K09699	17.9551406619363	1843.58530291928	-919.792651459639	No	0.901
K00167	5.79494683929551	2242.59622537727	-1119.29811268863	No	0.999
K00166	6.21311252391058	2113.02836770792	-1054.51418385396	No	0.994
K00657	10.8366190152431	6706.5763428493	-3351.28817142465	No	0.011
K00793	5.26026148233376	2933.71610965445	-1464.85805482722	No	0.615
K05595	4.1942870866131	3966.26877046828	-1981.13438523414	No	0.996
K01458	3.82533110743999	3249.74922716951	-1622.87461358475	No	0.99
K16014	12.0053869952851	1235.5430924127	-615.771546206352	No	0.943
K01434	8.24195471766292	4839.37962631001	-2417.68981315501	No	0.789
K06934	15.7088435716193	5009.62954272385	-2502.81477136193	No	0.0
K08151	13.3974522663231	4896.52092274989	-2446.26046137495	No	0.015
K18476	7.96311116868805	4856.41417083188	-2426.20708541594	No	0.508
K04343	14.8242363658924	4031.80962344493	-2013.90481172246	No	0.27
K13816	17.6838615822026	1156.61546297768	-576.307731488838	No	0.926
K14051	24.2423752848196	1207.20039036705	-601.600195183524	No	0.836
K18013	10.7398931180605	5419.71954156832	-2707.85977078416	No	0.041
K08357	23.9022318775534	2001.94286873513	-998.971434367566	No	0.063
K08359	34.8689081875087	1300.88556062419	-648.442780312094	No	0.337
K08358	23.4788077598864	2052.99831403911	-1024.49915701956	No	0.043
K02193	3.22902995269451	2588.12104583866	-1292.06052291933	No	1.0
K02196	2.95045510042035	2042.47446783576	-1019.23723391788	No	1.0
K02199	2.34422259376827	2519.2109457513	-1257.60547287565	No	1.0
K02200	2.17688941027206	2139.56605288408	-1067.78302644204	No	1.0
K13770	6.15994179774635	2479.36889012368	-1237.68444506184	No	0.874
K13774	24.5973055468829	1397.81196860797	-696.905984303983	No	0.495
K13766	5.63974889034366	2615.45667330795	-1305.72833665398	No	0.998
K18118	15.0901625460117	4134.63467286504	-2065.31733643252	No	0.426
K05802	7.44722937215169	2072.62076553198	-1034.31038276599	No	0.998
K11072	7.75281338807164	5770.78145519649	-2883.39072759824	No	0.325
K01682	3.59618018183621	2790.86723106627	-1393.43361553313	No	1.0
K00569	9.07719024128348	1722.45077594783	-859.225387973913	No	0.973
K09794	5.17413665385643	2797.53654621159	-1396.76827310579	No	0.998
K05548	31.7506234434789	3585.63336706946	-1790.81668353473	No	0.0
K22310	4.72103960746487	2139.18744891766	-1067.59372445883	No	1.0
K00796	4.20422810359356	2732.80401431636	-1364.40200715818	No	0.712
K02427	0.690386672050169	588.272896159221	-292.136448079611	No	1.0
K09016	8.91560864168962	1151.82937406391	-573.914687031953	No	0.994
K08478	36.2015446477047	1176.24175909795	-586.120879548977	No	0.195
K15634	6.11024695087062	1203.83802591565	-599.919012957823	No	0.993
K12979	20.1861073955851	1443.15355055546	-719.576775277732	No	0.959
K07215	20.5455070963194	3835.34504266138	-1915.67252133069	No	0.065
K07062	26.8493453408469	5801.15017917924	-2898.57508958962	No	0.0
K00666	6.29752311855586	4911.58728785088	-2453.79364392544	No	0.869
K13953	18.9876482867353	7389.54818498628	-3692.77409249314	No	0.0
K05520	11.6178314756397	7548.45597843681	-3772.2279892184	No	0.0
K04763	4.24888481462381	4610.85245869816	-2303.42622934908	No	0.797
K00252	4.41906677688818	3323.14687528258	-1659.57343764129	No	1.0
K01589	2.52172517264753	2873.8530526763	-1434.92652633815	Yes	0.992
K03611	1.36282517108033	1686.42084914079	-841.210424570396	No	1.0
K06162	13.9343970637048	3869.32762260754	-1932.66381130377	No	0.231
K02043	15.4639886694213	2535.90313693828	-1265.95156846914	No	0.698
K05774	14.4368894278127	2441.10661000391	-1218.55330500195	No	0.896
K03831	3.52349919546503	2177.9311743987	-1086.96558719935	No	0.997
K16322	3.90166246214903	388.467896634405	-192.233948317203	No	1.0
K07396	17.2683200570297	5753.85585414082	-2874.92792707041	No	0.001
K18997	15.9240627360428	3438.86996042772	-1717.43498021386	No	0.264
K05516	9.87233902751784	4867.90961338564	-2431.95480669282	No	0.224
K03182	3.31325552868804	3010.17551490205	-1503.08775745102	No	1.0
K05594	5.13166533842149	943.672078523226	-469.836039261613	No	1.0
K15578	15.7519139373592	2929.73026985021	-1462.86513492511	No	0.323
K15577	15.0291826703709	3566.9264245755	-1781.46321228775	No	0.142
K15576	15.3901123205738	3381.43429875668	-1688.71714937834	No	0.163
K22067	20.9908203138371	1424.43788994281	-710.218944971403	No	0.789
K02302	5.23332667005868	2544.54701938393	-1270.27350969196	No	1.0
K02303	4.88212778618865	4589.64366317757	-2292.82183158878	No	0.699
K02304	6.04174325388257	4681.59249041254	-2338.79624520627	No	0.932
K00761	2.51574770562285	2622.51535192901	-1309.25767596451	No	0.998
K07259	2.63343859614702	2875.02295584228	-1435.51147792114	No	1.0
K03072	2.29957821675439	2867.55486827637	-1431.77743413818	No	1.0
K03074	3.43364131563575	3586.34594531696	-1791.17297265848	No	1.0
K06189	2.8412399666688	2843.29737629328	-1419.64868814664	No	1.0
K03820	1.32470968914603	1775.14551013145	-885.572755065727	No	1.0
K11187	8.33175459400543	1973.29293378292	-984.646466891459	No	0.985
K03303	12.5042593662027	6888.50567896709	-3442.25283948354	No	0.0
K06044	9.70439189273532	4181.7499903694	-2088.8749951847	No	0.762
K01236	9.58306492852463	4183.36627340554	-2089.68313670277	No	0.766
K01214	7.9674787114428	4443.38134152261	-2219.6906707613	No	0.871
K05343	9.59903327057527	4287.445435415	-2141.7227177075	No	0.596
K16147	4.62331207849765	3294.87247842497	-1645.43623921248	No	0.991
K07027	8.40735617871763	6491.32441023063	-3243.66220511532	No	0.071
K07300	11.9507437970353	4856.7154777795	-2426.35773888975	No	0.361
K16052	9.14229840715953	4600.44165591363	-2298.22082795681	No	0.245
K08995	11.9676131851131	5118.03276366405	-2557.01638183203	No	0.312
K07576	9.94619186313388	6432.63997091416	-3214.31998545708	No	0.0
K01420	4.97325741732663	2100.38059766841	-1048.1902988342	No	1.0
K19736	24.1516477313391	1467.56460933294	-731.782304666472	No	0.792
K13985	10.2785135006511	5709.06386182139	-2852.53193091069	No	0.427
K00116	4.27345023856906	3326.56320073161	-1661.28160036581	No	0.999
K02509	22.9172183222654	3413.84960391406	-1704.92480195703	No	0.073
K00529	8.23662220979584	4723.34728371931	-2359.67364185966	No	0.847
K19746	12.1915274155199	1931.69506667687	-963.847533338437	No	0.914
K12685	31.5602235738558	2003.78239633865	-999.891198169323	No	0.08
K18305	33.7726033899334	950.255322202257	-473.127661101128	No	0.032
K13639	13.3242737637178	4654.1674902808	-2325.0837451404	No	0.55
K09958	19.0528332605407	5387.70259395203	-2691.85129697601	No	0.003
K07401	12.3855505256015	2979.93540748043	-1487.96770374021	No	0.854
K09936	12.8901963386558	7250.16204706937	-3623.08102353469	No	0.0
K21757	26.8041572440169	4163.3533188494	-2079.6766594247	No	0.008
K18991	34.9638790868908	2160.98626611022	-1078.49313305511	No	0.033
K01613	2.56145695636266	2647.16274947988	-1321.58137473994	No	1.0
K11381	8.41376485013696	4185.79613772703	-2090.89806886352	No	0.579
K01975	5.33776136099155	4810.44330141578	-2403.22165070789	No	0.874
K00477	18.2377519990651	3412.04506052737	-1704.02253026369	No	0.005
K15054	44.4481544947769	1377.03092160766	-686.51546080383	No	0.0
K01483	11.3054896101681	2976.93618713956	-1486.46809356978	No	0.887
K16345	12.6545674634531	1451.34181090343	-723.670905451715	No	0.989
K04079	3.99566858803052	3946.93517454101	-1971.4675872705	No	0.995
K19577	13.2624260048877	5296.45336294111	-2646.22668147055	No	0.377
K08194	30.6109321280213	1968.0541197559	-982.027059877948	No	0.457
K01684	23.6997787336955	5742.5946878882	-2869.2973439441	No	0.0
K01631	14.7278744611159	2935.7433983719	-1465.87169918595	No	0.835
K00883	14.1961175794752	3778.17630349324	-1887.08815174662	No	0.617
K03806	1.58628568017795	626.266970853021	-311.133485426511	No	1.0
K03154	7.57396432632838	5976.32638353922	-2986.16319176961	No	0.084
K01259	8.32008551725784	5859.90555636806	-2927.95277818403	No	0.308
K03439	2.70276075930559	2439.42416712363	-1217.71208356182	No	0.917
K19156	32.0346040875969	5600.71114300492	-2798.35557150246	No	0.0
K19155	39.8060059760418	2479.94100194294	-1237.97050097147	No	0.0
K06900	31.408640918912	3927.14074462792	-1961.57037231396	No	0.0
K03672	12.3329694226894	4378.56928780787	-2187.28464390394	No	0.366
K03799	3.40300473619542	3668.78629813283	-1832.39314906641	No	0.997
K07154	29.4134392772187	10130.6416197541	-5063.32080987704	No	0.0
K03790	6.36888571394052	5902.54725871803	-2949.27362935901	No	0.563
K09788	10.9678465773659	3264.64849304662	-1630.32424652331	No	0.835
K20455	8.88330706568559	1510.8547970751	-753.42739853755	No	0.996
K01729	28.0833335868295	3864.12482605341	-1930.0624130267	No	0.0
K00383	2.34867168194153	1784.82932882037	-890.414664410187	Yes	1.0
K00984	17.1322961354488	6378.89599109339	-3187.44799554669	No	0.0
K05916	13.1935601993332	5327.31542031779	-2661.65771015889	No	0.427
K06133	11.7943014789001	7490.54507153199	-3743.27253576599	No	0.0
K00647	6.88023719613562	3733.45564801206	-1864.72782400603	No	0.983
K02346	3.3193475056281	3864.53963171975	-1930.26981585987	No	0.108
K11935	36.2635360637162	1597.33060140763	-796.665300703817	No	0.439
K11931	23.4471248386715	2305.5998294754	-1150.7999147377	No	0.37
K11936	26.6903657167737	3391.26587849041	-1693.6329392452	No	0.007
K11937	30.1829939381986	1535.37431963771	-765.687159818854	No	0.467
K07313	9.92717550937027	6253.00584961086	-3124.50292480543	No	0.04
K06221	9.26917166560398	3089.55942907803	-1542.77971453901	No	0.97
K14347	9.31407695095086	3960.4012652823	-1978.20063264115	No	0.932
K07455	150.505181468338	5007.13940335828	-2501.56970167914	No	0.0
K04764	0.826374298524313	712.044203067802	-354.022101533901	No	1.0
K09806	0.61399570387503	453.699719785492	-224.849859892746	No	1.0
K01920	1.61565902719905	1949.7662621549	-972.883131077452	No	1.0
K00067	14.5000811180979	7873.11429181011	-3934.55714590506	No	0.0
K02495	5.000076512964	4702.55544013892	-2349.27772006946	No	0.903
K09472	21.4720043313687	3968.2040950015	-1982.10204750075	No	0.066
K21700	22.189513275209	2879.91152620804	-1437.95576310402	No	0.012
K06145	10.3804496068708	2482.52407805057	-1239.26203902528	No	0.993
K21394	26.4444104257258	2693.41766510724	-1344.70883255362	No	0.007
K21393	25.5949822733787	2475.05650468911	-1235.52825234455	No	0.011
K21395	15.2530139503653	4220.38777471133	-2108.19388735567	No	0.001
K22186	22.2463357411641	2114.07950081411	-1055.03975040706	No	0.534
K09790	9.71370689717659	5119.88067233907	-2557.94033616954	No	0.455
K21196	19.9026809603286	2363.24824785042	-1179.62412392521	No	0.38
K07483	67.277155729403	11844.1099559401	-5920.05497797005	No	0.0
K06926	34.3077538838594	7611.40409750569	-3803.70204875284	No	0.0
K08086	4.54791383693271	1379.04205773784	-687.521028868918	No	0.999
K12543	17.5760399213084	3083.25693733959	-1539.6284686698	No	0.508
K19231	37.1253992768827	1293.59177981357	-644.795889906787	No	0.17
K01601	14.8487985818204	3697.15229386441	-1846.5761469322	No	0.008
K23247	32.5255072611349	2256.23997544203	-1126.11998772102	No	0.0
K07303	10.3004036908983	4199.58024484452	-2097.79012242226	No	0.605
K07302	10.3132478387621	3824.34656470723	-1910.17328235361	No	0.692
K13979	15.7426049507428	6406.29978680178	-3201.14989340089	No	0.007
K11735	20.2253200724612	2192.34437547999	-1094.17218773999	No	0.862
K01971	6.23405014333522	4658.30601132316	-2327.15300566158	No	0.931
K10979	6.94691796082751	4796.31277718749	-2396.15638859374	No	0.868
K18201	28.1609729632309	3401.60347550184	-1698.80173775092	No	0.0
K18335	26.3889049165789	1676.46238996308	-836.23119498154	No	0.726
K00005	16.6562257715996	5073.40393387779	-2534.7019669389	No	0.0
K13247	34.5602290569567	931.662047241843	-463.831023620921	No	0.138
K01681	3.76383685047698	3993.02493849835	-1994.51246924918	No	0.996
K15777	10.626984659365	6118.54328429125	-3057.27164214562	No	0.095
K12511	7.91300765161979	5340.60081354742	-2668.30040677371	No	0.515
K12510	5.62452690111395	5273.05677699919	-2634.5283884996	No	0.859
K02283	5.62727134153029	5315.65644859008	-2655.82822429504	No	0.837
K02282	9.03573275166595	4718.87340326523	-2357.43670163261	No	0.487
K02280	9.70925109521937	3644.28350255386	-1820.14175127693	No	0.9
K02279	7.69692622281404	6141.67322367304	-3068.83661183652	No	0.35
K02278	11.5810046849769	4363.96997644674	-2179.98498822337	No	0.361
K02651	11.6857667280106	5645.50336578141	-2820.75168289071	No	0.041
K01174	12.2376912687058	7038.96000173797	-3517.48000086899	No	0.0
K00823	16.3858735820451	4102.59628020354	-2049.29814010177	No	0.336
K11414	6.48079108032775	2111.64453270283	-1053.82226635141	No	0.999
K16692	18.3965361762821	2145.51873615849	-1070.75936807924	No	0.878
K03606	10.3182279754154	4773.82958781654	-2384.91479390827	No	0.553
K03207	34.0800260825378	1598.94201477594	-797.471007387968	No	0.232
K00971	5.62084856936504	5384.57043659962	-2690.28521829981	No	0.827
K16011	5.92640991363857	3618.35740841727	-1807.17870420863	No	0.982
K01711	17.9539646767584	9019.21973425411	-4507.60986712706	No	0.0
K02377	16.7158935140218	7885.00500091142	-3940.50250045571	No	0.0
K03818	20.7520781228514	3507.64143953663	-1751.82071976831	No	0.001
K03208	25.5894241165302	4533.29256325663	-2264.64628162831	No	0.0
K01782	5.57424613106386	2770.52613651159	-1383.26306825579	No	0.998
K06076	3.72417254187492	3190.18082348021	-1593.09041174011	No	1.0
K00632	4.25910121874444	3998.92996266153	-1997.46498133077	Yes	0.997
K18893	7.14443789167079	1793.38044710361	-894.690223551803	No	0.999
K02526	25.6277443051393	3717.62916770231	-1856.81458385115	No	0.0
K22129	22.956807965965	4279.93618530375	-2137.96809265187	No	0.0
K22024	22.1223744642477	5289.03508528931	-2642.51754264465	No	0.0
K13821	3.35831727296142	2887.1610499782	-1441.5805249891	No	1.0
K09857	8.8721300841923	2221.3599852243	-1108.67999261215	No	0.997
K06192	5.89170150083405	1961.52492096894	-978.762460484472	No	1.0
K03808	6.90839068728908	2313.65726382468	-1154.82863191234	No	1.0
K03694	1.44575634466198	1400.83529977514	-698.417649887572	No	1.0
K05367	9.22067571969904	4035.94508439312	-2015.97254219656	No	0.806
K06894	7.84821496280805	4383.33399200358	-2189.66699600179	No	0.81
K06891	1.18116289863085	1587.46094042977	-791.730470214886	No	1.0
K09005	4.3259995617353	3855.2709852668	-1925.6354926334	No	0.978
K00912	0.646555377847085	879.718762454403	-437.859381227201	No	1.0
K09791	1.5201158987219	1881.49864400953	-938.749322004764	No	1.0
K00979	1.32090264679092	1858.25489276595	-927.127446382976	No	1.0
K08683	5.46075940115226	3538.18836311345	-1767.09418155673	No	0.995
K01630	12.9275361586693	579.331910101845	-287.665955050923	No	0.998
K02510	14.181833029346	6771.78133642467	-3383.89066821234	No	0.0
K00455	32.5672165646156	2051.15560419227	-1023.57780209614	No	0.214
K00151	21.7621474167478	3359.08335066367	-1677.54167533183	No	0.114
K01826	18.7376009688503	3710.62074978264	-1853.31037489132	No	0.468
K05921	21.3097878559276	2987.59872699824	-1491.79936349912	No	0.067
K02291	7.56836676583017	4007.54816788039	-2001.7740839402	No	0.882
K03695	2.90852268526089	2739.19428293034	-1367.59714146517	No	0.92
K04046	8.45983755540934	2499.22334768873	-1247.61167384437	No	0.996
K12243	32.4030327094956	1689.24170481541	-842.620852407707	No	0.0
K09954	5.33018602470583	1707.51113631536	-851.755568157682	No	1.0
K10218	27.1448988898695	5138.33572980363	-2567.16786490182	No	0.0
K06079	15.7598491025037	2626.15565206591	-1311.07782603296	No	0.784
K01455	26.8828582132729	3530.65770764235	-1763.32885382117	No	0.0
K19092	23.8700603781942	9220.72692891044	-4608.36346445522	No	0.0
K23010	4.48110816416598	2388.66779693486	-1192.33389846743	No	1.0
K08997	6.28595671287728	4504.13174830493	-2250.06587415246	No	0.944
K05539	0.859021883195949	785.177866300819	-390.58893315041	No	1.0
K02204	4.45340062221984	3555.71362914412	-1775.85681457206	No	0.99
K07101	8.88928529380995	2488.98430757644	-1242.49215378822	No	0.977
K03665	0.801826678565753	1416.3734667431	-706.186733371549	No	0.908
K03666	0.843766855688745	1080.33355991593	-538.166779957966	No	1.0
K17713	1.30565776738333	1883.04297636715	-939.521488183577	No	1.0
K15539	1.56349087596775	1908.06191907162	-952.030959535811	No	1.0
K00940	3.05805811446756	2444.73836067678	-1220.36918033839	No	0.95
K04085	3.98609925142717	3522.36917927743	-1759.18458963872	No	0.999
K07140	9.42005072052683	2793.31369515176	-1394.65684757588	No	0.985
K10674	16.2057519658365	3113.72864670434	-1554.86432335217	No	0.469
K06720	9.10230321788274	3657.37342356432	-1826.68671178216	No	0.782
K00836	11.3871313065821	4816.21527933424	-2406.10763966712	No	0.477
K06718	8.66685297851597	2976.56981294527	-1486.28490647263	No	0.898
K07148	11.4440384938974	5749.55086451407	-2872.77543225704	No	0.164
K02621	1.90223031094402	1873.10447390266	-934.552236951328	No	1.0
K02622	3.28338792944473	2659.36812815109	-1327.68406407554	No	1.0
K00982	1.05516375132242	1226.42473093856	-611.212365469278	No	1.0
K00128	11.4180018737255	4357.25290980877	-2176.62645490439	No	0.394
K00146	23.4797835500398	3787.6060416263	-1891.80302081315	No	0.008
K03543	8.26987605279085	4248.16059585966	-2122.08029792983	No	0.898
K03446	9.27754417587745	6196.99158153788	-3096.49579076894	No	0.117
K12981	47.7663486665998	1054.57938877412	-525.28969438706	No	0.264
K00228	0.991432848040757	1130.11518320444	-563.05759160222	Yes	1.0
K11103	12.2199346635313	4735.0986005936	-2365.5493002968	No	0.689
K10125	10.5214292431499	2333.19806101622	-1164.59903050811	No	0.981
K10126	14.9170954455002	2438.42930802274	-1217.21465401137	No	0.921
K05820	6.81516119682285	3567.06137030576	-1781.53068515288	No	0.963
K02480	17.0348780234486	2730.33770088437	-1363.16885044218	No	0.66
K10831	22.6162684305006	2680.52810069094	-1338.26405034547	No	0.351
K06893	26.0089300798874	7327.66837671548	-3661.83418835774	No	0.0
K03852	25.2416725121386	2241.34241149771	-1118.67120574886	No	0.036
K05591	6.97027830408972	1613.84600280522	-804.92300140261	No	1.0
K01669	6.89628515891536	5644.07298023646	-2820.03649011823	No	0.509
K03776	14.1024138728945	1719.97956431925	-857.989782159626	No	0.945
K00097	3.15161510156567	3198.51970724864	-1597.25985362432	No	1.0
K00432	7.67028842940061	5843.48012161538	-2919.74006080769	No	0.105
K03800	5.06806823193314	4540.69627952424	-2268.34813976212	No	0.928
K00261	8.18855712743026	3444.24663695052	-1720.12331847526	No	0.73
K01479	12.4334101750369	4266.92358279975	-2131.46179139988	No	0.577
K02341	4.24991822211837	4451.9264906145	-2223.96324530725	No	0.932
K06980	2.33064861924177	2128.38822523391	-1062.19411261696	No	1.0
K22736	10.5142990855425	7040.57283242624	-3518.28641621312	No	0.005
K11538	9.00753451754854	2166.60758151126	-1081.30379075563	No	0.967
K09801	0.721302858851949	598.368512734188	-297.184256367094	No	1.0
K18588	0.841822079372484	666.223115825301	-331.11155791265	No	1.0
K10778	8.32035307800849	4722.4511988439	-2359.22559942195	No	0.809
K01007	6.60384937330432	5063.51097600546	-2529.75548800273	No	0.83
K09773	2.7162860473008	2845.01362040967	-1420.50681020484	No	1.0
K00748	0.647153328644169	915.726597619337	-455.863298809669	No	1.0
K00677	0.978261461334495	1399.80582760509	-697.902913802546	No	1.0
K02536	1.01160757787539	1476.91319140929	-736.456595704644	No	1.0
K06142	0.820653758676784	1108.2484554854	-552.124227742701	No	1.0
K07277	0.642169165849703	968.005326412649	-482.002663206324	No	1.0
K00990	1.51512957837947	1551.65500234122	-773.827501170608	No	1.0
K09962	22.5059121390955	4482.62024256376	-2239.31012128188	No	0.003
K03749	2.71963516243843	1078.24818017122	-537.124090085612	No	1.0
K06603	4.1682399132246	2651.61885788527	-1323.80942894264	No	0.997
K02423	8.17845316305228	2491.58336030847	-1243.79168015424	No	0.963
K01749	3.50974895999642	2658.79855612331	-1327.39927806166	No	0.95
K01719	2.76228214812029	2524.53732185444	-1260.26866092722	No	0.953
K02496	0.984175035995114	402.158130941762	-199.079065470881	No	1.0
K02498	1.77405205027295	921.053738850385	-458.526869425192	No	1.0
K01507	2.03807221270923	2357.02780555827	-1176.51390277914	No	1.0
K07175	2.90521427586406	2725.44002905504	-1360.72001452752	No	1.0
K03564	2.95373898713653	2565.5329291471	-1280.76646457355	No	0.994
K09008	4.36778949700062	1312.75589310708	-654.377946553539	No	1.0
K14261	2.57417521233018	1497.85516445365	-746.927582226825	No	1.0
K03841	3.08880389449086	2831.72494149625	-1413.86247074812	No	1.0
K01256	2.6274545719696	3092.94564204506	-1544.47282102253	No	1.0
K03746	4.77694482135177	2072.36458079105	-1034.18229039553	No	0.999
K03568	3.23226286043879	3348.81924263099	-1672.4096213155	No	1.0
K00102	7.29320938381421	2469.63685949032	-1232.81842974516	No	0.967
K00104	5.22282513222929	4623.43916688171	-2309.71958344086	No	0.926
K11472	7.16074530523389	2911.98995169272	-1453.99497584636	No	0.986
K11473	5.15270921342515	3704.50025251116	-1850.25012625558	No	0.979
K00325	4.78201246148302	4053.92862663073	-2024.96431331537	No	0.994
K00324	4.55299394229169	4017.84705977344	-2006.92352988672	No	0.993
K18911	7.9455722343567	3397.32194722593	-1696.66097361297	No	0.962
K05812	3.80592099131272	1315.66040587153	-655.830202935766	No	1.0
K12573	1.14816785562739	1901.58890991339	-948.794454956697	No	1.0
K07336	11.5985999914092	3201.19837361376	-1598.59918680688	No	0.836
K03549	5.63155372310815	4393.66689107552	-2194.83344553776	No	0.957
K13529	9.7524144507111	3261.43444885075	-1628.71722442537	No	0.928
K09767	2.06578183630849	2109.61992547563	-1052.80996273781	No	1.0
K07225	16.312431758129	3167.04869144158	-1581.52434572079	No	0.496
K01556	7.25463234652443	4378.18054019811	-2187.09027009905	No	0.926
K11068	6.69151625678616	5199.68526982525	-2597.84263491262	No	0.457
K02424	14.6653510715651	3538.92381482838	-1767.46190741419	No	0.841
K10009	12.3676117401314	4023.81737593017	-2009.90868796508	No	0.791
K15790	21.193399982584	1689.41916199759	-842.709580998796	No	0.499
K03745	3.15940311745835	1455.40559592877	-725.702797964386	No	1.0
K06132	13.644776682016	3598.84398276027	-1797.42199138013	No	0.678
K09990	21.0374013912847	3361.71327089882	-1678.85663544941	No	0.237
K03919	8.89897395044907	2700.12255388438	-1348.06127694219	No	0.975
K13444	20.2072411983947	6449.74280131466	-3222.87140065733	No	0.0
K03449	9.10152229319585	5604.61927463402	-2800.30963731701	No	0.527
K11747	18.0116210500236	1996.81374036151	-996.406870180753	No	0.931
K11085	2.80485942142643	2718.22085977591	-1357.11042988796	No	1.0
K02844	8.08422377720793	2024.79145030537	-1010.39572515268	No	0.955
K12984	7.04073260249	3402.50716709174	-1699.25358354587	No	0.953
K03578	1.4702072460554	1248.80097244674	-622.400486223371	No	1.0
K21843	2.34391681517144	2662.70855674451	-1329.35427837226	No	1.0
K14682	1.27398206118177	734.60358366626	-365.30179183313	No	1.0
K01807	2.03942790994974	2785.55189560323	-1390.77594780161	No	1.0
K09456	8.97415480309322	3175.92204301448	-1585.96102150724	No	0.986
K03652	6.76215110038875	4945.67130571571	-2470.83565285786	No	0.811
K11070	5.41664266029868	4683.84314806306	-2339.92157403153	No	0.926
K11071	5.48930366774665	4753.90433331835	-2374.95216665918	No	0.93
K11211	1.69991188529717	597.950941053407	-296.975470526704	No	1.0
K11690	12.8510941034403	4400.59767380887	-2198.29883690444	No	0.1
K16841	18.3868870355028	5041.10841351596	-2518.55420675798	No	0.003
K10221	26.4165816536587	2446.16003334175	-1221.08001667088	No	0.0
K19338	24.3413411640022	2569.65167555643	-1282.82583777822	No	0.221
K12941	19.2256419613554	6038.09421085143	-3017.04710542572	No	0.0
K16267	7.57594430546895	978.679820092384	-487.339910046192	No	0.941
K01752	6.69639462358035	5145.03651959341	-2570.51825979671	No	0.161
K01011	4.04284211693151	4026.66217391828	-2011.33108695914	No	0.995
K05306	25.581894732424	3971.79106625353	-1983.89553312677	No	0.0
K00795	3.60430837651259	1807.80517940539	-901.902589702695	No	1.0
K09007	3.87559086669611	2817.08415529144	-1406.54207764572	No	0.996
K02686	7.25757288308248	1163.17074954344	-579.585374771721	No	0.997
K03554	2.22395645947899	989.925172341347	-492.962586170674	No	1.0
K03576	4.97835109902738	2639.88441650488	-1317.94220825244	No	1.0
K01903	1.83650931198425	2396.64295238916	-1196.32147619458	No	1.0
K01902	1.81455919808475	2323.45048019277	-1159.72524009639	No	1.0
K01856	31.1503140272992	3296.57039869262	-1646.28519934631	No	0.005
K01304	12.073326405898	5231.90022490098	-2613.95011245049	No	0.044
K13635	14.4088669134131	1024.99435279684	-510.497176398421	No	0.993
K09939	14.9885834560296	3080.72946475314	-1538.36473237657	No	0.428
K07168	16.5456518633717	5203.48010275102	-2599.74005137551	No	0.021
K02182	26.3144287181733	4178.64699825653	-2087.32349912826	No	0.0
K01725	25.0047723620871	4348.25941671599	-2172.12970835799	No	0.0
K02362	10.468820313784	3561.00894519046	-1778.50447259523	No	0.875
K07684	18.1594661514537	2177.71383493111	-1086.85691746556	No	0.664
K07673	19.6967415750218	1743.8941542074	-869.947077103698	No	0.802
K03753	5.51028690670636	3546.520699081	-1771.2603495405	No	0.982
K03639	5.39561982554382	4836.61425882974	-2416.30712941487	No	0.442
K00374	16.8877226358908	6784.5732533211	-3390.28662666055	No	0.0
K02575	13.0492869357537	7256.16005642969	-3626.08002821484	No	0.0
K07234	11.2328278974407	3435.82393304532	-1715.91196652266	No	0.636
K00054	2.97342704656921	3022.88483168395	-1509.44241584198	No	0.98
K03637	5.18470530868454	4645.30833627248	-2320.65416813624	No	0.547
K03636	4.77897638598255	4772.21637452459	-2384.10818726229	No	0.825
K03635	3.52310539737158	4000.7885027658	-1998.3942513829	Yes	0.987
K03638	3.97943683337816	2540.71072498083	-1268.35536249042	No	1.0
K03750	4.99291813911638	4600.89956994513	-2298.44978497256	No	0.637
K03752	7.36340538932172	6114.55231369931	-3055.27615684965	No	0.06
K00123	10.4525124594473	4937.89494799438	-2466.94747399719	No	0.416
K02379	6.06750998250835	5150.7461451751	-2573.37307258755	No	0.736
K00126	14.5794130107003	2390.29370795687	-1193.14685397844	No	0.776
K08177	14.3253308792342	6643.17052366511	-3319.58526183256	No	0.0
K07637	5.0275306681693	1783.40886829337	-889.704434146686	No	1.0
K16514	31.5165713501838	4033.30110329313	-2014.65055164656	No	0.0
K01941	22.7975970789916	4003.47016565485	-1999.73508282743	No	0.016
K01457	21.6919984585668	4738.38387497233	-2367.19193748616	No	0.0
K11963	12.6739214746515	4441.55024620618	-2218.77512310309	No	0.406
K03407	4.75496025814035	4291.55606501046	-2143.77803250523	No	0.963
K03408	4.86983147596366	4244.69146528087	-2120.34573264043	No	0.979
K00575	6.89929834041433	5409.29483190071	-2702.64741595035	No	0.613
K03414	5.14590864407113	1619.71606442652	-807.858032213262	No	1.0
K02401	4.52871291557204	4260.81001202328	-2128.40500601164	No	0.983
K02400	4.57754794535228	4310.56014545218	-2153.28007272609	No	0.96
K02404	3.17903279593046	2335.13989159942	-1165.56994579971	No	1.0
K02399	7.23359404108441	3142.60941287902	-1569.30470643951	No	0.986
K02398	3.65486046387688	2982.91654254264	-1489.45827127132	No	1.0
K02386	4.08025528340187	2665.8590013813	-1330.92950069065	No	1.0
K02389	3.74635433253464	3810.41559636476	-1903.20779818238	No	0.997
K02390	4.62850105145993	4319.21485731955	-2157.60742865977	No	0.974
K02391	5.74828537714493	2499.57777138204	-1247.78888569102	No	0.999
K02392	3.89983320815153	3611.36812073703	-1803.68406036851	No	0.998
K02395	5.16916705677523	4837.93795426951	-2416.96897713475	No	0.942
K02397	4.48600419600387	3832.08694916771	-1914.04347458386	No	0.992
K05875	24.4327537923449	603.07482314668	-299.53741157334	No	0.982
K02421	4.63563137272965	4308.23006174393	-2152.11503087197	No	0.977
K02420	4.5950733407717	4291.53923036207	-2143.76961518103	No	0.982
K02419	4.11348330362679	4051.01135441563	-2023.50567720782	No	0.994
K02418	4.58616294145517	4212.52948511019	-2104.26474255509	No	0.986
K02417	4.03783076688967	4064.94986865368	-2030.47493432684	No	0.989
K02416	4.34745115827255	4136.99673445097	-2066.49836722549	No	0.988
K02415	3.8415993569585	3606.53836485988	-1801.26918242994	No	0.997
K02414	5.64740490183413	4063.72290699717	-2029.86145349858	No	0.941
K02413	4.48953935637869	3748.93891058406	-1872.46945529203	No	0.992
K02412	4.23884163464963	3326.23229171172	-1661.11614585586	No	0.998
K21087	9.44223061700361	844.807028637216	-420.403514318608	No	0.999
K04061	4.89707786411142	2573.00879872303	-1284.50439936151	No	0.999
K17680	55.4861179326669	1090.1235483199	-543.061774159952	No	0.0
K06904	31.7072210209608	8189.40994609401	-4092.704973047	No	0.0
K06995	16.5993012089317	4263.78068708336	-2129.89034354168	No	0.104
K02069	12.2712004734125	6534.11857692516	-3265.05928846258	No	0.0
K03897	23.2831204958179	4382.39893645169	-2189.19946822585	No	0.004
K01761	10.8331405892174	2619.61238606502	-1307.80619303251	No	0.554
K01467	16.5133414219063	5481.79455299483	-2738.89727649742	No	0.044
K07223	12.4268551854998	4243.95656656351	-2119.97828328176	No	0.765
K16074	13.0541696906342	2853.86801570725	-1424.93400785363	No	0.91
K09983	14.9527486250792	2564.76216979786	-1280.38108489893	No	0.791
K03932	15.5364611040406	5348.54887440538	-2672.27443720269	No	0.0
K02471	11.4220265780801	3212.94860163919	-1604.4743008196	No	0.881
K06989	26.0473715892299	3720.91630802447	-1858.45815401224	No	0.0
K01436	6.56279381147019	3887.16985919999	-1941.58492959999	No	0.956
K01488	5.75170653477654	4994.49029289985	-2495.24514644993	No	0.876
K21053	11.1117561553924	2215.99025315263	-1105.99512657631	No	0.948
K11906	17.7009840103418	3270.25928937233	-1633.12964468617	No	0.46
K01707	20.9234608664661	3658.59395696436	-1827.29697848218	No	0.117
K13877	18.0107268039884	4773.77426907981	-2384.8871345399	No	0.045
K01708	21.7116636447584	2439.96261184545	-1217.98130592273	No	0.54
K03607	4.01975627194364	1551.53206901395	-773.766034506973	No	1.0
K17733	22.0432041692661	3832.63364481911	-1914.31682240956	No	0.017
K08301	2.27954018408524	2433.43354788237	-1214.71677394119	No	1.0
K01406	20.4800438449132	2367.17522201178	-1181.58761100589	No	0.26
K21600	3.9581834092412	3959.3681559209	-1977.68407796045	No	0.993
K21564	22.2017091298881	1977.85091530677	-986.925457653386	No	0.0
K07341	63.2839453132739	10385.7687293699	-5190.88436468496	No	0.0
K08602	2.20436885425082	2475.22174334608	-1235.61087167304	No	1.0
K21470	4.1885542570439	2584.92058796801	-1290.46029398401	No	1.0
K09948	4.20091230628192	1136.13080213436	-566.065401067182	No	1.0
K22044	3.8995283877018	3892.70014766276	-1944.35007383138	No	0.998
K06952	3.1577675718226	2672.52631930855	-1334.26315965427	No	0.904
K01354	3.43881917175752	2896.03033134884	-1446.01516567442	No	1.0
K00612	17.9401637249058	5199.07029317472	-2597.53514658736	No	0.0
K07010	9.07430766393774	6627.55564176118	-3311.77782088059	No	0.046
K13589	2.56349202857334	1213.06352349734	-604.531761748672	No	0.994
K01048	2.61262138066011	1788.60803150871	-892.304015754356	No	0.999
K04080	2.39512708859519	1292.79146400852	-644.39573200426	No	1.0
K09795	4.71773172445258	1315.63477696412	-655.817388482058	No	0.98
K20920	14.5437753556935	2440.56365235647	-1218.28182617824	No	0.244
K01284	4.55474204865853	3108.93072909452	-1552.46536454726	No	1.0
K01581	3.20731502673646	2373.49160090386	-1184.74580045193	No	0.997
K06140	15.5002783238869	4315.92537357838	-2155.96268678919	No	0.304
K00808	9.07327765718549	1279.90257430571	-637.951287152854	No	0.931
K07461	7.35184112541037	5965.12020134518	-2980.56010067259	No	0.316
K01574	22.7986043655013	3878.57382341849	-1937.28691170924	No	0.0
K02074	9.17383083663379	2548.27354654663	-1272.13677327332	No	0.962
K19689	2.88840013057019	2720.12590834376	-1358.06295417188	No	1.0
K09972	5.38679890391641	2049.68271805023	-1022.84135902511	No	0.996
K06413	6.08870821036523	4580.73685937216	-2288.36842968608	No	0.608
K01602	13.8546186211789	2080.73925800736	-1038.36962900368	No	0.517
K00855	6.44432443642277	2559.48513443949	-1277.74256721974	No	0.988
K17290	16.1631436804456	2507.43649796842	-1251.71824898421	No	0.484
K13283	5.85061996310919	3891.10101440296	-1943.55050720148	No	0.971
K03306	6.24045404844776	5263.19664732143	-2629.59832366071	No	0.724
K08482	19.0428408365588	3686.48079936202	-1841.24039968101	No	0.002
K06193	7.92484110255916	5821.95585086795	-2908.97792543398	No	0.446
K07334	41.7196694914439	6937.01022672271	-3466.50511336135	No	0.0
K18162	2.2797119805321	506.575252983333	-251.287626491666	No	1.0
K07161	6.80065578461019	2750.569366944	-1373.284683472	No	0.978
K08484	1.53457255652103	812.314069757542	-404.157034878771	No	1.0
K17675	2.30491084489966	1534.04777175238	-765.023885876191	No	0.999
K09883	1.97684757882647	1823.46634283936	-909.73317141968	No	0.999
K09882	3.31680475972344	2842.44694731717	-1419.22347365858	No	0.981
K03518	9.53913115186994	4678.5241849009	-2337.26209245045	No	0.251
K03520	9.98698859846882	3254.7432109007	-1625.37160545035	No	0.77
K01478	9.1067317466714	5916.65189013556	-2956.32594506778	No	0.128
K03758	17.2415496488409	4407.56231032077	-2201.78115516039	No	0.09
K00697	6.86254017716576	4486.2565968677	-2241.12829843385	No	0.956
K01087	9.17359809618458	4233.27544923158	-2114.63772461579	No	0.833
K07104	9.83229684560373	4335.84071860901	-2165.92035930451	No	0.476
K05972	18.9924324706015	2477.05491136158	-1236.52745568079	No	0.191
K00322	7.20597030414377	2220.61064068194	-1108.30532034097	No	0.999
K14733	19.0356851032435	1215.22771934998	-605.613859674989	No	0.823
K02022	14.095886215415	1421.54645032191	-708.773225160955	No	0.738
K01768	7.58793987862604	4800.50442181706	-2398.25221090853	No	0.553
K16568	33.0113643798673	4021.9983683338	-2008.9991841669	No	0.0
K07458	34.5219541881229	7806.6158039999	-3901.30790199995	No	0.0
K00558	145.422333019217	12321.899193299	-6158.94959664948	No	0.0
K01716	1.77513863134555	1677.87233590536	-836.936167952678	No	1.0
K22074	1.39297634368472	1279.12224037608	-637.561120188041	No	1.0
K00015	5.65683510025991	2368.82002340366	-1182.41001170183	No	0.978
K09826	1.8193574728177	572.290011112605	-284.145005556303	No	1.0
K03782	8.52870567751448	5872.84156349239	-2934.42078174619	No	0.265
K06890	3.6465901735031	2506.97781403177	-1251.48890701588	No	0.999
K09798	3.7532632008862	2089.00642408057	-1042.50321204029	No	1.0
K09020	34.0106884329787	1833.0364338412	-914.518216920599	No	0.084
K09021	31.6303053454933	1994.91857726155	-995.459288630774	No	0.16
K09023	30.3184863867062	1504.28092592655	-750.140462963273	No	0.265
K22843	6.35449725279037	1501.23191809964	-748.615959049819	No	0.986
K17230	19.8234515172699	2026.3786230499	-1011.18931152495	No	0.036
K05838	1.72600555044883	1620.58851459866	-808.294257299331	No	1.0
K03185	3.05424809183631	1376.4390111377	-686.219505568849	No	1.0
K10805	3.14623256356256	2089.82047177446	-1042.91023588723	No	1.0
K17804	4.75926543653922	819.632915554967	-407.816457777483	No	0.998
K00867	1.29503283431626	1600.63297156488	-798.316485782439	Yes	1.0
K08281	5.6732805260317	4373.15263206074	-2184.57631603037	No	0.98
K00570	15.5551073132265	3937.83567636704	-1966.91783818352	No	0.071
K06203	3.38276746157251	2228.04284308039	-1112.02142154019	No	1.0
K18979	2.03758434400359	2496.8164742329	-1246.40823711645	No	1.0
K00483	22.1434271238171	4284.68398827121	-2140.3419941356	No	0.0
K18939	18.5838802894968	3248.21737418279	-1622.10868709139	No	0.173
K03684	1.19782100088246	1356.9989447787	-676.499472389352	No	1.0
K04773	2.12295392541343	2515.70198384087	-1255.85099192044	No	1.0
K16079	6.11666357265567	1576.02623671657	-786.013118358287	No	0.981
K09160	1.05244020434442	713.502923549229	-354.751461774614	No	1.0
K07716	1.47958648792502	409.640143441228	-202.820071720614	No	1.0
K01577	23.5455950978663	1280.03283738616	-638.016418693078	No	0.713
K03519	14.8986424676253	3652.17068984669	-1824.08534492334	No	0.082
K06985	4.23971215812357	2942.62336077316	-1469.31168038658	No	0.983
K09924	13.7105404664269	3953.77917410439	-1974.88958705219	No	0.547
K16515	36.1241966842442	2680.95610569407	-1338.47805284704	No	0.0
K04102	35.0890452498416	2668.34356374331	-1332.17178187165	No	0.0
K00446	21.96121624886	4725.57253113995	-2360.78626556997	No	0.0
K21883	21.4340873469688	2461.70377135618	-1228.85188567809	No	0.01
K10111	11.5283220392074	2811.52957460587	-1403.76478730294	No	0.966
K01965	3.94931430983755	1658.30412956008	-827.15206478004	No	1.0
K01003	12.9358271903243	408.177548414126	-202.088774207063	No	0.995
K16080	25.7486137436501	858.532561395404	-427.266280697702	No	0.478
K07726	24.707596532407	6647.99198413091	-3321.99599206546	No	0.0
K17760	21.3187829846307	1254.06356279008	-625.031781395041	No	0.647
K00162	4.13235005083624	4334.69469591428	-2165.34734795714	No	0.988
K00161	5.12942479701584	5032.32285417556	-2514.16142708778	No	0.931
K22553	32.4395596440404	2835.23026821393	-1415.61513410696	No	0.0
K20866	4.36260482109987	2290.71773183108	-1143.35886591554	No	0.988
K09949	1.07035538580147	570.11224462316	-283.05612231158	No	1.0
K05606	2.47455528615892	2677.83051473319	-1336.9152573666	No	1.0
K03879	12.3183044235536	447.838980838093	-221.919490419046	No	0.949
K01258	2.56867494593505	2763.79511300323	-1379.89755650161	No	1.0
K06929	5.82789304976133	4912.43904039747	-2454.21952019873	No	0.856
K20997	9.96102777360227	990.445720506809	-493.222860253404	No	0.982
K17662	1.0087776142171	200.263060624722	-98.1315303123611	No	1.0
K00675	18.2878245415498	4169.87058071494	-2082.93529035747	No	0.092
K06988	18.0790477162807	6466.4791641467	-3231.23958207335	No	0.0
K01047	30.0072286174094	1446.64093442964	-721.320467214818	No	0.008
K07220	5.24368331977317	4419.85424910349	-2207.92712455175	No	0.978
K21310	19.0415834217141	2698.82276728338	-1347.41138364169	No	0.001
K00433	16.2540241431359	6553.23080494604	-3274.61540247302	No	0.0
K05805	6.90339309898013	1845.29382924112	-920.646914620559	No	1.0
K13593	4.63696797495983	232.046927161126	-114.023463580563	No	1.0
K01166	5.1450495901918	1722.28116113384	-859.140580566922	No	0.996
K08744	7.89454824802912	3572.15221589993	-1784.07610794996	No	0.947
K22617	3.78383538919779	1129.67273740794	-562.836368703968	No	0.999
K22737	9.33552496932068	1145.35255429972	-570.676277149858	No	0.959
K01569	30.4948133708011	3003.26742508211	-1499.63371254106	No	0.008
K14731	13.9810494518589	5034.78984671401	-2515.394923357	No	0.004
K04719	12.4797361201721	4126.81060774852	-2061.40530387426	No	0.578
K07221	11.3504789793559	3348.82810651863	-1672.41405325932	No	0.441
K21019	18.2454885867598	756.040662868638	-376.020331434319	No	0.903
K00249	8.04033099448427	3525.28649725665	-1760.64324862832	No	0.938
K11940	2.11116830429488	722.030627997451	-359.015313998725	No	1.0
K01004	4.32323010233054	1130.75104827518	-563.375524137592	No	1.0
K07183	12.3886477641339	2320.19472178551	-1158.09736089276	No	0.875
K00366	12.9076670828606	1153.90051853502	-574.95025926751	No	0.75
K01713	23.2536044306884	2705.2314899313	-1350.61574496565	No	0.449
K06167	2.74711664131814	3295.19514351139	-1645.5975717557	No	1.0
K01721	18.1698691249636	2499.26828707476	-1247.63414353738	No	0.185
K20807	20.9675479565055	2091.72169562106	-1043.86084781053	No	0.264
K04765	2.32395521734635	1222.38947119565	-609.194735597827	No	1.0
K13599	1.65597486776331	821.545553784359	-408.772776892179	No	1.0
K12506	1.79611927713847	1422.46947863327	-709.234739316634	No	1.0
K09991	1.09734932198427	440.253345987943	-218.126672993971	No	1.0
K09004	15.7935605841953	5446.83659818067	-2721.41829909034	No	0.0
K17226	9.95872625511386	2301.23927918649	-1148.61963959325	No	0.841
K17227	11.0287365552821	1856.83302889065	-926.416514445325	No	0.77
K08738	1.72530232581602	1839.80615055067	-917.903075275333	No	0.999
K04940	17.0751286294232	3293.48158550735	-1644.74079275368	No	0.0
K00485	20.7275687225335	3852.57109776579	-1924.28554888289	No	0.003
K20940	25.8150238656738	2460.50785642834	-1228.25392821417	No	0.003
K22479	23.8106206376461	834.866516244224	-415.433258122112	No	0.785
K03862	34.2885665626593	2151.07087455077	-1073.53543727539	No	0.021
K03153	7.41188382259171	3908.9877819595	-1952.49389097975	No	0.972
K01447	13.772370202732	979.116538618891	-487.558269309446	No	0.949
K07787	12.9334676792165	5451.57004703792	-2723.78502351896	No	0.005
K07798	13.6835128037409	5774.24382917039	-2885.12191458519	No	0.0
K11443	7.25902012485461	3499.53007489924	-1747.76503744962	No	0.552
K02488	7.01912056042136	2914.25792463541	-1455.12896231771	No	0.883
K08641	10.4516154187617	5591.61733429763	-2793.80866714882	No	0.093
K03322	10.5862204224946	5515.00526437273	-2755.50263218637	No	0.427
K02258	2.71601608794967	1246.55950108065	-621.279750540324	No	1.0
K02116	9.81958361895796	6600.20163814488	-3298.10081907244	No	0.001
K00643	1.1212956937595	1087.70338201274	-541.851691006368	No	1.0
K05603	13.8125346026407	3230.37265682429	-1613.18632841215	No	0.734
K03579	5.22896791150651	3332.34206903732	-1664.17103451866	No	1.0
K18478	16.1506142519519	1936.33223472624	-966.166117363122	No	0.11
K01243	5.12572016968784	5199.19781835992	-2597.59890917996	No	0.824
K15371	2.63358309032655	1967.91213458358	-981.956067291791	No	1.0
K07403	5.65069870471988	3975.26599445257	-1985.63299722629	No	0.863
K07241	20.0608623159813	3928.0038591966	-1962.0019295983	No	0.062
K17725	15.4594270345565	1852.22547761738	-924.11273880869	No	0.363
K08987	14.7192618909935	5290.51206712672	-2643.25603356336	No	0.051
K00448	16.0408273201481	4036.07220545382	-2016.03610272691	No	0.347
K00449	15.9460888063741	4801.83597171014	-2398.91798585507	No	0.06
K09705	12.8524607903738	5759.31989057937	-2877.65994528969	No	0.005
K07110	4.79375339777837	2152.98765402642	-1074.49382701321	No	0.998
K03924	4.43007795019083	3813.14666154355	-1904.57333077178	No	0.939
K09986	1.29530843163086	649.415048550817	-322.707524275408	No	1.0
K03453	16.5323044520336	6582.36788553236	-3289.18394276618	No	0.0
K13503	3.48813006073372	875.941886839541	-435.970943419771	No	0.994
K03809	7.91131619278409	5931.53563195527	-2963.76781597763	No	0.312
K04774	2.87038718296597	1315.89135493195	-655.945677465976	No	1.0
K01449	1.63578167172957	1649.61986142569	-822.809930712844	No	1.0
K03744	8.72033781489704	5956.65947821411	-2976.32973910705	No	0.069
K03379	9.67246336960946	3337.26143086915	-1666.63071543458	No	0.798
K08299	18.8038503921439	2452.41976810036	-1224.20988405018	No	0.444
K13623	13.5271929899394	1030.30852926493	-513.154264632463	No	0.904
K13622	14.8787742151329	1674.31131127252	-835.155655636259	No	0.559
K07250	15.0330471590319	5248.16905950833	-2622.08452975416	No	0.213
K00302	8.97837066369994	3412.07265526554	-1704.03632763277	No	0.797
K07722	11.1922977183129	3214.22516844895	-1605.11258422448	No	0.288
K16639	2.50883401093323	2427.34869850128	-1211.67434925064	No	1.0
K09803	27.4683747458933	6029.30708220157	-3012.65354110079	No	0.0
K01144	0.925896319395285	841.824078331101	-418.912039165551	No	1.0
K09945	12.9053197235465	1803.67686584158	-899.83843292079	No	0.949
K09778	3.19667428518441	1043.83140523859	-519.915702619296	No	0.996
K01470	11.040756740302	6842.86980430653	-3419.43490215327	No	0.001
K07261	2.3194494957098	1344.72438741301	-670.362193706507	No	1.0
K02793	2.42066016578646	2293.73029573774	-1144.86514786887	No	1.0
K07226	10.1843532906957	3255.10071168287	-1625.55035584143	No	0.891
K01610	3.35356496648706	3211.90363201587	-1603.95181600794	No	1.0
K01430	13.6240929540775	6115.10163440128	-3055.55081720064	No	0.016
K01429	14.5934496232705	6426.2320130101	-3211.11600650505	No	0.004
K01428	13.592724789369	6562.78188100915	-3279.39094050458	No	0.004
K07488	36.6064855147412	6093.22529962842	-3044.61264981421	No	0.0
K03829	14.6128831582858	6075.38738175495	-3035.69369087747	No	0.012
K02228	11.3558574164056	2435.94294557933	-1215.97147278967	No	0.957
K02229	12.7591057338048	2412.90182170817	-1204.45091085408	No	0.955
K05895	7.31852063055273	4722.25089292417	-2359.12544646209	No	0.734
K00595	7.05359954790515	4421.70158511677	-2208.85079255839	No	0.836
K02189	7.73685379442898	5105.69498374603	-2550.84749187301	No	0.47
K09937	5.72369795700508	1859.51053822093	-927.755269110463	No	0.995
K21495	26.7058820703448	5377.55091525584	-2686.77545762792	No	0.0
K09018	30.1567123550175	2028.1423323191	-1012.07116615955	No	0.041
K06177	4.25479979773745	3266.79219597019	-1631.39609798509	No	1.0
K20268	59.0823631823329	946.301737363205	-471.150868681603	No	0.0
K09807	5.95406681043416	4631.09864016058	-2313.54932008029	No	0.935
K01576	28.1641293936475	3361.38445366328	-1678.69222683164	No	0.0
K08988	10.7802695312571	2835.99747237703	-1415.99873618851	No	0.821
K06872	8.79074840448315	6573.61730460562	-3284.80865230281	No	0.057
K02426	2.02333632179069	1915.62300151254	-955.811500756268	No	1.0
K01847	3.36459230532695	2841.74198177192	-1418.87099088596	No	1.0
K07588	2.68047418245031	2670.32863739158	-1333.16431869579	No	1.0
K16092	8.76325611864647	3462.18348625211	-1729.09174312605	No	0.946
K02225	9.65311519474402	2058.18117990157	-1027.09058995078	No	0.972
K02227	5.60903628504862	4934.75182719575	-2465.37591359788	No	0.841
K02232	5.95114203381384	5084.95292279868	-2540.47646139934	No	0.756
K19221	5.07653166843176	4481.20701192809	-2238.60350596404	No	0.939
K02230	9.94728709221551	4700.8311542401	-2348.41557712005	No	0.481
K02231	5.81426549170383	5140.40382205302	-2568.20191102651	No	0.768
K00768	5.96308432187061	5183.67675191406	-2589.83837595703	No	0.761
K02233	6.38352405819352	5528.23551184054	-2762.11775592027	No	0.552
K09539	17.0005246967206	674.878212969328	-335.439106484664	No	0.702
K21480	11.685527600409	1946.78495877315	-971.392479386576	No	0.901
K21703	14.2080297905305	1873.60671234952	-934.80335617476	No	0.762
K15975	8.29424321336134	3376.63839915373	-1686.31919957687	No	0.891
K01187	9.49890398128887	6624.44138763083	-3310.22069381542	No	0.047
K07675	23.4732356585618	3266.13302289566	-1631.06651144783	No	0.045
K03396	23.4411732575605	1425.7385561207	-710.869278060352	No	0.298
K07222	19.8489558486705	6646.33122781985	-3321.16561390993	No	0.0
K03328	21.1696695063571	9217.71328330595	-4606.85664165297	No	0.0
K16653	10.078051986062	3762.13888176708	-1879.06944088354	No	0.511
K16554	11.7355079169466	3164.46372318375	-1580.23186159188	No	0.278
K09763	5.44834575072164	2094.08407529543	-1045.04203764772	No	0.998
K12508	25.5505360206374	3160.01317490739	-1578.0065874537	No	0.002
K09862	3.72439173582686	1987.2926533496	-991.646326674799	No	1.0
K02618	15.4297448482698	3322.72017619009	-1659.36008809504	No	0.604
K03380	22.1864015099475	2367.52073465743	-1181.76036732871	No	0.064
K03381	30.7489974263667	3547.11130062977	-1771.55565031488	No	0.002
K00217	32.1546505140143	3281.0824923737	-1638.54124618685	No	0.0
K04098	38.5751777794575	1818.48391084248	-907.24195542124	No	0.0
K10441	12.1844945099719	6608.13590802945	-3302.06795401473	No	0.001
K17229	17.1421123179087	1314.92407121929	-655.462035609643	No	0.404
K20034	11.2530831030309	1960.267134149	-978.133567074501	No	0.883
K02224	6.57322635954654	5231.10845774973	-2613.55422887487	No	0.656
K15773	43.4081940596035	4442.71347891979	-2219.3567394599	No	0.0
K00481	15.7935462938244	4684.50454598229	-2340.25227299114	No	0.126
K20036	23.9622574629932	1859.75902966107	-927.879514830536	No	0.047
K13592	1.62621039046101	251.241339315448	-123.620669657724	No	1.0
K01623	6.67483819967194	3736.11870028404	-1866.05935014202	No	0.769
K00819	4.55926691291317	3000.48817480877	-1498.24408740439	No	0.998
K09118	1.91708117912871	1814.45451867255	-905.227259336274	No	1.0
K18068	35.140062137387	2403.84798479083	-1199.92399239541	No	0.0
K00141	30.393174447026	2767.56518198919	-1381.7825909946	No	0.006
K21802	39.5297058707196	1650.66995485813	-823.334977429067	No	0.064
K07227	19.4530125608604	1288.42646033716	-642.213230168579	No	0.849
K07127	11.3173731414748	5178.78800299378	-2587.39400149689	No	0.55
K13485	21.1479506798697	1087.68237879748	-541.841189398738	No	0.793
K03458	21.9524031580006	2556.73516697702	-1276.36758348851	No	0.263
K00365	10.8651142857932	1622.96961144487	-809.484805722436	No	0.929
K18456	25.3234083790311	1427.9826410798	-711.991320539899	No	0.575
K01286	9.76631334669955	6918.69441854402	-3457.34720927201	No	0.005
K00372	14.9718778443349	3733.45454486341	-1864.7272724317	No	0.26
K18831	55.6939868852148	8339.20757448415	-4167.60378724208	No	0.0
K19802	8.25341885597852	5435.98479810536	-2715.99239905268	No	0.231
K04755	6.1068156575458	3492.69289717763	-1744.34644858882	No	0.999
K08296	2.93752378782957	3229.3387490391	-1612.66937451955	No	1.0
K13587	2.65375596769894	1076.89296091075	-536.446480455373	No	0.999
K14338	29.0837599125964	1795.62847177088	-895.814235885442	No	0.057
K00635	6.71100631094538	2397.49093181962	-1196.74546590981	No	0.985
K01053	17.3460852815754	5779.7320589725	-2887.86602948625	No	0.0
K13574	21.4813526088213	1009.14354592542	-502.571772962712	No	0.848
K07003	6.12140115696637	4525.94288362331	-2260.97144181166	No	0.766
K21679	7.94504640007436	459.797735308425	-227.898867654213	No	0.993
K06045	8.44173113506844	1465.45839393893	-730.729196969465	No	0.97
K01322	5.11579960452607	3844.95615987731	-1920.47807993865	No	0.991
K23264	1.94075331501994	2001.3218419592	-998.660920979598	No	1.0
K23265	1.95323655376246	2236.97832929472	-1116.48916464736	No	1.0
K11921	32.26619202418	3389.47007824652	-1692.73503912326	No	0.003
K23269	2.29908605557927	2305.13275713737	-1150.56637856868	No	1.0
K01857	21.258767369459	3051.22403708134	-1523.61201854067	No	0.385
K00721	2.06861998921014	2366.00662123044	-1181.00331061522	No	1.0
K00500	7.31226865630494	3145.07169141995	-1570.53584570998	No	0.987
K01273	7.55339811183512	6140.51887688931	-3068.25943844465	No	0.259
K00953	4.65269441600812	1052.9356424459	-524.467821222951	No	0.995
K00769	1.79345650475527	885.105319870101	-440.55265993505	No	1.0
K01046	13.043127409264	6171.62685933714	-3083.81342966857	No	0.016
K13893	6.61529711230657	1608.36883618747	-802.184418093736	No	1.0
K13896	5.16882265623516	1456.61932470848	-726.309662354242	No	1.0
K02281	4.34502383303442	998.695395989755	-497.347697994877	No	0.995
K05801	1.78635170059475	1372.14978734072	-684.074893670362	No	1.0
K21908	26.8661602362901	1311.33600854695	-653.668004273474	No	0.301
K01843	5.35137956545675	3113.64085938639	-1554.8204296932	No	0.931
K04568	2.31437704967375	1149.33162196198	-572.665810980991	No	1.0
K11532	2.35304433237628	544.179300109301	-270.089650054651	No	1.0
K01425	11.5483708728643	6463.96799665937	-3229.98399832968	No	0.031
K00065	19.4782770459254	6524.70208737894	-3260.35104368947	No	0.0
K13590	7.72568040159184	2141.70087009872	-1068.85043504936	No	0.99
K07343	16.7621487404083	5490.07368536382	-2743.03684268191	No	0.001
K11717	4.34419431801867	4142.72952856918	-2069.36476428459	No	0.896
K09015	2.14533358121536	2695.93074666945	-1345.96537333473	No	1.0
K09014	2.92676682076331	2891.00415898456	-1443.50207949228	No	1.0
K00784	7.1210634336642	5669.12051891973	-2832.56025945987	No	0.362
K01744	9.20457435234534	6170.50719743028	-3083.25359871514	No	0.113
K17837	18.3269645852793	3232.82907795471	-1614.41453897735	No	0.007
K18996	17.2391127708646	1404.13640898047	-700.068204490235	No	0.731
K06136	17.6121156703526	3961.45977634166	-1978.72988817083	No	0.097
K06138	16.711502521298	4641.6798035047	-2318.83990175235	No	0.009
K06139	16.7879376762581	3329.71499919137	-1662.85749959568	No	0.434
K13810	3.23898849723648	631.850102351324	-313.925051175662	No	0.947
K00033	5.4848671512175	4810.57505243813	-2403.28752621907	No	0.794
K00036	4.29202970189085	4071.7164247936	-2033.8582123968	No	0.928
K01057	4.20461582333094	3766.15714578439	-1881.0785728922	No	1.0
K00851	9.36763409454366	4590.06957589904	-2293.03478794952	No	0.86
K01082	4.7637654724104	4235.93584364294	-2115.96792182147	No	0.987
K07389	48.4495737239356	2129.99433815836	-1062.99716907918	No	0.0
K07807	39.2206042392952	2610.94976105359	-1303.47488052679	No	0.0
K22348	21.4361543479555	3329.15379813947	-1662.57689906974	No	0.001
K10914	4.70192375864681	3954.08504512488	-1975.04252256244	No	0.999
K07004	9.50447020443463	4978.4067087256	-2487.2033543628	No	0.301
K23107	21.3344916956159	4964.09517915507	-2480.04758957754	No	0.0
K01464	12.5072465041644	5581.10178727418	-2788.55089363709	No	0.042
K04566	1.0742709090235	1277.40794071863	-636.703970359314	No	0.999
K07077	9.86488941114144	3244.2342579608	-1620.1171289804	No	0.857
K10764	2.32761758306456	1713.78602687346	-854.89301343673	No	1.0
K23359	28.981923014196	2720.38568734274	-1358.19284367137	No	0.0
K01796	8.11489579959953	3648.38637621805	-1822.19318810902	No	0.928
K21210	34.8609911459377	1155.10820300438	-575.554101502192	No	0.0
K22209	31.0143680251171	2795.15078332478	-1395.57539166239	No	0.0
K09131	6.50448350775916	3964.40545766549	-1980.20272883274	No	0.891
K13049	16.7542538894227	2613.53341621048	-1304.76670810524	No	0.058
K01113	10.3627118731754	5764.46157018747	-2880.23078509374	No	0.204
K01077	15.4183871020237	7677.62947133245	-3836.81473566622	No	0.0
K09927	7.61031239829186	4667.5363565432	-2331.7681782716	No	0.798
K19267	17.9287721261181	7512.44303554539	-3754.22151777269	No	0.0
K13017	7.6780640658197	5234.78379185515	-2615.39189592758	No	0.071
K08679	9.87616117023257	6881.59532168171	-3438.79766084085	No	0.012
K13013	11.5096823612647	2095.53033347878	-1045.76516673939	No	0.585
K03272	6.88566937284267	3672.22058444671	-1834.11029222336	No	0.954
K02843	4.62159899095897	2072.92886520402	-1034.46443260201	No	0.999
K12989	9.04130602966026	755.892885383577	-375.946442691788	No	0.991
K07031	15.8312450179362	3336.63195569552	-1666.31597784776	No	0.0
K12995	34.2315282765752	3033.60256803932	-1514.80128401966	No	0.0
K18930	8.1436391485598	5324.17924594442	-2660.08962297221	No	0.72
K01628	11.2771666160518	5790.35205060031	-2893.17602530015	No	0.0
K11689	14.6322843816262	3664.59265355522	-1830.29632677761	No	0.085
K11688	13.7927654041354	3118.35020990342	-1557.17510495171	No	0.451
K05847	8.32645999341216	5914.14280126547	-2955.07140063273	No	0.24
K15358	25.6020318402404	1341.75061196985	-668.875305984925	No	0.002
K01181	13.8856619250796	5159.2804703252	-2577.6402351626	No	0.002
K07020	4.87562082735017	2408.47235941219	-1202.2361797061	No	1.0
K09003	13.9489598246077	1460.6974450947	-728.34872254735	No	0.722
K19707	34.0055537879892	4232.37468817155	-2114.18734408578	No	0.0
K19745	11.8092436216235	4706.21480785072	-2351.10740392536	No	0.521
K21959	25.7033546725398	2069.27812197901	-1032.63906098951	No	0.064
K20266	26.8025687586077	3996.00344508156	-1996.00172254078	No	0.0
K06888	5.806388359592	4440.88732252624	-2218.44366126312	No	0.831
K00171	8.54972028621783	1289.09015666944	-642.545078334721	No	0.597
K00170	8.59204013006553	2214.56943588746	-1105.28471794373	No	0.094
K02472	23.6048476380918	5742.83027104709	-2869.41513552355	No	0.0
K22699	9.88985984033083	693.281933106785	-344.640966553392	No	0.773
K09136	11.7200781384137	5779.72621811088	-2887.86310905544	No	0.076
K11725	33.0077638420389	761.40868113315	-378.704340566575	No	0.003
K07502	3.99727176768005	1435.96545521021	-715.982727605107	No	0.994
K06877	4.68622765282198	4334.09662381771	-2165.04831190885	No	0.86
K06974	11.8686364456986	1039.60760390726	-517.803801953629	No	0.336
K16055	10.0101509040602	1213.75634110218	-604.87817055109	No	0.905
K14475	14.8532251565618	2858.81283897158	-1427.40641948579	No	0.051
K06945	6.21220290387971	2018.85224016406	-1007.42612008203	No	0.994
K00441	18.898983101325	2060.98246203206	-1028.49123101603	No	0.0
K01537	5.80593939207528	4338.87786973819	-2167.4389348691	No	0.577
K06885	1.56746895527155	1872.82079695889	-934.410398479444	No	1.0
K07092	12.3525841803599	3257.11008299417	-1626.55504149709	No	0.001
K02626	7.30225170713508	1057.53294847769	-526.766474238843	No	0.689
K13525	7.59172557944597	887.278407509187	-441.639203754593	No	0.883
K06218	59.2544590380583	9676.8512657747	-4836.42563288735	No	0.0
K00096	9.61727473482243	2695.3719033881	-1345.68595169405	No	0.548
K10536	8.72480730965542	6274.30573761197	-3135.15286880598	No	0.082
K12251	5.57453752424368	4086.18384080964	-2041.09192040482	No	0.833
K00034	19.9934071681762	3406.96988319898	-1701.48494159949	No	0.047
K17947	22.1374103041778	4193.88575372382	-2094.94287686191	No	0.0
K13057	8.30631610654136	1306.5254338291	-651.26271691455	No	0.101
K07097	5.76036339993271	915.590707403627	-455.795353701813	No	0.981
K02588	11.6959190005071	3147.50263418387	-1571.75131709194	No	0.064
K05982	8.00425665638728	2877.59269549914	-1436.79634774957	No	0.915
K00158	12.7045183443843	1788.48656914146	-892.243284570731	No	0.869
K03698	2.10124083468286	1727.30172659603	-861.650863298017	No	1.0
K06857	15.6008594728347	1938.04102439065	-967.020512195326	No	0.017
K15496	12.9571369481813	957.7152789344	-476.8576394672	No	0.155
K02017	7.83153498499227	4292.96441938987	-2144.48220969493	No	0.883
K00947	15.4264495442772	658.508460331487	-327.254230165743	No	0.185
K06924	9.97493480028673	1914.9544878958	-955.477243947899	No	0.722
K12234	4.46650903982371	1984.54868349729	-990.274341748643	No	0.993
K13281	10.1523148365118	2575.59949191201	-1285.799745956	No	0.695
K05966	18.2655797324386	2338.93157580766	-1167.46578790383	No	0.334
K08145	30.3162657944957	941.430362654619	-468.715181327309	No	0.013
K01130	20.880498014871	6924.40197903661	-3460.2009895183	No	0.0
K07451	143.164356458795	9429.61843468495	-4712.80921734248	No	0.0
K03775	3.16441321831741	2419.79390287827	-1207.89695143914	No	1.0
K02347	3.59813262965908	2377.91478409708	-1186.95739204854	No	0.994
K00850	2.48637510572902	2834.07484592122	-1415.03742296061	No	1.0
K11744	11.3045458776071	3510.49608051561	-1753.24804025781	No	0.646
K22226	6.99640984328021	2072.68052861887	-1034.34026430944	No	0.683
K22225	9.41759208979899	1813.43679549246	-904.718397746231	No	0.612
K22227	5.62160292217164	1553.99045479691	-774.995227398457	No	0.89
K23259	16.944478945235	1639.71892386554	-817.85946193277	No	0.0
K07123	30.6467762413928	2476.50087085186	-1236.25043542593	No	0.0
K01575	14.6368030594405	3788.65810358087	-1892.32905179044	No	0.322
K03365	17.695108867246	2867.26128780144	-1431.63064390072	No	0.173
K09817	5.71228239883887	4002.65096278228	-1999.32548139114	No	0.967
K22390	17.2089043177547	5417.22613563308	-2706.61306781654	No	0.0
K15495	10.1556367746242	1227.16559196008	-611.58279598004	No	0.424
K08093	20.653875735547	3192.92539110617	-1594.46269555308	No	0.004
K08094	22.107552648099	4027.94989588937	-2011.97494794468	No	0.0
K08974	4.80946834855114	3520.66185262607	-1758.33092631304	No	0.979
K09122	10.7807674220641	2481.27885188811	-1238.63942594405	No	0.557
K04651	10.5027019914726	6025.30172886349	-3010.65086443175	No	0.0
K04655	10.0836135978384	5962.08376691774	-2979.04188345887	No	0.004
K03605	11.8509374669867	4542.17961075935	-2269.08980537967	No	0.02
K07131	6.52169880805461	2150.94066355286	-1073.47033177643	No	0.982
K19244	11.5518964114035	970.999691720925	-483.499845860463	No	0.016
K06937	16.1584621469367	3308.65333525936	-1652.32666762968	No	0.0
K19664	18.4993040945035	608.632958169373	-302.316479084687	No	0.345
K01858	3.81400488680577	2945.82506688177	-1470.91253344089	No	0.989
K05337	4.8837437279678	4592.05136168572	-2294.02568084286	No	0.924
K05521	25.3631644180569	4036.62139398122	-2016.31069699061	No	0.0
K00198	6.25855638736962	1450.89766230818	-723.44883115409	No	0.806
K01486	6.51625081563519	4466.44512292068	-2231.22256146034	No	0.782
K01622	10.3033346774218	785.641237495512	-390.820618747756	No	0.306
K14415	12.6774913212872	6837.13664159766	-3416.56832079883	No	0.0
K06927	28.0270790566695	1250.11074952937	-623.055374764686	No	0.004
K06919	58.3205467271693	11027.4713938202	-5511.73569691009	No	0.0
K10761	35.3947356147739	1079.11103803032	-537.555519015158	No	0.0
K07219	6.43527888049058	1744.11538456153	-870.057692280764	No	0.679
K04656	10.973595266651	5898.81455231371	-2947.40727615686	No	0.0
K07013	15.8393717854718	1077.55317706692	-536.776588533461	No	0.021
K07464	16.4648875505348	6476.39874879024	-3236.19937439512	No	0.0
K06215	3.55371352554159	2967.68366822567	-1481.84183411283	No	1.0
K23356	14.8951341805544	3768.2928029167	-1882.14640145835	No	0.017
K04652	10.546041108493	5814.23456239155	-2905.11728119578	No	0.002
K06859	35.3352657179843	2154.32121577582	-1075.16060788791	No	0.0
K15986	1.87968252533249	2035.79037018262	-1015.89518509131	No	1.0
K02188	8.86868434262401	4913.7405501008	-2454.8702750504	No	0.198
K02006	10.0497058514873	3596.01708102891	-1796.00854051446	No	0.361
K02008	8.41887315694184	3768.78301294517	-1882.39150647258	No	0.336
K02009	11.1993230946287	4281.73622983474	-2138.86811491737	No	0.047
K02007	7.88718480974789	4901.86838459798	-2448.93419229899	No	0.162
K07076	14.7197637706963	3366.49557459629	-1681.24778729814	No	0.0
K00320	22.5310542555677	1456.58728295139	-726.293641475695	No	0.0
K07216	8.79234779234983	3485.83799206125	-1740.91899603062	No	0.386
K06001	9.81723269458517	5193.07985459297	-2594.53992729648	No	0.004
K13280	12.08726343083	2964.94614905622	-1480.47307452811	No	0.117
K08681	3.99349158275871	2945.19068974296	-1470.59534487148	No	0.999
K07178	13.5742205812998	2552.55181821192	-1274.27590910596	No	0.872
K00150	25.9796824755507	1834.07581951508	-915.03790975754	No	0.0
K03709	2.98832929898377	2996.44723956739	-1496.22361978369	No	1.0
K14445	10.6294567747299	5147.38713815931	-2571.69356907966	No	0.09
K10974	29.221167974163	5158.69556931295	-2577.34778465647	No	0.0
K01840	4.69960249548094	3592.6546085613	-1794.32730428065	No	0.999
K03387	9.42998470004509	4162.88149647548	-2079.44074823774	No	0.838
K07755	13.0853172619254	5211.69377883023	-2603.84688941512	No	0.0
K06921	15.6260722962374	4076.62927302958	-2036.31463651479	No	0.0
K07138	6.29458189988989	1644.30650671916	-820.15325335958	No	0.854
K07096	7.44394864860038	2695.55457008677	-1345.77728504339	No	0.166
K05873	9.77816552151479	2461.90281602811	-1228.95140801406	No	0.721
K03410	4.12386064450073	2771.03363492601	-1383.51681746301	No	0.968
K06951	5.86631947791539	934.756525732415	-465.378262866207	No	0.947
K04720	5.17126819309471	2864.40553710768	-1430.20276855384	No	0.932
K07457	7.92546034813957	2456.49989123092	-1226.24994561546	No	0.715
K07442	0.871131273181217	728.393145636856	-362.196572818428	No	1.0
K00610	2.05299044639259	926.327356227963	-461.163678113981	No	1.0
K01726	6.46557504729376	5696.08114111207	-2846.04057055604	No	0.434
K08963	5.53129211048469	4649.08601943336	-2322.54300971668	No	0.832
K09729	4.3851177501772	690.575546076422	-343.287773038211	No	0.996
K03973	4.13538892301352	3957.2000281857	-1976.60001409285	No	0.993
K09128	29.800052461672	1741.26198346883	-868.630991734416	No	0.0
K03627	15.8606790545047	2196.06176206718	-1096.03088103359	No	0.0
K09141	5.20674389890896	1374.39500501596	-685.19750250798	Yes	0.83
K07025	9.00079529021817	6717.57051943907	-3356.78525971953	No	0.003
K09740	9.79267188182504	1572.70909394665	-784.354546973325	No	0.686
K18843	31.1555781033319	6786.26522416429	-3391.13261208214	No	0.0
K07339	79.1170092024949	5465.28427245448	-2730.64213622724	No	0.0
K14127	9.67818876184507	834.976560783816	-415.488280391908	No	0.614
K03388	3.83308192638656	811.297857829263	-403.648928914632	No	0.948
K03389	5.65413499610385	1079.0285410632	-537.514270531598	No	0.733
K03390	4.44116602960831	1098.20055878003	-547.100279390017	No	0.821
K00926	10.3871372693426	6074.29558239785	-3035.14779119892	No	0.002
K22900	4.56839110568677	1693.61007164979	-844.805035824896	No	0.999
K01974	16.1031800409649	2018.41206079077	-1007.20603039539	No	0.0
K04076	2.39451692443243	553.122062096553	-274.561031048276	No	1.0
K02107	7.0284474880401	573.323896484689	-284.661948242344	No	0.95
K09116	9.24475562791505	1518.25327137986	-757.12663568993	No	0.185
K07100	11.4501811109371	4798.8829721539	-2397.44148607695	No	0.234
K09799	7.17361155610406	1993.25735278332	-994.62867639166	No	0.974
K05601	4.56427171182616	3371.98364082875	-1683.99182041437	Yes	0.939
K09126	10.9834249241111	701.160660805853	-348.580330402926	No	0.388
K06176	1.34114782232046	966.210963705767	-481.105481852883	No	1.0
K08310	6.03268408499031	1955.37297128135	-975.686485640676	No	0.992
K00809	3.75020317324553	1028.96608389227	-512.483041946136	No	1.0
K06880	24.0433367937033	6342.08487058252	-3169.04243529126	No	0.0
K01641	4.72048693800899	2876.68674025211	-1436.34337012606	No	0.914
K00021	17.1615157647561	2163.62294645609	-1079.81147322804	No	0.069
K11261	7.75969514593381	1364.3982968258	-680.199148412899	No	0.745
K19418	27.5223223072014	959.194599049833	-477.597299524916	No	0.011
K13019	17.851421795909	2386.19594556147	-1191.09797278074	No	0.0
K00230	11.916005460329	4454.50014046044	-2225.25007023022	No	0.082
K01823	8.43629728807963	5682.76281777469	-2839.38140888734	No	0.349
K00869	2.99872254171093	1894.67759679002	-945.338798395011	No	0.982
K06990	5.49514046993493	2464.64630536248	-1230.32315268124	Yes	0.575
K07129	10.2494651345067	715.247743671453	-355.623871835726	No	0.617
K08999	1.39423183186088	1393.30966765082	-694.654833825408	No	1.0
K09011	7.11509382420185	759.349517224018	-377.674758612009	No	0.995
K03778	11.0801300668956	5733.68666330008	-2864.84333165004	No	0.079
K03580	14.7217403082284	7228.67624055725	-3612.33812027862	No	0.0
K08981	5.49071936085483	3506.23512998403	-1751.11756499201	No	0.994
K07493	63.6227436187988	11216.1148219153	-5606.05741095763	No	0.0
K13015	11.9653918483056	5337.92775183708	-2666.96387591854	No	0.001
K09726	15.3510416899452	1076.11651872338	-536.058259361691	No	0.009
K05879	12.2777306187223	5620.46450600575	-2808.23225300288	No	0.036
K05878	12.4763230217269	5747.94401027199	-2871.972005136	No	0.009
K21472	8.64141723337132	5858.21655175672	-2927.10827587836	No	0.187
K02477	7.13530120850476	4330.83311819238	-2163.41655909619	No	0.862
K08083	4.77756203466896	861.846900929231	-428.923450464615	No	0.998
K09712	17.706534299121	1916.53255771037	-956.266278855183	No	0.869
K02363	25.2434828151638	3051.86094617005	-1523.93047308502	No	0.172
K02364	30.4928898719451	1342.23413199619	-669.117065998093	No	0.468
K00216	25.040943912945	3193.6518959512	-1594.8259479756	No	0.072
K03305	5.43645959629989	4585.60755866891	-2290.80377933445	No	0.972
K07979	6.05567445546406	5282.17329652352	-2639.08664826176	No	0.796
K09950	11.7649819756268	1990.92134415066	-993.460672075331	No	0.905
K01854	13.374327995495	7850.81499224211	-3923.40749612105	No	0.0
K07746	22.8405622966646	6964.79458671055	-3480.39729335527	No	0.0
K07386	3.0010847777161	2696.83050140451	-1346.41525070225	No	1.0
K01497	8.13293947705988	4465.66895110185	-2230.83447555092	No	0.778
K03342	6.28467136580587	2049.06495275307	-1022.53247637654	No	0.963
K00259	5.70832646518763	4974.61647212425	-2485.30823606212	No	0.789
K07064	21.7557354642832	5171.51768997556	-2583.75884498778	No	0.0
K09981	16.187681278867	4608.47985031455	-2302.23992515728	No	0.006
K03395	35.7542221274273	1624.32848728399	-810.164243641995	No	0.0
K18833	20.0290207184685	1114.7768105189	-555.388405259449	No	0.412
K23541	6.06726950459433	3031.95609185931	-1513.97804592965	No	0.992
K15066	33.0554728149902	1571.0929985927	-783.546499296352	No	0.0
K09956	20.2758260267566	3338.10776214948	-1667.05388107474	No	0.03
K10220	27.5081904381028	2916.60754215787	-1456.30377107894	No	0.0
K06986	9.18717836357223	1560.96803739886	-778.484018699431	No	0.964
K14335	16.138104768348	2104.805274902	-1050.402637451	No	0.797
K01809	4.01381487103009	4150.13632505841	-2073.0681625292	No	0.993
K07273	6.00421099236504	4795.90778515112	-2395.95389257556	No	0.891
K03309	15.8935131502863	368.367891540116	-182.183945770058	No	0.956
K01083	19.7905156921328	3655.47667541399	-1825.738337707	No	0.007
K22441	12.4344660007236	5791.7607142903	-2893.88035714515	No	0.069
K14414	35.0945469803466	2581.58360060042	-1288.79180030021	No	0.0
K11089	41.2678799543206	2514.85555192196	-1255.42777596098	No	0.0
K00055	29.5625200190823	4803.2752461993	-2399.63762309965	No	0.0
K05913	41.8142501695626	883.876891410925	-439.938445705463	No	0.161
K01690	5.86409797766089	2705.46145281122	-1350.73072640561	No	1.0
K09797	15.5471646863432	3433.82049671448	-1714.91024835724	No	0.088
K00772	4.35013208586262	2900.44939513396	-1448.22469756698	No	0.982
K03969	5.83199328624451	5290.32683429053	-2643.16341714526	No	0.802
K02429	8.06534654473429	4408.06966872626	-2202.03483436313	No	0.786
K07136	11.749725232508	2336.21310153897	-1166.10655076948	No	0.934
K15408	25.5995248564931	2145.96308064017	-1070.98154032008	No	0.018
K05358	36.0522330625368	1579.39893718673	-787.699468593366	No	0.475
K01115	20.4799673832798	3341.93847336257	-1668.96923668129	No	0.004
K03929	15.9494862502683	4935.64606806773	-2465.82303403386	No	0.011
K15918	9.52173651633492	860.035464382487	-428.017732191243	No	0.987
K01484	4.24082513615922	1093.50689996319	-544.753449981596	No	0.999
K06181	3.39931775355122	1946.92650389411	-971.463251947056	No	1.0
K07484	33.4903129444185	7967.56911502908	-3981.78455751454	No	0.0
K19158	58.1463490967411	8702.88093908828	-4349.44046954414	No	0.0
K19159	65.3269619232218	7861.61369678809	-3928.80684839405	No	0.0
K00472	16.3747416517496	1797.34211049351	-896.671055246753	No	0.797
K01302	5.05307249342842	1400.45824317173	-698.229121585866	No	0.997
K00263	5.5180555699373	3790.16555572893	-1893.08277786447	No	0.991
K05797	32.782163346002	2332.34378869105	-1164.17189434553	No	0.0
K07559	20.1933908525333	4791.54765627347	-2393.77382813674	No	0.0
K07192	15.6768923970388	6780.29255359742	-3388.14627679871	No	0.0
K09928	5.17278749996546	3357.9326680272	-1676.9663340136	No	0.995
K09190	23.1283184905983	3063.06129029659	-1529.53064514829	No	0.018
K09978	7.16755738678664	1349.95087630316	-672.975438151582	No	0.991
K01278	3.0318241304818	1282.49147570884	-639.24573785442	No	1.0
K01283	10.7729458007868	1334.13821787883	-665.069108939417	No	0.891
K06876	16.1158741345284	5981.46819599052	-2988.73409799526	No	0.0
K02171	7.08290984166345	5049.78144735477	-2522.89072367738	No	0.691
K21749	16.3594421064861	1960.12189795487	-978.060948977437	No	0.177
K06443	10.1810816618208	2925.93974646234	-1460.96987323117	No	0.847
K10027	11.7499600785839	5702.74537187374	-2849.37268593687	No	0.062
K15746	5.11015187682847	1531.75729586915	-763.878647934575	No	0.995
K22342	25.5356761880105	2607.88631192137	-1301.94315596069	No	0.001
K11941	20.7782275023986	3683.33561152116	-1839.66780576058	No	0.0
K14333	44.1274370967239	1920.62860342093	-958.314301710463	No	0.0
K18383	31.7908763756676	1839.98892898196	-917.99446449098	No	0.055
K04095	55.0932312829511	10131.8048754022	-5063.90243770111	No	0.0
K07071	3.11817561989832	3391.69951905977	-1693.84975952988	No	1.0
K06143	18.8166540837634	3558.13025328637	-1777.06512664319	No	0.059
K18143	56.2255445122661	1832.59271609816	-914.296358049082	No	0.0
K18144	40.0211618343352	2305.11639088586	-1150.55819544293	No	0.0
K05795	14.4659333201519	3609.02853860758	-1802.51426930379	No	0.274
K05792	20.6869800675501	2848.50291293628	-1422.25145646814	No	0.155
K05791	16.2703594571284	3080.51526814282	-1538.25763407141	No	0.389
K06078	5.71772783648757	749.426954316677	-372.713477158338	No	0.999
K17893	29.4379387271781	1349.67063702445	-672.835318512224	No	0.0
K01252	25.8268089656894	2882.13849344981	-1439.06924672491	No	0.164
K02361	10.6501406139006	3098.80211557348	-1547.40105778674	No	0.832
K14155	6.82533548654942	5905.01955672547	-2950.50977836273	No	0.385
K07063	25.7794690137722	2534.23439229065	-1265.11719614533	No	0.0
K05786	5.89303904525941	4924.16646619618	-2460.08323309809	No	0.839
K09914	18.1460647061162	2667.18248468081	-1331.5912423404	No	0.732
K04045	46.4342288201054	2767.59674554054	-1381.79837277027	No	0.0
K07393	6.40195873889523	4377.47144757232	-2186.73572378616	No	0.953
K02481	7.22290149652678	3630.42298737935	-1813.21149368968	No	0.771
K03294	8.23383415586459	4071.57130409477	-2033.78565204739	No	0.962
K03941	15.3181411200543	720.917402812693	-358.458701406347	No	0.713
K21449	17.9661090892667	3692.03270979976	-1844.01635489988	No	0.07
K09973	8.26227092575609	4087.33617182187	-2041.66808591094	No	0.891
K00955	8.86808930102251	3012.01236221038	-1504.00618110519	No	0.942
K09167	5.12324010206007	3221.65670946237	-1608.82835473119	No	0.997
K06978	15.0138702606168	7365.59338817736	-3680.79669408868	No	0.0
K02566	6.03107047764323	2388.2224398589	-1192.11121992945	No	0.991
K05570	9.38334266287082	4842.12269557883	-2419.06134778942	No	0.41
K03196	26.5021333284948	4241.62585014466	-2118.81292507233	No	0.0
K03201	26.399277726356	3642.89156651465	-1819.44578325733	No	0.0
K03198	25.4050652641318	2755.99771572789	-1375.99885786395	No	0.004
K03197	24.6839263033144	2658.08100471976	-1327.04050235988	No	0.011
K07816	3.61700074491939	3891.34626403696	-1943.67313201848	No	0.979
K09893	3.27451873021338	1601.52377941566	-798.761889707829	No	0.994
K05939	10.1094860582369	2537.57698271866	-1266.78849135933	No	0.892
K06905	40.2147203083626	6712.73659462281	-3354.36829731141	No	0.0
K06906	42.7735872297678	4595.39373718795	-2295.69686859397	No	0.0
K06908	44.1383428584838	4855.73750763839	-2425.86875381919	No	0.0
K06907	34.2604070639358	7309.76864315634	-3652.88432157817	No	0.0
K06903	35.1299946596735	6870.4332486669	-3433.21662433345	No	0.0
K04099	56.1131274378124	1233.05888978595	-614.529444892973	No	0.0
K09967	19.3272931711886	5683.94634987799	-2839.97317493899	No	0.0
K07283	6.71883129061125	2518.49906059421	-1257.2495302971	No	0.987
K18587	0.379584556952145	135.741392695117	-65.8706963475587	No	1.0
K23257	7.99343520631341	3224.10623102354	-1610.05311551177	No	0.908
K01133	13.7062482088174	3687.67450866665	-1841.83725433332	No	0.136
K03777	17.6542655443041	2889.81342109847	-1442.90671054923	No	0.601
K22579	18.3618226415699	4167.17372126536	-2081.58686063268	No	0.0
K01119	9.6310509841425	4816.42820770752	-2406.21410385376	No	0.606
K12266	17.345853749001	1667.49570069379	-831.747850346896	No	0.944
K07322	15.4786165600215	5205.85657265599	-2600.92828632799	No	0.02
K20444	15.9552527226062	6703.75756206739	-3349.8787810337	No	0.0
K07272	29.1000306406135	1814.36044612736	-905.180223063681	No	0.003
K12992	16.5580689615139	2945.71385056083	-1470.85692528041	No	0.0
K09691	13.3298140511376	6246.899034584	-3121.449517292	No	0.0
K09690	16.2628570005888	6934.96269907259	-3465.48134953629	No	0.0
K02841	4.45123316572659	1542.95963415652	-769.479817078259	No	1.0
K09946	21.503532696459	5485.99797462239	-2740.9989873112	No	0.0
K07214	15.1267264460396	5931.06072170436	-2963.53036085218	No	0.0
K07679	15.8770078009331	3434.53364367232	-1715.26682183616	No	0.08
K16171	9.30372801943482	3078.49838399543	-1537.24919199771	No	0.958
K13236	9.35937545967751	1118.85261692686	-557.42630846343	No	0.988
K20023	30.7497629815472	3690.15680302736	-1843.07840151368	No	0.0
K00064	19.6843939774068	4935.14669687372	-2465.57334843686	No	0.0
K04748	14.834848742911	3721.80541232415	-1858.90270616208	No	0.324
K02571	26.7388954907348	1686.71944828913	-841.359724144565	No	0.486
K02570	16.0024417258657	2717.51375169433	-1356.75687584717	No	0.728
K02569	25.511320201178	2122.98331823588	-1059.49165911794	No	0.358
K11250	13.5591116681546	2384.43307917301	-1190.2165395865	No	0.88
K05569	7.20640551357174	5123.79973727226	-2559.89986863613	No	0.72
K19339	20.5774088277293	2889.96005728847	-1442.98002864424	No	0.002
K00376	21.1340776684881	3665.35820919362	-1830.67910459681	No	0.0
K07218	20.7437978529784	4329.04573629139	-2162.52286814569	No	0.0
K19340	26.1878103072917	2134.04061426682	-1065.02030713341	No	0.024
K19341	24.1827918524749	3564.02818008469	-1780.01409004234	No	0.0
K19342	19.8013848886059	4307.91991041707	-2151.95995520853	No	0.0
K00219	7.1004603296074	4313.82461713102	-2154.91230856551	No	0.881
K07535	31.1703443900695	2920.73808214565	-1458.36904107282	No	0.0
K07536	39.0957998970104	1208.82138855604	-602.410694278018	No	0.0
K08678	12.8147383761333	4679.70160081204	-2337.85080040602	No	0.001
K15521	3.41759677145109	1995.55359525561	-995.776797627806	No	1.0
K00389	13.6752277004507	6044.98167029445	-3020.49083514723	No	0.004
K15269	22.2426798559303	3955.37052699143	-1975.68526349571	No	0.002
K07459	83.5653065404198	9945.2913754195	-4970.64568770975	No	0.0
K21563	12.6796076917458	2453.93918197011	-1224.96959098505	No	0.318
K09943	14.0696626347691	994.143510300588	-495.071755150294	No	0.768
K00596	27.0650225342214	1782.72022711458	-889.360113557289	No	0.047
K11003	37.9459539487534	2417.48911728574	-1206.74455864287	No	0.0
K11004	38.7195627112286	2667.36453240161	-1331.68226620081	No	0.0
K04561	22.5555498711138	5590.88950479722	-2793.44475239861	No	0.0
K00368	24.6140924334333	4912.13769499331	-2454.06884749666	No	0.0
K07284	4.63690245839272	3705.71637054666	-1850.85818527333	No	0.998
K07485	63.0306392037136	9906.76588774438	-4951.38294387219	No	0.0
K08659	3.68617466278397	2141.36371644667	-1068.68185822333	No	0.964
K23258	1.62548535198171	501.361080409431	-248.680540204716	No	1.0
K16926	13.0040640105327	2562.48372430303	-1279.24186215152	No	0.034
K01421	5.62062917569072	3150.31541439625	-1573.15770719813	No	0.996
K03293	13.8065875675124	2067.89782495175	-1031.94891247587	No	0.935
K07407	13.2148028759343	7252.66765531277	-3624.33382765638	No	0.0
K07452	139.404127509175	8623.92519173966	-4309.96259586983	No	0.0
K19147	118.975291080155	7939.41656601509	-3967.70828300755	No	0.0
K00690	14.8476915527088	3599.60920766155	-1797.80460383077	No	0.014
K03484	11.0912360284464	3056.33629841485	-1526.16814920743	No	0.652
K08156	14.6850233064843	1273.25831887504	-634.629159437522	No	0.945
K08372	1.15892934792921	561.693122482685	-278.846561241342	No	1.0
K00563	4.59912418022671	3178.31928119142	-1587.15964059571	No	0.999
K19225	3.75331269729115	3826.6015948782	-1911.3007974391	No	0.997
K01804	13.6729852174685	5877.23711635346	-2936.61855817673	No	0.003
K09974	19.2759020661146	2856.04620273288	-1426.02310136644	No	0.003
K01239	8.790062974358	6049.15647337275	-3022.57823668637	No	0.254
K08168	20.2201771344449	2154.09466475982	-1075.04733237991	No	0.147
K10117	10.4886729975419	5135.16371816565	-2565.58185908283	No	0.161
K10119	10.7159657453161	4821.32771149785	-2408.66385574893	No	0.142
K07473	21.3147390778345	6533.31012705815	-3264.65506352908	No	0.0
K01182	12.9533989907349	3654.56142319991	-1825.28071159995	No	0.282
K10118	9.5093561670317	4790.75157752129	-2393.37578876064	No	0.269
K15771	10.7359624863349	3627.71670458853	-1811.85835229426	No	0.564
K15772	9.58602246305745	3957.79267517002	-1976.89633758501	No	0.6
K01200	9.30870588256279	4047.35383468685	-2021.67691734342	No	0.605
K13640	0.679752572761078	619.544039412633	-307.772019706317	No	1.0
K07450	26.5517195981933	2797.82219571661	-1396.91109785831	No	0.0
K07496	21.2515692976103	7962.5252401212	-3979.2626200606	No	0.0
K16650	7.39584117504737	2018.71778606184	-1007.35889303092	No	0.965
K02440	8.83573004783118	5559.95109810057	-2777.97554905029	No	0.428
K07482	82.6504622696386	9614.22820918336	-4805.11410459168	No	0.0
K19426	25.4760136278328	1069.32402499652	-532.662012498262	No	0.065
K19419	27.8383773221851	4114.60516690405	-2055.30258345203	No	0.0
K19424	22.9128770554894	3881.89857787801	-1938.94928893901	No	0.0
K12990	42.1877344418439	3885.64975620092	-1940.82487810046	No	0.0
K00226	9.51958157449896	2078.94125653229	-1037.47062826615	No	0.751
K00965	8.34101175628598	5403.35045307384	-2699.67522653692	No	0.329
K00849	7.20132058637623	5544.71816722838	-2770.35908361419	No	0.528
K01372	4.03143482352885	2028.38535661405	-1012.19267830703	No	0.997
K00078	8.993253054895	3790.04105904574	-1893.02052952287	No	0.586
K07177	0.70183622821681	546.389996006763	-271.194998003381	No	1.0
K01193	16.6917187644106	4300.56112844769	-2148.28056422384	No	0.017
K02532	24.7573481059772	2150.24217066427	-1073.12108533213	No	0.35
K14153	9.8939943060012	1033.16936648288	-514.584683241438	No	0.935
K00564	1.7911534759778	2095.14114262487	-1045.57057131244	No	1.0
K16209	12.349764969476	1052.11532655766	-524.057663278828	No	0.715
K01190	12.3582095644137	6455.99044101297	-3225.99522050649	No	0.002
K15582	6.88161774826981	4922.61445290615	-2459.30722645308	No	0.719
K08256	1.83234177480293	678.594348715443	-337.297174357721	No	1.0
K05340	7.27495121377579	1138.70328279502	-567.351641397512	No	0.988
K03767	7.34811019969051	3086.78868841066	-1541.39434420533	No	0.964
K12267	6.12022462440792	3814.44176069832	-1905.22088034916	No	0.752
K03311	4.28453413610823	2992.11250898975	-1494.05625449488	No	0.997
K09009	0.643109009751216	450.688214937592	-223.344107468796	No	1.0
K00936	2.23520144039648	2077.0981629859	-1036.54908149295	No	1.0
K22010	2.97260460434745	2783.80190159754	-1389.90095079877	No	0.996
K13788	3.63198240506881	2655.98527088468	-1325.99263544234	No	0.999
K03816	3.99118689911146	2329.26507770834	-1162.63253885417	No	0.999
K13829	3.63315919912837	876.928850615814	-436.464425307907	No	0.988
K22477	16.7256413521473	2003.19093538313	-999.595467691564	No	0.045
K14696	11.3449040621473	4016.21476706929	-2006.10738353465	No	0.534
K14260	2.06325654119374	1969.61518154437	-982.807590772185	No	1.0
K22311	1.50790050321574	444.477393247526	-220.238696623763	No	1.0
K22306	3.01409436883094	803.296427435666	-399.648213717833	No	1.0
K03402	1.01260345392524	1263.49131227164	-629.745656135818	No	1.0
K16925	6.96557364117988	2393.19700907336	-1194.59850453668	No	0.987
K00886	2.56067279080691	2057.54245189772	-1026.77122594886	No	0.998
K02484	4.89257486367929	2638.00698688164	-1317.00349344082	No	0.999
K03502	13.416855429168	7300.05000550979	-3648.02500275489	No	0.0
K08317	22.2764803809294	1535.74323436721	-765.871617183607	No	0.619
K01201	17.0458973687686	4131.45052516312	-2063.72526258156	No	0.005
K01739	6.76728985425618	4612.25954435906	-2304.12977217953	No	0.912
K01697	2.93738374915662	2316.59687562582	-1156.29843781291	No	1.0
K15255	3.0432102246476	1972.46535108278	-984.232675541391	No	0.997
K01805	11.8792348811498	6708.31563840809	-3352.15781920405	No	0.004
K16238	22.4504066165301	4760.04947757001	-2378.024738785	No	0.001
K00048	16.5409005425597	2118.12042725381	-1057.06021362691	No	0.186
K10254	16.6634709163169	4841.94059687569	-2418.97029843784	No	0.0
K02548	3.02385449516371	3176.51370391951	-1586.25685195976	No	1.0
K02068	13.5355526149407	3075.12164268332	-1535.56082134166	No	0.642
K06191	2.44110617520114	2454.32444283555	-1225.16222141778	No	0.998
K03647	3.22773300031816	2523.87282264921	-1259.93641132461	No	1.0
K11533	3.98709781960625	454.921284481476	-225.460642240738	No	1.0
K12554	13.6790605814068	432.145245341533	-214.072622670766	No	0.991
K19265	9.23219797841036	5425.55679870922	-2710.77839935461	No	0.43
K11358	2.68598443738923	1458.91702057664	-727.45851028832	No	0.975
K07481	42.0666567440122	9160.69540093497	-4578.34770046748	No	0.0
K03573	2.44252444664587	2287.5515483669	-1141.77577418345	No	0.963
K07039	7.81459361291825	2898.7159155841	-1447.35795779205	No	0.952
K15540	36.1502087948731	1517.45821979193	-756.729109895964	No	0.592
K07345	26.9764887052228	1414.10675601865	-705.053378009325	No	0.947
K11065	4.68217819838655	4016.93425217334	-2006.46712608667	No	0.991
K06969	3.93968159846956	3473.06209671868	-1734.53104835934	No	0.998
K00557	0.883727397938292	453.68125936641	-224.840629683205	No	1.0
K03315	8.81689522595393	4871.45587069059	-2433.72793534529	No	0.486
K12371	13.3883592982137	1701.22129125983	-848.610645629913	No	0.988
K12372	14.4221861615189	1758.38109504907	-877.190547524533	No	0.97
K05541	2.3769503060283	810.100618561603	-403.050309280801	No	1.0
K03317	7.09833208256061	2836.66286603948	-1416.33143301974	No	0.98
K09792	4.67644874592456	3315.45739260319	-1655.7286963016	No	0.99
K02662	3.99444639137994	3170.44102896899	-1583.2205144845	No	0.996
K02663	3.41485961380253	1406.04751448829	-701.023757244146	No	1.0
K02664	4.75151215078157	2856.93756777914	-1426.46878388957	No	0.996
K02665	2.19689508317517	797.532792910194	-396.766396455097	No	1.0
K02666	2.75054790986984	906.317529342216	-451.158764671108	No	1.0
K09977	4.432906280876	959.930265497748	-477.965132748874	No	0.999
K08070	7.80243488575191	2406.49213286882	-1201.24606643441	No	0.962
K07270	28.7650611687159	2900.55023434106	-1448.27511717053	No	0.001
K07248	32.0044386492081	3701.75507040696	-1848.87753520348	No	0.0
K13954	15.0781796796631	2501.18352090587	-1248.59176045293	No	0.609
K18929	8.75921660695784	5649.435231751	-2822.7176158755	No	0.284
K00782	10.8038235141965	4640.36963524606	-2318.18481762303	No	0.39
K18928	8.88462100903778	5509.77845161615	-2752.88922580808	No	0.333
K16214	53.5673998753794	2140.99667677415	-1068.49833838708	No	0.0
K08984	19.5186100210531	4106.10614580087	-2051.05307290043	No	0.007
K23123	18.8585934696709	1648.36475222018	-822.18237611009	No	0.92
K23124	17.5570575800182	1167.07304827409	-581.536524137043	No	0.989
K08068	39.6723207222576	1677.39959242288	-836.699796211442	No	0.0
K02653	5.05790448589159	3306.56024824955	-1651.28012412478	No	0.989
K02652	5.14266130111906	3599.87214232282	-1797.93607116141	No	0.963
K15974	11.404541539751	1033.66141790324	-514.830708951622	No	0.989
K00835	6.12392747841472	940.370700134303	-468.185350067151	No	0.998
K07113	2.32914040753652	1960.30527221562	-978.152636107812	No	1.0
K05835	14.0136840346808	2462.35144533072	-1229.17572266536	No	0.875
K00484	35.2232910759972	1291.16468950195	-643.582344750975	No	0.747
K15984	1.34824162648507	943.561266556594	-469.780633278297	No	1.0
K02667	5.09420128990052	1353.91713410652	-674.95856705326	No	0.994
K02668	4.03887542136415	849.861077950537	-422.930538975269	No	1.0
K07084	6.45076914525172	2052.31776323422	-1024.15888161711	No	0.997
K02650	8.50188332426952	2191.03761561442	-1093.51880780721	No	0.973
K00316	29.3102222866513	1200.4659083749	-598.232954187452	No	0.302
K12500	6.70960733904372	893.413973644568	-444.706986822284	No	0.999
K18829	29.1322018774498	4957.76191321448	-2476.88095660724	No	0.0
K18828	31.1554488407801	5870.32233767071	-2933.16116883535	No	0.0
K01551	8.52986284659238	6136.35848037297	-3066.17924018649	No	0.023
K00018	7.14023471322043	4302.40028329619	-2149.2001416481	No	0.735
K06175	7.00433423926307	1674.28581048236	-835.142905241179	No	1.0
K07133	17.0610907961409	7948.67210124115	-3972.33605062057	No	0.0
K07454	76.4683972666098	8732.40625814513	-4364.20312907257	No	0.0
K07224	16.5945290598069	3798.20093230248	-1897.10046615124	No	0.331
K16301	17.5342611324288	4164.97612320661	-2080.4880616033	No	0.238
K03835	10.5752668092632	727.35313711864	-361.67656855932	No	0.998
K07862	9.89903718077211	2965.38433870898	-1480.69216935449	No	0.966
K02669	4.15992073259182	3853.92054917375	-1924.96027458687	No	0.994
K02670	2.65021884750512	794.60174937836	-395.30087468918	No	1.0
K22452	4.58741570096215	3423.94174994424	-1709.97087497212	No	0.996
K02674	3.77891655065361	1270.96486476773	-633.482432383863	No	1.0
K10823	4.89379158282384	3985.32691826141	-1990.66345913071	No	0.982
K15583	5.20784670444835	3629.06130859848	-1812.53065429924	No	0.98
K15580	6.8930796847986	5294.35040840883	-2645.17520420441	No	0.649
K08869	11.591928981581	2630.13169240726	-1313.06584620363	No	0.201
K07265	18.3705015075814	3654.92143522935	-1825.46071761468	No	0.101
K07266	17.2438208616495	3034.23278208226	-1515.11639104113	No	0.425
K00210	17.6277121930478	1312.02456747096	-654.012283735478	No	0.335
K02655	4.14590546936457	1249.16984697102	-622.58492348551	No	0.999
K16066	11.6973749347167	2097.64434288589	-1046.82217144294	No	0.963
K19337	4.26790500697822	1229.5516875216	-612.775843760798	No	1.0
K02553	6.29912283076206	3345.68912175502	-1670.84456087751	No	0.991
K18369	27.4333897028283	4324.25723357162	-2160.12861678581	No	0.0
K20276	39.7656441013257	5843.8413144729	-2919.92065723645	No	0.0
K01139	1.77624271735975	631.131435960756	-313.565717980378	No	1.0
K03675	16.6746119787657	1212.28681126724	-604.143405633622	No	0.925
K09929	12.8706794536431	2302.00015579631	-1149.00007789815	No	0.473
K09930	11.6839515907885	5164.73519447801	-2580.36759723901	No	0.127
K02676	3.0370958633914	804.641540701375	-400.320770350688	No	1.0
K21993	13.4052904245827	2628.11599186513	-1312.05799593256	No	0.228
K02656	2.13352953898616	1079.82873436724	-537.914367183618	No	1.0
K09793	5.10707118069898	2702.33168398523	-1349.16584199261	No	0.999
K08082	4.87885476734198	898.858437022232	-447.429218511116	No	0.997
K19168	9.50924980194537	1929.65386241777	-962.826931208886	No	0.981
K10010	15.6207257278752	2068.16353885036	-1032.08176942518	No	0.917
K00813	4.45452365500935	694.203306655744	-345.101653327872	No	1.0
K03785	11.1866667113819	2934.87843089474	-1465.43921544737	No	0.639
K07182	8.46189053423776	4187.04969739713	-2091.52484869857	No	0.84
K09890	10.7847083852208	773.066312429126	-384.533156214563	No	0.998
K13040	24.4807092614009	1636.87589339495	-816.437946697474	No	0.199
K11107	2.55711094598508	634.448890019417	-315.224445009708	No	1.0
K08084	3.98611184848567	1692.25893459247	-844.129467296235	No	1.0
K02671	4.46433571235688	1694.90422625427	-845.452113127136	No	0.999
K02672	3.6562542735427	1666.08521791102	-831.042608955512	No	0.998
K02673	5.52274530475215	1673.45057729765	-834.725288648824	No	0.989
K02824	3.55957115352622	2908.47689228759	-1452.23844614379	No	0.999
K07149	6.97092893530686	4863.36871893527	-2429.68435946764	No	0.633
K12954	25.4134886078676	2113.19924651304	-1054.59962325652	No	0.0
K20469	1.04211598326012	472.220478140145	-234.110239070073	No	1.0
K07106	7.51319421346205	5419.38403544128	-2707.69201772064	No	0.597
K03784	4.25354947062959	3504.75725786241	-1750.3786289312	No	0.997
K06994	2.76274634385477	1895.24054947003	-945.620274735017	No	1.0
K00540	2.99363515900047	1020.65359467788	-508.326797338938	No	1.0
K03212	5.96126506574431	1020.06309150039	-508.031545750196	No	0.994
K19355	22.953587614206	2472.54291219653	-1234.27145609827	No	0.0
K18479	14.5991754067512	1683.47915733665	-839.739578668323	No	0.789
K00847	10.3935677768161	7025.59352789949	-3510.79676394975	No	0.012
K01192	15.5648548228847	4816.22979938668	-2406.11489969334	No	0.006
K01060	12.3664892866449	3655.91709804926	-1825.95854902463	No	0.231
K19687	23.2219469475319	2539.47896325552	-1267.73948162776	No	0.0
K19686	21.7421657665673	2797.11508069049	-1396.55754034524	No	0.0
K03811	6.50655997772984	5142.47826237788	-2569.23913118894	No	0.82
K00857	2.89513618303821	3178.48176124589	-1587.24088062295	No	1.0
K03292	17.7551171674614	6011.88931955206	-3003.94465977603	No	0.0
K01195	25.5293191529452	3939.58221003898	-1967.79110501949	No	0.0
K09607	11.9293621841283	2560.0408120466	-1278.0204060233	No	0.695
K01788	14.8826338734335	5256.31059103834	-2626.15529551917	No	0.002
K00231	3.15801316115587	2492.31207283514	-1244.15603641757	No	1.0
K03795	7.90576479456699	3617.8800653826	-1806.9400326913	No	0.948
K05565	9.38533080160639	2065.30110486545	-1030.65055243272	No	0.964
K05567	6.95990029908907	4161.10737735942	-2078.55368867971	No	0.835
K05568	7.78056901968518	4928.00009226117	-2462.00004613058	No	0.629
K05571	8.5253001644322	4495.54564187892	-2245.77282093946	No	0.645
K12373	9.12388329533353	5254.25887873297	-2625.12943936649	No	0.395
K19668	13.3003869294982	1052.39929040554	-524.199645202769	No	0.897
K00232	8.07422231811272	2070.85692266406	-1033.42846133203	No	0.993
K06201	7.97260639130827	5139.4899846885	-2567.74499234425	No	0.701
K15520	2.55787653057652	1929.80101832699	-962.900509163497	No	1.0
K00360	16.1693382062706	887.212919527033	-441.606459763516	No	0.902
K01235	18.0741246685432	3435.60994668232	-1715.80497334116	No	0.015
K03930	11.1083600915948	2225.99660082202	-1110.99830041101	No	0.698
K19270	11.1303785147248	3783.08361640947	-1889.54180820473	No	0.644
K03534	15.9303253714532	6573.35119407319	-3284.67559703659	No	0.0
K10559	19.5957869259427	3502.23856464137	-1749.11928232069	No	0.003
K01820	15.6790675861439	4177.9978519501	-2086.99892597505	No	0.014
K00848	13.8689992216609	5098.86280237457	-2547.43140118729	No	0.003
K00619	1.99030335873945	1402.97889335058	-699.489446675291	No	1.0
K07067	2.88823832802826	1231.03163173645	-613.515815868227	No	1.0
K23509	18.8950976801899	3958.17980486951	-1977.08990243476	No	0.104
K04768	4.42664536286822	1683.82858837343	-839.914294186717	No	1.0
K01911	5.6117993056046	2855.42099015405	-1425.71049507702	No	0.999
K01661	2.22198996220529	2198.3919767155	-1097.19598835775	No	1.0
K02549	3.80333697169564	2835.38241570237	-1415.69120785119	No	1.0
K02551	2.49190700971888	2624.703100974	-1310.351550487	No	1.0
K02552	4.21321380276943	2324.15681509192	-1160.07840754596	No	0.999
K21401	2.27245416427023	1136.66828271594	-566.334141357969	No	1.0
K00805	2.28161650162994	1094.50863639164	-545.25431819582	No	1.0
K09019	12.9424863274214	3915.8732862152	-1955.9366431076	No	0.425
K22491	8.95834328000175	3521.0380939677	-1758.51904698385	No	0.925
K21147	6.25973329043235	2936.53306027537	-1466.26653013769	No	0.981
K00392	4.6181173874073	1860.24577388965	-928.122886944827	No	0.999
K10545	11.7218545280701	4027.01469059367	-2011.50734529683	No	0.588
K18917	3.36792901398717	1062.79504538165	-529.397522690827	No	1.0
K18958	1.50203856420865	330.428159235248	-163.214079617624	No	1.0
K15525	2.71840373062649	717.837229574804	-356.918614787402	No	1.0
K00758	5.95775967727109	3668.26649474829	-1832.13324737414	No	0.981
K01619	3.90180314719319	3721.62181616663	-1858.81090808331	No	0.977
K02564	5.52755253398024	4983.6142630998	-2489.8071315499	No	0.857
K18230	14.5014419299984	1838.32186724116	-917.160933620578	No	0.669
K01634	16.4660589300784	1887.35285599959	-941.676427999797	No	0.386
K14949	5.11169701001968	871.454214293523	-433.727107146762	No	1.0
K05522	3.02171193068563	1719.76695811874	-857.883479059372	No	1.0
K00694	22.9715298110414	5556.05974010875	-2776.02987005438	No	0.0
K05881	10.1700723915697	3974.27901072597	-1985.13950536298	No	0.602
K00060	6.96507728071856	3620.69937704979	-1808.3496885249	No	0.934
K00639	6.00624340189561	4713.71418099286	-2354.85709049643	No	0.884
K22297	2.39918316681896	759.971696962524	-377.985848481262	No	1.0
K17315	14.1757792928879	3315.8893159725	-1655.94465798625	No	0.608
K07048	25.9559176552889	4180.81838123187	-2088.40919061594	No	0.0
K07034	12.8478489633415	3976.46201772569	-1986.23100886285	No	0.19
K09940	6.34520180995952	3555.19447968676	-1775.59723984338	No	0.958
K23176	17.5159966177824	1352.52416245533	-674.262081227665	No	0.824
K09931	10.2374353660242	4664.22237720813	-2330.11118860406	No	0.104
K02598	13.9552851668664	2344.15757550678	-1170.07878775339	No	0.512
K13940	4.16395074863167	1138.06058011522	-567.030290057611	No	0.978
K05888	8.57876796737176	2835.2666290737	-1415.63331453685	No	0.903
K10843	2.3570982199344	1165.92406959363	-580.962034796814	No	1.0
K09692	9.55954543699678	3047.47646512187	-1521.73823256094	No	0.833
K21688	4.47392885899943	1221.63886514826	-608.81943257413	No	1.0
K09964	26.7180065004771	3504.52007305091	-1750.26003652546	No	0.001
K12503	1.06637308416597	579.797189923698	-287.898594961849	No	1.0
K05350	11.1901123671374	3289.805273663	-1642.9026368315	No	0.614
K09693	9.30879192740689	2444.3145032285	-1220.15725161425	No	0.918
K21014	28.8143265616623	1928.38923163923	-962.194615819616	No	0.02
K05602	1.72718892805783	816.652905635614	-406.326452817807	No	1.0
K22336	9.96315470805252	937.626475967986	-466.813237983993	No	0.989
K01443	6.12837219314164	5346.3817169593	-2671.19085847965	No	0.624
K09992	11.0915786249048	5211.7904359887	-2603.89521799435	No	0.116
K09702	22.6995646268349	4862.29197569614	-2429.14598784807	No	0.0
K01554	1.40329667895113	553.753033415822	-274.876516707911	No	1.0
K16148	3.97758645863725	1320.17246848937	-658.086234244686	No	1.0
K07465	1.84008780063711	572.970334052695	-284.485167026347	No	1.0
K01023	24.8419260245284	4690.82954687149	-2343.41477343574	No	0.0
K19222	3.27465441606987	3286.28751370677	-1641.14375685339	No	1.0
K06208	3.79174193316968	1319.50770801281	-657.753854006405	No	0.999
K13745	17.2097094060636	3525.23368199238	-1760.61684099619	No	0.427
K13572	3.52791327537779	591.573923858254	-293.786961929127	No	1.0
K13573	3.65633731930922	2366.56222910606	-1181.28111455303	No	0.998
K07029	5.90363664393069	5367.95036547335	-2681.97518273667	No	0.723
K19710	1.58847103420834	942.929611992344	-469.464805996172	No	1.0
K02619	8.79470206429811	4391.44079148686	-2193.72039574343	No	0.843
K17810	4.0002211080771	1322.14208523142	-659.071042615712	No	0.991
K13787	1.5761907422338	900.60071293955	-448.300356469775	No	1.0
K00895	1.52036164690561	610.086124529966	-303.043062264983	No	1.0
K22316	5.22801728163296	703.697421574314	-349.848710787157	No	1.0
K15770	11.3567261547037	3587.29814737294	-1791.64907368647	No	0.429
K00594	14.641780828307	1857.96371933465	-926.981859667323	No	0.736
K05342	12.6280421698691	3096.51305461865	-1546.25652730932	No	0.666
K08162	20.2454607695959	2376.34085634139	-1186.17042817069	No	0.732
K03546	5.76606028123661	5087.23895115722	-2541.61947557861	No	0.782
K12308	15.0199666623143	5993.5427319604	-2994.7713659802	No	0.0
K00274	20.6200654919508	6173.77360859999	-3084.88680429999	No	0.0
K06336	21.0309085426776	1366.33793886665	-681.168969433327	No	0.295
K06977	13.2853524886526	1165.41714780652	-580.708573903261	No	0.734
K00897	26.8566599916377	1139.7076276489	-567.853813824451	No	0.346
K15733	12.6083159810721	1514.54118462337	-755.270592311686	No	0.931
K18926	7.73770641883558	2890.4024803181	-1443.20124015905	No	0.964
K01664	9.89772237282462	3235.0426262974	-1615.5213131487	No	0.968
K08139	18.7175523100819	2615.27834908884	-1305.63917454442	No	0.28
K16237	12.0981624567152	505.849405249407	-250.924702624703	No	0.987
K07487	106.869838498504	9055.08805119948	-4525.54402559974	No	0.0
K01101	3.87776345777784	1234.88869966923	-615.444349834613	No	1.0
K00986	60.4599927533121	8863.16675367783	-4429.58337683891	No	0.0
K15051	4.32420579775185	1854.07081786649	-925.035408933243	No	0.939
K00876	2.61504970214127	2490.3707959676	-1243.1853979838	No	1.0
K00131	10.1616611564314	2234.5989132561	-1115.29945662805	No	0.901
K16789	4.24496298473926	1537.14170657505	-766.570853287527	No	0.991
K07150	6.5020136560607	3818.89521330487	-1907.44760665243	No	0.729
K07533	2.6315675341175	1440.97396308544	-718.486981542721	No	1.0
K06198	2.22314571258032	3411.21561965761	-1703.6078098288	No	0.801
K01223	9.44135487030893	3306.7195671776	-1651.3597835888	No	0.862
K03488	16.1044383623925	3298.85420932303	-1647.42710466151	No	0.229
K03095	2.21106223314817	637.45959650438	-316.72979825219	No	1.0
K08986	9.42004052152692	3389.47488731318	-1692.73744365659	No	0.796
K21064	2.93409844864621	2874.11049710423	-1435.05524855212	No	1.0
K10041	13.356963988041	1338.40265123456	-667.20132561728	No	0.931
K19002	5.19352985093533	2110.70761409831	-1053.35380704915	No	0.937
K13677	8.62289462663772	736.257266549045	-366.128633274523	No	0.962
K01271	6.69370758688309	4244.01996851206	-2120.00998425603	No	0.858
K07035	6.04976625740581	2572.47063854685	-1284.23531927342	No	0.909
K03788	19.9101422936927	836.334656197421	-416.167328098711	No	0.937
K20484	30.772899732987	3354.17152530446	-1675.08576265223	No	0.0
K20483	24.1613212177178	3138.27322364375	-1567.13661182188	No	0.001
K20492	17.7227552790965	1834.19324450819	-915.096622254097	No	0.006
K20487	16.7228718945545	2339.91848314239	-1167.9592415712	No	0.002
K20488	15.0555820119393	2304.88896123934	-1150.44448061967	No	0.024
K20486	31.7668268007925	1300.65975999912	-648.329879999559	No	0.0
K16923	15.6504256862619	3056.82883145281	-1526.41441572641	No	0.001
K03366	26.7857962691356	4706.89083819569	-2351.44541909784	No	0.0
K05363	3.73225045268814	627.468123972371	-311.734061986186	No	0.988
K03697	3.69607134614268	792.203665222757	-394.101832611379	No	0.999
K18890	4.43091882828988	2339.63436591604	-1167.81718295802	No	1.0
K18889	4.28160758649047	2586.06050351747	-1291.03025175873	No	1.0
K01914	4.07440756354506	2090.7278305273	-1043.36391526365	No	0.992
K21745	14.5784597915205	2996.67386896257	-1496.33693448128	No	0.004
K12997	26.2263185825484	3172.88194200125	-1584.44097100063	No	0.0
K07707	13.0787715040625	1627.61116032739	-811.805580163693	No	0.816
K20344	27.8018464092207	2858.15741339524	-1427.07870669762	No	0.0
K07586	1.97533024510342	1034.6304524785	-515.315226239251	Yes	1.0
K09825	4.40365030581402	2158.68100494677	-1077.34050247339	No	0.998
K03825	17.9363216426788	4599.92045355064	-2297.96022677532	No	0.01
K02794	3.95714390929303	1828.63912226875	-912.319561134374	No	0.995
K02795	4.22200779395676	2031.08909451207	-1013.54454725604	No	0.992
K02796	4.81174440544632	1362.45005346858	-679.22502673429	No	0.998
K02240	0.784203216953157	347.139496173781	-171.56974808689	No	1.0
K02761	10.3817869345274	2894.29034923091	-1445.14517461545	No	0.831
K02760	9.83789803132726	3130.99073774784	-1563.49536887392	No	0.846
K02759	8.38608312370089	2828.20986601928	-1412.10493300964	No	0.95
K07570	1.44929781482709	449.676151335554	-222.838075667777	No	1.0
K11618	2.96326423463415	656.249020044391	-326.124510022196	No	1.0
K11617	3.0763178902706	835.782617152095	-415.891308576048	No	1.0
K07693	8.43014770087898	3917.09608536995	-1956.54804268498	No	0.836
K03700	1.10593112715989	1311.42346714733	-653.711733573664	No	1.0
K01916	5.98339363568169	3933.68384168269	-1964.84192084134	No	0.99
K00105	11.2690161359242	497.747685105495	-246.873842552748	No	0.964
K07467	28.2293856964346	3903.53705297524	-1949.76852648762	No	0.0
K03475	14.5398532477545	4480.04212957777	-2238.02106478889	No	0.037
K02822	13.8987085343784	4116.68305270056	-2056.34152635028	No	0.166
K02821	13.4674457583426	4427.34518628701	-2211.6725931435	No	0.193
K01226	11.8938345356414	2609.72631079477	-1302.86315539739	No	0.899
K02817	17.6162829692722	560.359721575564	-278.179860787782	No	0.854
K07705	14.4706272714402	1728.10420121262	-862.05210060631	No	0.628
K07704	13.2795353991048	1853.80745308054	-924.903726540272	No	0.612
K01261	2.64768175580064	606.216629190208	-301.108314595104	No	1.0
K02248	3.3467067126244	1042.22822222199	-519.114111110996	No	1.0
K02246	5.18171879303933	1432.17483009288	-714.087415046442	No	0.997
K02244	1.75686433645485	517.505234015498	-256.752617007749	No	1.0
K02243	2.16388055609019	714.892865936623	-355.446432968311	No	0.999
K03693	1.85438248876834	443.051460659141	-219.525730329571	No	1.0
K17076	9.0913684624669	1257.8737152918	-626.936857645901	No	0.952
K06726	14.6925225769782	4954.15797288926	-2475.07898644463	No	0.049
K09698	1.83568132458718	880.308710583146	-438.154355291573	No	1.0
K03048	0.815437513131885	409.69933368892	-202.84966684446	No	1.0
K07260	4.99501760381342	3758.58891256697	-1877.29445628348	No	0.96
K01639	17.7425013261235	3733.24610871591	-1864.62305435796	No	0.005
K00841	4.65617348554086	970.148493471843	-483.074246735921	No	0.996
K21828	14.6154192693487	807.128645206203	-401.564322603101	No	0.899
K14205	13.5650704853532	3759.65661903278	-1877.82830951639	No	0.552
K16922	29.9585834664353	5466.40382708859	-2731.20191354429	No	0.0
K05593	19.2275815935022	3309.99902830449	-1652.99951415225	No	0.0
K01361	16.1987520483464	1553.89980897445	-774.949904487223	No	0.313
K12555	2.71174215132227	707.173974100257	-351.586987050128	No	1.0
K01839	2.79331472678461	2832.78341703872	-1414.39170851936	No	1.0
K00757	7.81020310298697	2810.95383611427	-1403.47691805714	No	0.865
K08152	13.2773364497102	2213.1225939202	-1104.5612969601	No	0.676
K02777	7.85404511480592	1878.99124349376	-937.495621746879	No	0.996
K06896	12.9026369149153	1435.86868862838	-715.934344314188	No	0.883
K07720	6.63918998201706	3834.9267770325	-1915.46338851625	No	0.599
K01186	18.2587552586896	3356.81673880964	-1676.40836940482	No	0.003
K00917	16.1316614320655	2664.65566161756	-1330.32783080878	No	0.172
K01635	11.7975634271963	2346.52568332029	-1171.26284166014	No	0.532
K11616	32.4843540250646	1398.77773106657	-697.388865533284	No	0.361
K15973	5.60672957524487	2202.76994139466	-1099.38497069733	No	0.941
K02744	21.7277581843128	1806.90884904435	-901.454424522175	No	0.121
K18581	17.2613729297952	4474.13560125	-2235.067800625	No	0.0
K03078	22.9940051577038	1810.5514437687	-903.27572188435	No	0.538
K03079	17.8321905033552	3787.03599628511	-1891.51799814255	No	0.002
K02525	20.5877310904913	2592.1525432044	-1294.0762716022	No	0.53
K02775	18.1761599741494	3475.49674327002	-1735.74837163501	No	0.001
K00880	28.8575571419731	2460.68093349021	-1228.34046674511	No	0.0
K03476	19.8919897519868	2096.38287098743	-1046.19143549372	No	0.271
K09685	1.03021714540875	534.668315921044	-265.334157960522	No	1.0
K03713	1.78144220682835	511.635546061982	-253.817773030991	No	1.0
K01281	7.61400517001346	2033.04899065784	-1014.52449532892	No	0.961
K03471	2.83488938378132	959.202356575724	-477.601178287862	No	0.998
K02808	15.9383369422573	1119.37145404428	-557.685727022142	No	0.849
K03706	0.779278185351765	423.027532907038	-209.513766453519	No	1.0
K06948	0.486394988014612	332.672547981492	-164.336273990746	No	1.0
K16924	15.5362377398738	1817.95513158503	-906.977565792513	No	0.731
K07105	4.58186396483181	1674.05737372836	-835.028686864181	No	0.993
K04767	5.62604637971392	2431.83545201357	-1213.91772600679	No	0.968
K16868	17.6666798828598	2307.65941251469	-1151.82970625735	No	0.628
K08170	28.1739473470561	1476.37345406885	-736.186727034425	No	0.037
K00243	1.87761256550703	1834.21234491874	-915.106172459371	No	1.0
K00887	6.05308113651821	1634.59668082702	-815.298340413511	No	0.982
K12999	5.07992011407441	891.899938415357	-443.949969207679	No	0.992
K10036	8.69750921870944	2287.68873172911	-1141.84436586455	No	0.944
K00712	17.6325260235164	4038.16227195296	-2017.08113597648	No	0.007
K12996	20.8082306493876	1242.71495643241	-619.357478216205	No	0.361
K00786	22.7365851774061	1318.34074931737	-657.170374658685	No	0.031
K07271	11.9107874783067	3077.7102664636	-1536.8551332318	No	0.071
K07139	2.37552061587429	2017.83118922673	-1006.91559461337	No	1.0
K05362	2.15489057418368	265.059812525328	-130.529906262664	No	1.0
K19005	2.31920745364012	529.997027816873	-262.998513908437	No	1.0
K07584	0.735131486026442	677.687567047584	-336.843783523792	No	1.0
K21567	2.64145709407109	1878.73515687053	-937.367578435264	No	0.999
K01597	2.4695349623877	2055.56554881718	-1025.78277440859	No	0.999
K00938	2.94998686414554	1651.89322611518	-823.94661305759	No	0.991
K16235	25.9933293139452	1649.91151571023	-822.955757855116	No	0.741
K00547	15.6125805897809	3670.32539335833	-1833.16269667917	No	0.315
K04086	12.2898279214611	771.328642670103	-383.664321335051	No	0.966
K11041	13.7423979009783	1979.06573563581	-987.532867817906	No	0.672
K01727	22.1113457015401	2018.92387791616	-1007.46193895808	No	0.05
K03548	2.98126006514908	2887.39097115269	-1441.69548557634	No	1.0
K07441	26.844807752484	1422.81933962996	-709.409669814978	No	0.0
K00983	24.3197320217385	1116.92577093762	-556.462885468811	No	0.0
K05020	11.9890911873073	2738.17865605046	-1367.08932802523	No	0.4
K11069	5.95023671943394	3430.7831901423	-1713.39159507115	No	0.97
K00364	4.95200558378946	1980.15248188514	-988.076240942572	No	1.0
K16169	7.61378867777372	1180.2132670229	-588.106633511448	No	0.996
K16869	2.67456297962319	578.742335631723	-287.371167815861	No	1.0
K14983	10.4514288564526	1109.46621007067	-552.733105035337	No	0.968
K14982	12.2382530649438	1545.48813398034	-770.744066990168	No	0.929
K08234	12.9248576647581	4296.59209678587	-2146.29604839294	No	0.49
K07741	93.8392891455905	4869.78653611057	-2432.89326805529	No	0.0
K21936	15.8681867834033	2663.355561404	-1329.677780702	No	0.303
K22072	19.5122977668715	511.976182809545	-253.988091404772	No	0.61
K02594	13.1844292219907	2319.611884605	-1157.8059423025	No	0.303
K02584	7.3138710312421	2541.79897207816	-1268.89948603908	No	0.422
K07344	25.6425606557068	4062.10743717535	-2029.05371858768	No	0.0
K09144	54.5485453474612	7081.08695319317	-3538.54347659659	No	0.0
K06282	12.1535557012986	4056.78923493664	-2026.39461746832	No	0.124
K06281	14.8386668555968	3020.59611138852	-1508.29805569426	No	0.048
K03620	13.1377868097609	3428.59490303295	-1712.29745151648	No	0.085
K16915	8.63217037561976	1988.09433372185	-992.047166860927	No	0.352
K03839	2.56706252520025	1536.97850239386	-766.489251196932	No	1.0
K14171	21.3472901256507	1310.98025157422	-653.490125787112	No	0.28
K09137	10.1498418906102	3758.43853214657	-1877.21926607329	No	0.138
K03881	7.23198822032517	397.009937118107	-196.504968559054	No	0.996
K04335	32.8516154294906	2548.48972732146	-1272.24486366073	No	0.005
K03435	12.8685990176141	1905.89187726298	-950.94593863149	No	0.974
K11183	17.4206644540367	1716.68527770937	-856.342638854687	No	0.825
K19166	42.1531124736544	5553.82810307224	-2774.91405153612	No	0.0
K08691	4.01255380616155	804.926601552208	-400.463300776104	No	0.998
K02226	14.2169114438869	5351.53876331683	-2673.76938165841	No	0.011
K04034	7.16249872634405	3038.81644649027	-1517.40822324513	No	0.562
K01884	18.8649603017233	1590.60146013472	-793.300730067358	No	0.0
K21006	33.2221431229417	2132.43717062243	-1064.21858531121	No	0.0
K21011	31.7572131553975	3145.65289874289	-1570.82644937145	No	0.0
K21012	29.7352793935649	2701.41361310569	-1348.70680655284	No	0.0
K09388	5.46210609476581	984.682134494488	-490.341067247244	No	0.982
K03813	17.9475628254055	1928.16120991451	-962.080604957257	No	0.096
K01667	12.391768818259	3708.44611099723	-1852.22305549862	No	0.016
K12137	18.1435437705571	2789.61940184307	-1392.80970092153	No	0.006
K22438	20.5119523041743	1879.70673375366	-937.853366876831	No	0.006
K21512	46.6232399501006	3765.5677691	-1880.78388455	No	0.0
K14986	14.0336666204139	1029.15189803587	-512.575949017937	No	0.836
K07504	112.991255119148	5729.60666380675	-2862.80333190337	No	0.0
K07317	23.4281067744491	5533.59757246954	-2764.79878623477	No	0.0
K19134	25.035492928157	1882.23959511399	-939.119797556997	No	0.0
K19135	25.9012371944763	1361.78848225472	-678.894241127359	No	0.0
K06884	20.2152408885751	2758.3149210069	-1377.15746050345	No	0.423
K14447	3.54461274471055	722.879431784517	-359.439715892258	No	0.998
K14446	4.11072758647891	1377.97509120136	-686.98754560068	No	0.96
K07059	7.68951277283017	2118.7058752682	-1057.3529376341	No	0.732
K14448	6.40686609987067	1134.97151613206	-565.485758066028	No	0.975
K05951	18.4765021750001	782.111954269931	-389.055977134965	No	0.729
K13924	20.9852591867767	5487.11979509336	-2741.55989754668	No	0.0
K21694	21.8759491683305	736.07271372356	-366.03635686178	No	0.409
K01907	7.84394302875226	3679.48006208039	-1837.7400310402	No	0.901
K00137	27.5835489346144	2115.85114908091	-1055.92557454045	No	0.229
K00317	36.4854782486316	1438.02944980225	-717.014724901123	No	0.0
K14056	20.9819058275841	1507.72503973293	-751.862519866463	No	0.923
K05303	31.7070927526753	4088.80442151208	-2042.40221075604	No	0.0
K07257	19.6428476008335	4488.64099011064	-2242.32049505532	No	0.0
K13992	19.399820802172	1297.17972324203	-646.589861621013	No	0.428
K03405	6.46798315469016	4441.56024356502	-2218.78012178251	No	0.857
K03404	10.3016607321722	2813.30841174728	-1404.65420587364	No	0.724
K17865	10.0272422977343	2822.37301354796	-1409.18650677398	No	0.697
K10912	13.2159918006537	1021.93600013235	-508.968000066174	No	0.947
K07172	52.8640540475831	6335.18641934656	-3165.59320967328	No	0.0
K16370	22.135175948355	3187.92674757525	-1591.96337378762	No	0.043
K07028	11.0930964909117	4447.3358045274	-2221.6679022637	No	0.141
K03560	2.22552320070866	1738.30548793792	-867.15274396896	No	1.0
K16871	15.1270440779603	1694.05069387579	-845.025346937897	No	0.574
K07494	34.8249762573923	7337.61140105687	-3666.80570052844	No	0.0
K11530	32.8462457350403	4940.37230354052	-2468.18615177026	No	0.0
K03304	21.6939528197685	3918.55101243848	-1957.27550621924	No	0.0
K19733	16.3186088525337	796.713759592371	-396.356879796185	No	0.89
K07499	32.9361618118528	4744.13574451605	-2370.06787225803	No	0.0
K15899	23.819890421183	3189.4653345985	-1592.73266729925	No	0.0
K18691	2.30206219870673	1805.30095171635	-900.650475858177	No	1.0
K19169	150.586470101432	4071.92373188382	-2033.96186594191	No	0.0
K06197	19.149460524679	2938.47470790651	-1467.23735395325	No	0.276
K18904	22.3336463793571	1123.47917277359	-559.739586386796	No	0.379
K09828	7.23973306200038	1127.88043672745	-561.940218363725	No	0.994
K09024	27.1533131596753	2184.29726135793	-1090.14863067897	No	0.497
K14623	85.8770159383273	3593.73055100335	-1794.86527550168	No	0.0
K07495	51.918162824693	7440.82299055948	-3718.41149527974	No	0.0
K00247	6.21859006666491	1883.27411934218	-939.637059671092	No	0.945
K00245	4.53948361494657	1520.06497085381	-758.032485426906	No	0.99
K00244	9.05538831812255	4086.0372556079	-2041.01862780395	No	0.526
K05785	10.985548368368	2774.84174083758	-1385.42087041879	No	0.77
K07276	7.19698485011969	1291.01459026999	-643.507295134993	No	0.983
K18626	57.8761731235483	1734.39303625579	-865.196518127896	No	0.0
K21686	14.2302296249204	1681.61085924517	-838.805429622583	No	0.906
K09982	25.4429981526873	1620.69902159216	-808.34951079608	No	0.214
K03187	13.7401567237844	5640.26312209091	-2818.13156104545	No	0.019
K00185	2.43382608267128	2153.43096607972	-1074.71548303986	No	1.0
K11179	2.80167713079497	759.435516135491	-377.717758067745	No	1.0
K07235	1.91751807119382	834.19932407042	-415.09966203521	No	1.0
K14449	3.90048977098295	817.369840007867	-406.684920003933	No	0.996
K03793	6.81543701316098	1052.9044306818	-524.452215340899	No	0.984
K04036	21.9164031375946	775.420236927012	-385.710118463506	No	0.687
K15383	17.3078721889707	3688.33368354989	-1842.16684177495	No	0.001
K01958	4.54734604883876	3834.14299771472	-1915.07149885736	No	0.991
K07167	10.219128937104	2416.28180600121	-1206.14090300061	No	0.902
K03465	3.49347508954413	3305.33612393623	-1650.66806196811	No	0.992
K07318	7.62369384377454	2732.08328550268	-1364.04164275134	No	0.007
K15894	20.4936477989369	5247.4791523927	-2621.73957619635	No	0.0
K09860	3.76671211573817	914.383880437391	-455.191940218695	No	0.996
K03203	27.5986716140171	3365.50186802126	-1680.75093401063	No	0.0
K15896	14.5458557094406	1385.74001923703	-690.870009618516	No	0.012
K15897	29.0701807589457	4113.88418354145	-2054.94209177072	No	0.0
K06320	15.0452860572384	2826.50161459084	-1411.25080729542	No	0.017
K03563	2.74440049413117	2503.93932685837	-1249.96966342919	No	1.0
K02573	9.48439831006397	2234.95403623377	-1115.47701811689	No	0.601
K02574	8.60281905528121	3339.07600846625	-1667.53800423313	No	0.218
K07109	5.08427310459606	573.8967373184	-284.9483686592	No	1.0
K20151	19.5634493824826	1052.81202983149	-524.406014915746	No	0.001
K00246	3.28918752216281	945.350737701754	-470.675368850877	No	0.961
K20810	5.00555702746156	1330.66452306893	-663.332261534466	No	0.969
K13727	30.0555109196393	2108.09286076791	-1052.04643038396	No	0.052
K00076	5.43375456533879	2034.35242677314	-1015.17621338657	No	0.973
K03415	6.7292781092517	2315.59663615259	-1155.79831807629	No	0.995
K11785	2.93551483878466	839.920947078173	-417.960473539086	No	0.999
K13016	23.1076220556462	2484.72658072935	-1240.36329036467	No	0.0
K13018	16.8909340668992	4382.3118064054	-2189.1559032027	No	0.0
K13626	3.65689200223102	2314.09230755761	-1155.04615377881	No	0.997
K01760	9.94328728700687	4934.62593759017	-2465.31296879508	No	0.528
K09859	8.85369309736697	1984.92064757357	-990.460323786784	No	0.866
K15257	3.42895967664381	2302.57921999877	-1149.28960999939	No	0.998
K02217	6.32949701926611	4237.54478141998	-2116.77239070999	No	0.846
K14048	21.4860229686724	1422.09198589177	-709.045992945887	No	0.089
K02572	18.7710037381618	1695.13983263613	-845.569916318066	No	0.882
K07337	7.2118018362692	2160.17125180615	-1078.08562590307	No	0.96
K09805	50.3073106142519	2113.10914431588	-1054.55457215794	No	0.0
K13498	1.65520004544674	501.229043611318	-248.614521805659	No	1.0
K19157	31.9809638975417	5696.68232361675	-2846.34116180838	No	0.0
K04562	3.3359874931386	2346.23215828497	-1171.11607914249	No	1.0
K13819	3.69931718414311	1402.41350040333	-699.206750201667	No	0.909
K08682	3.68338653647872	1554.75694839346	-775.378474196729	No	1.0
K00030	6.03123389488041	1547.29826123543	-771.649130617713	No	0.959
K12982	3.7677993072503	659.840177187981	-327.92008859399	No	1.0
K19696	9.11326422485882	504.3013848603	-250.15069243015	No	0.998
K03567	5.67277971939761	1701.10605065721	-848.553025328606	No	0.998
K03940	5.73123305268608	910.628362977823	-453.314181488911	No	0.997
K10819	5.83177114338898	1367.08619652002	-681.54309826001	No	0.997
K07518	17.5149740030815	779.507965237356	-387.753982618678	No	0.947
K00701	32.6977454262705	946.856426831629	-471.428213415815	No	0.098
K16211	8.76603979394525	2714.96061656513	-1355.48030828257	No	0.877
K14266	15.9916088600953	2267.84496882032	-1131.92248441016	No	0.371
K22881	8.24469428244707	736.547210729366	-366.273605364683	No	0.901
K00456	32.3483291545384	1407.86524762162	-701.932623810812	No	0.002
K09912	3.59398052024369	798.273932009772	-397.136966004886	No	1.0
K01141	1.45749747214608	1139.80190152393	-567.900950761965	No	1.0
K00486	5.09022155637857	1250.9904928583	-623.495246429152	No	0.996
K07153	0.626937696874704	258.431324108941	-127.21566205447	No	1.0
K12152	3.53307213492934	860.11998066691	-428.059990333455	No	1.0
K09920	1.3082250748331	432.319792152126	-214.159896076063	No	1.0
K20862	3.52583378811238	1055.14217932703	-525.571089663514	No	1.0
K07778	8.40694248561039	3847.29686360643	-1921.64843180321	No	0.898
K05886	20.3636438874934	546.96012775457	-271.480063877285	No	0.969
K13282	12.5402968036668	4537.12014310179	-2266.5600715509	No	0.019
K22320	11.4225334941952	1841.50493705316	-918.752468526578	No	0.861
K22319	8.7198507425588	2065.97484933792	-1030.98742466896	No	0.796
K22318	5.4263368643974	1186.37255180966	-591.186275904829	No	0.876
K22317	9.34340112235977	1524.51585143943	-760.257925719714	No	0.929
K06992	20.7784650936313	2326.04701401617	-1161.02350700808	No	0.269
K00631	1.96749928294879	954.962260988714	-475.481130494357	No	1.0
K20523	7.21121177537925	859.063667813677	-427.531833906839	No	0.947
K03658	15.1979714840319	2957.8817347055	-1476.94086735275	No	0.272
K03503	15.7720697191139	5083.97097161468	-2539.98548580734	No	0.007
K09902	1.57919092658245	406.482191220069	-201.241095610035	No	1.0
K03732	1.97676481955217	759.53199990757	-377.765999953785	No	1.0
K03760	15.5108643881377	3300.10206950242	-1648.05103475121	No	0.631
K08081	18.2385259928799	1113.00532251238	-554.50266125619	No	0.801
K19033	8.49987227252355	939.433737700023	-467.716868850011	No	0.965
K22305	4.19621083162695	777.633404158024	-386.816702079012	No	0.992
K03768	8.15674235640969	2564.0056852181	-1280.00284260905	No	0.843
K06968	3.38716495738045	1228.24169187564	-612.120845937819	No	1.0
K08312	2.49838829051941	501.036998952464	-248.518499476232	No	1.0
K06598	2.99835893566236	261.435477715417	-128.717738857708	No	1.0
K06597	8.12888477281207	336.3680977538	-166.1840488769	No	1.0
K02487	6.19721060006938	783.781638319319	-389.89081915966	No	0.995
K05365	1.90600462345573	567.290744053536	-281.645372026768	No	1.0
K05844	5.21256726041764	2386.92568905881	-1191.4628445294	No	1.0
K03214	2.57238081495526	469.043122188654	-232.521561094327	No	1.0
K05986	21.909337075435	1557.84190161707	-776.920950808534	No	0.552
K10716	10.1504068569733	3590.21194369956	-1793.10597184978	No	0.805
K13775	11.1657721100653	2486.86741533032	-1241.43370766516	No	0.844
K18301	16.2384750927617	3563.28404025824	-1779.64202012912	No	0.279
K21025	3.21120285674086	390.087513412506	-193.043756706253	No	1.0
K19810	1.48876307843374	449.801403984774	-222.900701992387	No	1.0
K01089	2.26964009077688	997.480529407743	-496.740264703871	No	1.0
K09880	10.5947256740351	1965.01172890868	-980.505864454338	No	0.95
K03828	10.1727388097458	3011.96982451588	-1503.98491225794	No	0.853
K11942	5.81569814523851	2270.31740464965	-1133.15870232482	No	0.997
K17231	18.9296186085077	2511.89464182863	-1253.94732091432	No	0.042
K01167	7.87199538415101	1756.17721019078	-876.088605095388	No	0.98
K01758	7.46943403854049	1892.1085369661	-944.054268483049	No	0.989
K07689	5.40964763350551	1855.22657408214	-925.613287041068	No	0.999
K07400	1.00819434846416	1165.38203366542	-580.69101683271	No	1.0
K13007	16.4655644023166	1661.58831006636	-828.794155033179	No	0.58
K07660	6.95922782854423	1019.16606299461	-507.583031497305	No	0.999
K01305	13.7014150413139	3061.87581823511	-1528.93790911755	No	0.027
K18697	10.04544728948	2046.49928655424	-1021.24964327712	No	0.845
K07121	2.47815485054259	1001.5677671574	-498.7838835787	No	1.0
K09915	8.27211390262276	1664.79688487037	-830.398442435184	No	0.996
K09938	3.73655236334688	760.110047691614	-378.055023845807	No	1.0
K01303	10.9400656051363	3956.02458418726	-1976.01229209363	No	0.178
K06966	2.99525579226679	695.245599759546	-345.622799879773	No	1.0
K15396	1.74229697685666	521.878878038246	-258.939439019123	No	1.0
K01715	6.15162733622422	3194.65987415395	-1595.32993707698	No	0.855
K13238	5.56433069198318	373.82951695875	-184.914758479375	No	0.995
K06956	9.8355773889192	3490.83315143409	-1743.41657571705	No	0.88
K00499	11.5087696522699	2227.15355656702	-1111.57677828351	No	0.68
K12297	2.14911145327683	712.746409830568	-354.373204915284	No	1.0
K07132	106.815083021461	4645.5323325976	-2320.7661662988	No	0.0
K07037	1.48036120885708	1120.89549145921	-558.447745729605	No	1.0
K01270	2.35462471199831	2219.75368163085	-1107.87684081542	No	1.0
K15460	2.82549537060735	2495.63656198554	-1245.81828099277	No	1.0
K00346	2.35191826962967	1768.60452526209	-882.302262631047	No	1.0
K12257	1.95068561608317	2107.27432950008	-1051.63716475004	No	1.0
K01185	25.2426957186921	6577.74225643813	-3286.87112821906	No	0.0
K12063	30.1200741458862	5003.76397715057	-2499.88198857528	No	0.0
K05979	7.46761219179201	3781.17355401359	-1888.58677700679	No	0.743
K03718	5.24935333653056	3496.17601443619	-1746.0880072181	No	0.997
K19353	12.6439513901763	1799.09333698007	-897.546668490033	No	0.854
K21574	9.95058799269517	1008.96475159815	-502.482375799077	No	0.971
K21416	20.9900759897252	4968.21704743959	-2482.10852371979	No	0.0
K08676	9.16599733500231	2890.55255708094	-1443.27627854047	No	0.717
K01337	8.46578731505922	1173.94137780902	-584.97068890451	No	0.735
K03473	1.46307886941534	626.601422849125	-311.300711424563	No	1.0
K11031	31.635443666073	1683.92922894788	-839.96461447394	No	0.0
K15789	3.68638124629802	1903.77902943217	-949.889514716085	No	1.0
K08276	14.3173672213421	1464.45014508626	-730.225072543128	No	0.945
K01787	14.9659335496987	1747.44086906934	-871.720434534672	No	0.101
K03340	9.05737789141529	2802.5537986337	-1399.27689931685	No	0.493
K03773	5.25537138125983	1673.13651314545	-834.568256572723	No	1.0
K21469	10.3558642389327	3535.53365880601	-1765.766829403	No	0.584
K01206	11.6893979245611	4815.6143171052	-2405.8071585526	No	0.038
K09789	7.68850964608217	869.340087505124	-432.670043752562	No	0.952
K18785	14.0948751305145	1650.51684747231	-823.258423736156	No	0.411
K01277	7.56928544480284	845.60966061774	-420.80483030887	No	0.976
K19334	10.5724067041206	3317.44226554	-1656.72113277	No	0.555
K21741	23.0448949825848	1861.41229682237	-928.706148411187	No	0.05
K01197	25.6015242887034	1786.18417349055	-891.092086745277	No	0.021
K07405	0.964506648526499	431.401485366459	-213.70074268323	No	1.0
K09155	10.0011288199617	3099.6296275822	-1547.8148137911	No	0.223
K10679	9.43750227412633	3510.79003342274	-1753.39501671137	No	0.784
K12256	10.2937291570813	1777.95256258987	-886.976281294935	No	0.978
K02164	26.4686875720209	2560.85289544876	-1278.42644772438	No	0.057
K02305	21.9801579671443	2658.58914068799	-1327.294570344	No	0.005
K02448	18.7008585942351	2602.44113533693	-1299.22056766847	No	0.048
K16872	6.60288598766461	1176.45204098082	-586.226020490408	No	0.998
K03863	29.2792772863692	2015.36592585436	-1005.68296292718	No	0.17
K00090	15.3034371513349	1820.28356766115	-908.141783830575	No	0.985
K18302	12.8311251539478	1355.35247852323	-675.676239261617	No	0.959
K19171	148.542139214994	3834.97080776351	-1915.48540388175	No	0.0
K19170	150.366118255108	3886.64726383451	-1941.32363191725	No	0.0
K03791	43.6350208817348	4718.32312588826	-2357.16156294413	No	0.0
K03298	12.6973946333143	5229.4774364532	-2612.7387182266	No	0.001
K01487	11.5502479442676	5045.71084009088	-2520.85542004544	No	0.349
K13481	10.5057092339179	3466.44917148927	-1731.22458574463	No	0.871
K13482	10.7992245821776	3156.32284744945	-1576.16142372473	No	0.92
K07645	16.9323729060697	2223.16351329752	-1109.58175664876	No	0.857
K10023	10.5519695738025	1214.30397743461	-605.151988717305	No	0.974
K03577	11.4103876100044	1286.2929159016	-641.146457950799	No	0.995
K00696	12.311576446414	1396.72567313626	-696.362836568129	No	0.335
K05341	14.9556416858554	2378.30611156065	-1187.15305578032	No	0.144
K11527	13.8972629592738	2431.19870067969	-1213.59935033984	No	0.04
K08092	21.4389377572634	1805.10418671289	-900.552093356447	No	0.094
K07122	3.00630333823772	1636.50168948772	-816.25084474386	No	1.0
K19333	22.307079995775	1542.39480138237	-769.197400691183	No	0.82
K00007	29.0377130836831	986.312138717551	-491.156069358775	No	0.808
K00039	30.1881052235286	1695.49384879678	-845.746924398391	No	0.045
K03409	5.8509802224226	2543.05618943077	-1269.52809471539	No	0.956
K22684	27.1198372764588	3115.16674726019	-1555.5833736301	No	0.0
K02803	12.5672159032989	3346.02119864298	-1671.01059932149	No	0.805
K01299	4.37038838886452	2672.81729032637	-1334.40864516318	No	0.998
K01026	18.2062517421933	3174.17481783272	-1585.08740891636	No	0.0
K08966	11.8862840612804	1929.75018644484	-962.875093222421	No	0.725
K01792	6.03327566590016	2447.35824983065	-1221.67912491533	No	0.994
K18159	18.6989809132273	1532.34373235396	-764.17186617698	No	0.198
K00899	14.3874339717316	3473.23130837435	-1734.61565418717	No	0.246
K11712	9.85733594344762	706.296216113745	-351.148108056872	No	0.987
K17723	13.5093284023236	3319.11216680801	-1657.55608340401	No	0.529
K17722	13.8963574019931	2682.47147272052	-1339.23573636026	No	0.797
K09017	9.10968704026899	2588.5351926007	-1292.26759630035	No	0.972
K14054	9.8705355214328	1053.30188765049	-524.650943825246	No	0.94
K20998	16.4834363991041	1226.36073214629	-611.180366073147	No	0.115
K05934	8.26240880204928	3419.27206788138	-1707.63603394069	No	0.38
K02623	19.6176638022387	1760.05439542335	-878.027197711673	No	0.869
K22185	21.5678872464966	2078.98587587992	-1037.49293793996	No	0.574
K03837	6.70704011298302	1333.363731119	-664.6818655595	No	0.997
K14274	22.4423846758381	4040.32199361689	-2018.16099680844	No	0.004
K02478	11.8396790905447	1354.62486431658	-675.31243215829	No	0.981
K13655	50.8107703285916	2599.88285089867	-1297.94142544934	No	0.0
K13651	68.5242377014781	1743.4873275562	-869.743663778099	No	0.0
K01674	24.1936731173886	3711.94940551787	-1853.97470275893	No	0.0
K16703	18.2105782611298	5089.57581404263	-2542.78790702132	No	0.0
K01563	16.7976323895708	3617.09290726344	-1806.54645363172	No	0.015
K06867	22.1498871978137	3772.4793185029	-1884.23965925145	No	0.008
K13256	13.0601149407086	2497.6323101495	-1246.81615507475	No	0.914
K23414	29.9172534615528	812.047573514219	-404.02378675711	No	0.849
K12452	42.4703022488425	4864.233014903	-2430.1165074515	No	0.0
K03192	15.0057805182022	3000.70900385945	-1498.35450192972	No	0.378
K20974	17.5906855905151	1968.81877725895	-982.409388629477	No	0.241
K02431	16.7060572365714	4237.06276509645	-2116.53138254822	No	0.002
K09892	2.05852892100585	1099.17498371221	-547.587491856104	No	1.0
K06955	14.4837436203904	3047.10226599252	-1521.55113299626	No	0.4
K20370	6.83411655993313	599.817539597592	-297.908769798796	No	0.878
K13688	17.157003279229	4332.95483497517	-2164.47741748758	No	0.0
K09913	6.80769830516514	2655.68655294477	-1325.84327647239	No	0.982
K23240	34.299148145982	1490.84082690216	-743.420413451082	No	0.338
K00154	13.0879058293534	3222.8824983144	-1609.4412491572	No	0.845
K08325	11.8886997227414	3130.21580926671	-1563.10790463335	No	0.802
K02058	16.4366642080078	4910.9763893953	-2453.48819469765	No	0.025
K11534	20.887870492769	1528.56679577533	-762.283397887663	No	0.891
K17195	46.624146215331	1382.79915856927	-689.399579284636	No	0.001
K01818	15.8011596065368	3423.64816597948	-1709.82408298974	No	0.001
K02781	17.2082517622379	2748.01338961325	-1372.00669480663	No	0.383
K06216	16.967840898193	377.201303961371	-186.600651980685	No	0.964
K02082	20.8214025223904	3775.44631320337	-1885.72315660168	No	0.0
K13252	21.1757395712218	1032.18351781605	-514.091758908026	No	0.074
K09963	9.96830590914553	2186.1211164952	-1091.0605582476	No	0.833
K17463	23.1335607897374	1567.78844125414	-781.894220627069	No	0.764
K08728	3.26815184502024	786.693865775018	-391.346932887509	No	0.991
K23573	22.9522055159489	7706.58296509414	-3851.29148254707	No	0.0
K03810	11.970041244669	2320.68710960918	-1158.34355480459	No	0.905
K10133	18.042476814686	1062.74977428293	-529.374887141465	No	0.309
K01598	9.17459044365545	520.397839000951	-258.198919500475	No	0.939
K16044	11.9526431620616	4979.64834123015	-2487.82417061507	No	0.473
K01777	19.5217622716068	3490.94190567944	-1743.47095283972	No	0.0
K01208	9.64525519724208	2721.20615394624	-1358.60307697312	No	0.71
K08680	4.57348089137543	1246.87611678804	-621.438058394019	No	1.0
K08221	9.59821980917217	2804.94784440591	-1400.47392220295	No	0.889
K19422	21.3683131458342	2390.85857364199	-1193.42928682099	No	0.0
K02076	2.87900937575669	737.651589342659	-366.82579467133	No	1.0
K22043	7.95644106360115	938.705524717755	-467.352762358877	No	0.991
K01222	12.0809326594516	3516.43490014065	-1756.21745007032	No	0.607
K15629	23.8844906472647	3450.91774183398	-1723.45887091699	No	0.0
K06607	13.5064109761261	1100.12553569225	-548.062767846126	No	0.927
K19975	25.6053704209025	891.505376279886	-443.752688139943	No	0.64
K06610	32.7568844664011	2513.7528974528	-1254.8764487264	No	0.0
K05989	17.3617272256693	5197.36933956914	-2596.68466978457	No	0.0
K05910	12.9496922468719	781.35597462731	-388.677987313655	No	0.89
K03486	9.98548976650618	2162.53009039113	-1079.26504519556	No	0.918
K02773	17.3708200716299	3051.11066335815	-1523.55533167907	No	0.024
K02774	18.7727404565027	3153.54117742422	-1574.77058871211	No	0.003
K01838	9.3974779950159	3657.59348157369	-1826.79674078684	No	0.71
K00691	9.73944515531006	1940.08602083603	-968.043010418017	No	0.939
K10917	12.3537949169993	3306.04884466761	-1651.02442233381	No	0.589
K10038	11.2228325002222	2168.21671234072	-1082.10835617036	No	0.866
K01191	14.2464328678305	3409.7517314089	-1702.87586570445	No	0.064
K07718	6.89555430368803	2124.94653776866	-1060.47326888433	No	0.92
K18350	11.5728612077636	1862.09292454846	-929.046462274229	No	0.8
K03492	15.7255791734062	1475.86020621562	-735.930103107808	No	0.759
K03087	6.97386062002427	2704.43162133426	-1350.21581066713	No	0.999
K02859	1.36249843355488	320.654813931947	-158.327406965973	No	1.0
K07658	4.35103068180197	1731.41094075337	-863.705470376687	No	0.998
K22103	21.6137719185621	1521.81546085471	-758.907730427355	No	0.495
K01227	27.4428730536032	1825.71585929202	-910.857929646011	No	0.002
K22212	11.2947609504037	1111.05375458974	-553.526877294872	No	0.857
K10530	15.5731369306963	1053.30963227793	-524.654816138964	No	0.665
K05311	1.77402033520716	633.14414787292	-314.57207393646	No	1.0
K15523	8.9143533007311	3241.17836094828	-1618.58918047414	No	0.867
K03491	17.7130522253353	2433.53456516026	-1214.76728258013	No	0.151
K01215	17.9991744654027	1110.9366069098	-553.468303454901	No	0.726
K09968	77.4092509354959	2199.46226700192	-1097.73113350096	No	0.0
K02103	12.9215623622534	2138.97870766992	-1067.48935383496	No	0.532
K09704	13.446201244658	3012.38020612326	-1504.19010306163	No	0.292
K11622	3.87778395715562	884.052027426166	-440.026013713083	No	1.0
K22230	6.84312993894392	2332.32214640863	-1164.16107320431	No	0.995
K18104	12.1902943773252	1447.83638817443	-721.918194087215	No	0.925
K02802	17.7146614890544	1073.20196933331	-534.600984666654	No	0.964
K02804	13.4322659976426	3125.3002144386	-1560.6501072193	No	0.798
K18815	26.4638859530494	1072.53730336334	-534.268651681671	No	0.0
K19505	20.9014530564075	1081.61357327773	-538.806786638867	No	0.098
K19504	28.476409158081	1234.29019703763	-615.145098518813	No	0.033
K19510	29.0601263366295	1921.04405366818	-958.522026834092	No	0.0
K01218	19.4608259235645	3341.37405562319	-1668.6870278116	No	0.006
K09474	26.1723156732484	2552.64592992302	-1274.32296496151	No	0.019
K15531	20.6168738459889	1765.89877632856	-880.94938816428	No	0.006
K06113	17.6617286038762	4071.01995726112	-2033.50997863056	No	0.0
K12583	8.1044237595908	1488.67023259716	-742.335116298579	No	0.992
K01811	16.0895242572803	4488.24931698645	-2242.12465849322	No	0.005
K16210	19.9480360892181	1590.00513957793	-793.002569788963	No	0.534
K04127	14.6470983971511	1299.37582828446	-647.687914142231	No	0.376
K09955	14.8645697159513	5401.1805690534	-2698.5902845267	No	0.0
K18907	20.2575239836014	1422.53790218086	-709.268951090432	No	0.521
K09684	9.98349505795446	5151.55759254046	-2573.77879627023	No	0.276
K15533	15.3585352563007	1300.70582981989	-648.352914909943	No	0.178
K22105	4.0370796252477	1267.58556091623	-631.792780458113	No	1.0
K03472	3.10590962931005	604.069033667546	-300.034516833773	No	1.0
K00496	10.1308397975504	3125.63830231175	-1560.81915115587	No	0.811
K19789	7.63098301610526	1913.53063159613	-954.765315798067	No	0.979
K19702	14.2164058245221	1086.99045612143	-541.495228060713	No	0.93
K18425	23.6606117414973	885.16397722909	-440.581988614545	No	0.475
K00830	14.3514755162557	3460.52414379541	-1728.26207189771	No	0.061
K13776	12.5370896155884	239.193012525156	-117.596506262578	No	1.0
K13779	20.4376337956319	957.342283643582	-476.671141821791	No	0.776
K11731	16.5424725808328	1663.25729625677	-829.628648128386	No	0.549
K14645	12.1116895210488	3363.590239263	-1679.7951196315	No	0.384
K23127	5.34641429995557	526.240376597436	-261.120188298718	No	0.998
K01150	9.92595652696116	1537.46487691533	-766.732438457665	No	0.992
K00556	3.33407401828695	1576.27740126536	-786.13870063268	No	1.0
K06899	2.31393434444495	1239.94035300294	-617.970176501468	No	1.0
K09908	3.03565551209186	615.961363794361	-305.980681897181	No	1.0
K03556	11.5314096879154	6038.95007718385	-3017.47503859193	No	0.022
K03796	5.80413938433527	997.213797093473	-496.606898546736	No	0.998
K13053	9.52203883650348	593.782822931162	-294.891411465581	No	1.0
K10941	6.16285255978602	1051.60562832916	-523.802814164579	No	0.997
K20978	10.7289647374285	1005.92174823497	-500.960874117486	No	0.981
K20977	10.8341526336836	745.851159947124	-370.925579973562	No	0.993
K20976	12.466810693953	2236.00560244965	-1116.00280122483	No	0.627
K11391	3.36528725232995	695.854608717206	-345.927304358603	No	1.0
K05952	2.49294781632391	1286.14849893142	-641.074249465711	No	1.0
K07184	2.26403167885525	656.770272361904	-326.385136180952	No	1.0
K06169	2.03282856028585	944.626681584537	-470.313340792268	No	1.0
K09906	2.20203768827113	434.085116132627	-215.042558066314	No	1.0
K13668	3.70650553267874	2059.60275695854	-1027.80137847927	No	0.985
K07394	9.04993487487351	2095.69109116054	-1045.84554558027	No	0.98
K02450	8.25994717103302	1134.82996601171	-565.414983005856	No	0.98
K02451	10.0592259971908	1111.17282942507	-553.586414712537	No	0.983
K13634	3.57670691706397	863.469895474782	-429.734947737391	No	1.0
K02203	4.27758689269791	1120.22561235486	-558.112806177429	No	0.985
K01665	6.79099743255298	2238.23843603388	-1117.11921801694	No	0.998
K09516	21.3549588192878	2367.73137317542	-1181.86568658771	No	0.027
K11930	31.0959495490773	1616.67428344222	-806.337141721111	No	0.102
K09918	4.73703752091192	583.21818192189	-289.609090960945	No	1.0
K09822	23.8787284589422	4138.66718610355	-2067.33359305177	No	0.0
K22515	17.2149677967339	1363.9421380852	-679.971069042601	No	0.66
K01825	2.35907553072371	628.354224970324	-312.177112485162	No	1.0
K06149	3.05654925142638	618.224411705266	-307.112205852633	No	1.0
K03812	7.14846067627271	1888.2433838874	-942.121691943698	No	0.982
K04770	6.50208615420863	1843.55571564303	-919.777857821513	No	0.996
K03692	28.4056891284304	979.007549390322	-487.503774695161	No	0.172
K09700	14.1429654870055	1685.27984657444	-840.639923287222	No	0.022
K01573	5.14886348338193	1154.20228612512	-575.101143062561	No	0.993
K03807	4.9876435548162	615.813732276019	-305.906866138009	No	1.0
K09891	0.646105780772225	423.103188447363	-209.551594223681	No	1.0
K20975	21.3638878059569	1578.30538662314	-787.15269331157	No	0.639
K17879	20.7163272070467	1277.58882867346	-636.794414336728	No	0.857
K21218	5.9166195869815	527.69948784381	-261.849743921905	No	0.999
K13693	7.46410119070459	2413.23632172781	-1204.6181608639	No	0.98
K07026	11.8691204492841	1500.48016971214	-748.240084856069	No	0.888
K03451	12.6403794103454	2596.39935235929	-1296.19967617965	No	0.738
K07678	5.25826150946935	1020.52078296367	-508.260391481835	No	1.0
K02441	1.28565160230304	451.60938706455	-223.804693532275	No	1.0
K07044	12.5952532059107	2120.66454979785	-1058.33227489892	No	0.943
K11258	2.24512993131164	460.372602771222	-228.186301385611	No	1.0
K19164	31.6704300660025	4101.02653073195	-2048.51326536597	No	0.0
K19163	31.1833437679621	3317.61336381024	-1656.80668190512	No	0.0
K22548	27.1429779562242	1249.5295465227	-622.764773261352	No	0.216
K06970	9.31122894787311	2014.60842235387	-1005.30421117694	No	0.994
K10829	22.5649317729251	3773.95509218621	-1884.9775460931	No	0.049
K17736	20.9822897690312	988.105236437934	-492.052618218967	No	0.924
K13356	12.2208281524321	1067.78205101304	-531.89102550652	No	0.755
K07639	6.50889404377438	843.613531348889	-419.806765674444	No	0.998
K07661	7.7484209750378	1101.73330785028	-548.866653925141	No	0.998
K03674	2.1877413417246	330.074493376924	-163.037246688462	No	1.0
K13789	6.10063947706559	2327.54304091001	-1161.77152045501	No	0.968
K03112	4.31241945852589	716.462357342875	-356.231178671437	No	1.0
K01175	7.34069929752835	1892.11750765097	-944.058753825487	No	0.997
K05851	4.42788503623922	573.677152323136	-284.838576161568	No	1.0
K07740	3.15211542136784	460.042776921945	-228.021388460972	No	1.0
K00139	27.4476270511319	989.495960145664	-492.747980072832	No	0.033
K19285	10.460417059051	1200.29152711862	-598.145763559312	No	0.975
K01617	30.7304384515807	3500.64313224233	-1748.32156612117	No	0.0
K01666	19.3035249335639	6289.43320166322	-3142.71660083161	No	0.0
K04073	25.8607042284561	3433.27191292628	-1714.63595646314	No	0.009
K18364	29.6947481807878	1650.72492255125	-823.362461275626	No	0.007
K10216	40.1195798507841	2480.44041951692	-1238.22020975846	No	0.0
K08722	5.50566022995873	1029.53316877565	-512.766584387826	No	0.996
K13938	8.31370549067942	734.650960049832	-365.325480024916	No	0.999
K04117	45.7534612008217	1913.31336087882	-954.656680439411	No	0.0
K04116	41.097704377783	1839.31099869182	-917.65549934591	No	0.0
K03314	6.78471908972647	1227.51418713394	-611.757093566968	No	0.997
K10255	11.2019514813224	3073.26398909767	-1534.63199454884	No	0.667
K02167	13.3044949978955	4547.98908726675	-2271.99454363337	No	0.454
K00130	13.855331638099	5364.49447809053	-2680.24723904526	No	0.119
K07589	7.70716812624104	719.854212467721	-357.927106233861	No	0.993
K02661	7.94649191540752	281.476038851654	-138.738019425827	No	0.995
K20881	3.64011144523497	706.078008824711	-351.039004412356	No	1.0
K09966	9.76978040577097	2655.42079644742	-1325.71039822371	No	0.875
K06957	3.95331610262163	505.223672409984	-250.611836204992	No	0.999
K03184	3.05962359609618	628.157864091738	-312.078932045869	No	1.0
K05297	12.8455261750952	1421.49017677932	-708.745088389659	No	0.942
K06205	3.91811192361725	1358.74072651655	-677.370363258276	No	1.0
K09764	3.11882289920829	2290.72822780503	-1143.36411390252	No	1.0
K15537	12.313523348803	4139.38170664736	-2067.69085332368	No	0.774
K21866	22.8007113590372	1282.84668294244	-639.423341471219	No	0.1
K13700	23.946397467368	824.994561772021	-410.497280886011	No	0.532
K18800	3.02543630165678	645.666358397628	-320.833179198814	No	1.0
K00114	26.9041125705378	1852.64473578167	-924.322367890833	No	0.141
K02617	30.7245992866162	1427.26265134417	-711.631325672084	No	0.513
K05526	5.4536906507244	1056.55636419198	-526.278182095988	No	1.0
K10021	18.324639553285	1321.71462381267	-658.857311906336	No	0.916
K10025	9.74047590105643	397.316355472645	-196.658177736323	No	0.999
K08714	10.3789791051556	3128.76542047533	-1562.38271023767	No	0.522
K08225	15.5709592593829	1945.90540338902	-970.952701694509	No	0.842
K00988	18.9048327047519	689.135477879704	-342.567738939852	No	0.799
K09384	36.2077195115828	6636.36816516751	-3316.18408258375	No	0.0
K05789	31.7926883580564	974.596600383127	-485.298300191563	No	0.588
K04486	3.3302206186775	2944.0540654793	-1470.02703273965	No	0.997
K14977	12.9707387106804	3623.90207164645	-1809.95103582323	No	0.383
K01608	18.225263019905	2711.75469373379	-1353.87734686689	No	0.763
K13928	33.1822355916828	1225.84597249059	-610.922986245295	No	0.762
K13930	29.1129370019812	2127.03579868416	-1061.51789934208	No	0.425
K02688	14.3746472148507	2505.07001206031	-1250.53500603015	No	0.422
K04030	23.3589037050092	3155.68422451384	-1575.84211225692	No	0.0
K08195	22.1828324658825	1760.63503926082	-878.317519630408	No	0.887
K11737	12.7661634752292	2050.72504494581	-1023.36252247291	No	0.973
K08159	15.0252541793747	2057.15755001236	-1026.57877500618	No	0.903
K10857	5.96082915763747	1024.21326021014	-510.106630105072	No	0.988
K22112	31.847612841246	1994.88343622114	-995.441718110569	No	0.002
K14166	15.0553447033736	2548.56647736492	-1272.28323868246	No	0.675
K21140	3.73209847245882	1839.3125322816	-917.656266140799	No	0.983
K05783	37.3643617725858	2351.04114895561	-1173.52057447781	No	0.032
K04337	28.8067696337812	1788.62982147929	-892.314910739645	No	0.305
K01751	18.0096648640638	4768.20163192073	-2382.10081596036	No	0.0
K03516	10.6531223736029	557.638425348129	-276.819212674064	No	0.994
K19611	29.6982291968467	1561.98569716744	-778.992848583719	No	0.6
K01580	16.5031310396686	3855.50701494794	-1925.75350747397	No	0.098
K16842	18.2547888007192	608.331909367188	-302.165954683594	No	0.984
K00958	5.56182389929424	2330.48400365992	-1163.24200182996	No	0.974
K05817	35.3142996466998	839.543988356203	-417.771994178102	No	0.566
K05713	34.9053935870475	2555.17871502878	-1275.58935751439	No	0.001
K05714	34.9715724300032	2297.19693741231	-1146.59846870615	No	0.003
K02554	24.5975665068653	3583.52010165722	-1789.76005082861	No	0.033
K05819	37.7109823897414	1062.33923916969	-529.169619584844	No	0.526
K19743	25.6864095012253	593.170114654793	-294.585057327397	No	0.943
K03194	32.9924333572055	2798.40384997682	-1397.20192498841	No	0.0
K03200	36.0706894358751	3206.16666692599	-1601.08333346299	No	0.0
K18916	100.697072733485	1177.786491164	-586.893245582	No	0.0
K17716	57.7695868612506	5330.57950460183	-2663.28975230092	No	0.0
K19068	64.861653709481	4413.80275054014	-2204.90137527007	No	0.0
K18297	28.7105797917962	1684.97166296563	-840.485831482814	No	0.578
K19670	30.6037297380229	1599.01541859391	-797.507709296957	No	0.005
K18552	49.9432461321026	1245.54836134699	-620.774180673494	No	0.0
K12548	61.7552543396262	1508.4923280736	-752.246164036798	No	0.0
K17989	37.4838247903577	1200.09373345417	-598.046866727084	No	0.191
K00091	8.84462770288659	4689.05364030877	-2342.52682015439	No	0.171
K00720	10.8093556652242	1552.98364497207	-774.491822486033	No	0.899
K20541	22.9045422802736	3044.89711585122	-1520.44855792561	No	0.232
K20543	27.4191157333374	1847.95921516747	-921.979607583737	No	0.763
K20542	24.185090702017	2996.74508023196	-1496.37254011598	No	0.187
K19271	16.1118045842847	4092.09903176568	-2044.04951588284	No	0.009
K18676	13.3225288392617	2118.15527595262	-1057.07763797631	No	0.924
K01568	24.2375629370893	772.534775553829	-384.267387776914	No	0.66
K00045	16.1172683983518	3241.84768877205	-1618.92384438602	No	0.416
K22757	2.86128220197548	1865.41230705028	-930.706153525138	No	0.999
K00860	12.6794474289397	3809.72591614431	-1902.86295807215	No	0.551
K01093	29.7313755208355	1058.46142755507	-527.230713777535	No	0.531
K22419	32.087702898862	3935.55268783286	-1965.77634391643	No	0.0
K11645	11.5592584873288	2791.36046380292	-1393.68023190146	No	0.43
K21613	19.9747304912387	1308.53239282162	-652.266196410808	No	0.807
K18009	36.7284170841483	2423.90016091822	-1209.95008045911	No	0.0
K21681	25.1122489128701	1309.70611593336	-652.853057966679	No	0.131
K00692	34.0928038422688	1969.24698803751	-982.623494018755	No	0.019
K00118	15.2352166199941	1738.04796327455	-867.023981637275	No	0.529
K18918	50.1654970111669	4588.89456331555	-2292.44728165777	No	0.0
K16904	35.3216097961597	893.870561022909	-444.935280511454	No	0.023
K21562	13.0676205818921	2576.83499277579	-1286.4174963879	No	0.179
K20454	25.3324828304624	1257.27738846751	-626.638694233756	No	0.0
K21417	22.4207194927076	4702.88194098016	-2349.44097049008	No	0.0
K00043	20.231576834125	1218.67624720683	-607.338123603416	No	0.686
K17950	32.9828093250032	1331.19847049135	-663.599235245676	No	0.003
K01477	13.5364343991487	2246.54939578155	-1121.27469789078	No	0.91
K19428	40.9978408895861	2241.76309694144	-1118.88154847072	No	0.0
K19954	22.6079460241302	1711.76395345879	-853.881976729393	No	0.091
K18290	13.9427842864678	3379.73578789106	-1687.86789394553	No	0.407
K03921	5.07482796043231	1545.80755714054	-770.903778570268	No	1.0
K15519	3.18908415981061	1238.49813261654	-617.249066308269	No	1.0
K01417	17.8597745069195	1739.33062243121	-867.665311215607	No	0.363
K00184	2.29026898817521	2299.47823819619	-1147.7391190981	No	0.986
K00508	6.68405040026257	1561.21182939749	-778.605914698744	No	0.985
K00294	3.46445118809371	2256.96161248841	-1126.48080624421	No	1.0
K20345	26.2951933157768	2484.24188654186	-1240.12094327093	No	0.0
K08976	0.911384999862197	631.71980149386	-313.85990074693	No	1.0
K08715	14.9546477500492	1356.41990452533	-676.209952262665	No	0.876
K17248	24.3309387781598	2216.27599722548	-1106.13799861274	No	0.0
K09164	8.34060112584624	2992.07315630062	-1494.03657815031	No	0.938
K11537	17.0868965286679	1165.76871375553	-580.884356877766	No	0.896
K00318	3.97543920521747	2077.55696688383	-1036.77848344192	No	1.0
K22252	36.4685031620532	1672.70606385587	-834.353031927935	No	0.016
K01463	1.36863339964701	820.53264747953	-408.266323739765	No	1.0
K10106	6.42794863509519	1118.49045576954	-557.24522788477	No	0.956
K21556	8.93384983624922	1039.34795147759	-517.673975738796	No	0.962
K15862	3.98986057877589	636.854057617389	-316.427028808695	No	1.0
K02805	20.7370712726025	4449.3701263665	-2222.68506318325	No	0.0
K09935	19.6806973044393	3995.16448155929	-1995.58224077964	No	0.0
K16698	25.0145186795381	3273.34860408345	-1634.67430204173	No	0.0
K17829	4.3897258317302	676.450491109264	-336.225245554632	No	0.998
K11779	4.66067466422857	1757.41835613465	-876.709178067325	No	0.997
K05818	32.7304741839018	1920.41570724806	-958.207853624031	No	0.0
K05556	31.104200169039	773.87030945157	-384.935154725785	No	0.334
K03335	17.3789549546737	6838.83465263085	-3417.41732631543	No	0.0
K02446	3.00937736507008	2112.67064332903	-1054.33532166452	No	1.0
K06605	29.884878461196	2696.30762162016	-1346.15381081008	No	0.0
K00010	16.9739196938605	6261.83654083448	-3128.91827041724	No	0.0
K03336	17.9783523900399	5700.91032883136	-2848.45516441568	No	0.0
K03337	17.3536561241977	5908.21217678359	-2952.10608839179	No	0.0
K03338	18.1474817062181	5628.26918099092	-2812.13459049546	No	0.003
K06609	21.6755593789892	2625.61272131277	-1310.80636065638	No	0.065
K22894	7.88053019146601	1383.24413399828	-689.622066999138	No	0.992
K09957	15.2480373765562	3061.12160604289	-1528.56080302144	No	0.612
K22303	25.5868308435771	3031.37693619893	-1513.68846809946	No	0.105
K00148	20.7106031163796	4458.06697054157	-2227.03348527078	No	0.003
K22349	40.5778514100843	1241.52512701672	-618.762563508362	No	0.0
K20470	8.23785884966393	642.490911604896	-319.245455802448	No	0.997
K11021	59.299064997059	1771.5687048623	-883.78435243115	No	0.0
K14954	7.9619950701886	636.44174647022	-316.22087323511	No	1.0
K03333	7.02187954837215	3196.51269050497	-1596.25634525249	No	0.844
K11163	15.2680046576399	3089.83845396411	-1542.91922698206	No	0.521
K05841	26.0032059739025	3077.00457635046	-1536.50228817523	No	0.0
K21159	20.9080793843126	3630.16393968632	-1813.08196984316	No	0.037
K07008	5.29183496343295	691.244828608886	-343.622414304443	No	0.999
K18912	5.31911457154427	1052.28539351434	-524.14269675717	No	0.997
K21744	17.2996838449968	2041.49057602874	-1018.74528801437	No	0.56
K00467	12.9562713984612	2220.13133064367	-1108.06566532183	No	0.895
K13671	6.49812144304865	896.549049165378	-446.274524582689	No	0.998
K13540	7.55834750557656	931.471850620901	-463.735925310451	No	0.997
K00518	4.42169003533846	1289.21484953741	-642.607424768703	No	0.97
K20497	13.7244278705333	964.736451525797	-480.368225762899	No	0.969
K16870	4.25414734397328	694.732464127932	-345.366232063966	No	0.999
K16649	2.88090367291864	1129.96905648897	-562.984528244485	No	0.996
K22902	9.91326089961127	1328.2829066297	-662.141453314852	No	0.951
K01446	8.30288329432698	1734.41427118278	-865.20713559139	No	0.969
K05555	18.429722683477	1526.96820810197	-761.484104050985	No	0.52
K21687	6.80503764616681	1045.7246902854	-520.862345142701	No	1.0
K13542	3.49534855559975	2334.92537056929	-1165.46268528465	No	0.999
K16645	3.13570017150044	480.414305225737	-238.207152612868	No	1.0
K16329	9.69638622795082	3965.91035727832	-1980.95517863916	No	0.641
K17752	15.4257329979786	3782.16841704691	-1889.08420852345	No	0.195
K18382	26.9727117785426	1927.90482387609	-961.952411938046	No	0.0
K00309	16.6915840575635	1280.54058780932	-638.27029390466	No	0.581
K00153	4.05041579662701	892.218336530088	-444.109168265044	No	1.0
K00479	17.5766398387277	3147.7322845703	-1571.86614228515	No	0.444
K02385	6.09508291305692	2510.49989918045	-1253.24994959022	No	0.92
K19701	19.4001234836394	2225.19983426743	-1110.59991713371	No	0.562
K00980	16.3606406103472	5663.27290723959	-2829.6364536198	No	0.0
K08253	19.5953365504946	1436.74585787521	-716.372928937604	No	0.16
K13658	27.6055121644321	953.285005064488	-474.642502532244	No	0.031
K21148	2.10403100810132	434.458274766651	-215.229137383326	No	1.0
K15781	5.97748369058606	583.832508452605	-289.916254226303	No	1.0
K18472	7.87656456251127	707.377488331097	-351.688744165549	No	0.999
K08259	13.5400257091519	1061.2024239859	-528.601211992952	No	0.7
K07155	42.3647769795931	1082.87162006392	-539.435810031962	No	0.0
K09809	12.8586515581209	3057.15256378453	-1526.57628189227	No	0.576
K16840	13.2875687053933	2269.51965655995	-1132.75982827998	No	0.862
K00663	23.226276080175	3629.23605487226	-1812.61802743613	No	0.0
K02381	18.9038219200057	2763.05073340199	-1379.52536670099	No	0.003
K19794	14.4605558441869	470.814086199903	-233.407043099951	No	0.927
K21034	30.7644973632364	1009.17406024813	-502.587030124065	No	0.023
K07695	6.1105548052596	1178.19269516431	-587.096347582153	No	0.998
K22250	19.4835490558029	1267.43162676878	-631.715813384388	No	0.774
K18351	15.5480800086284	1533.49013292944	-764.745066464719	No	0.925
K18352	22.8678831314044	1571.58827977127	-783.794139885636	No	0.165
K00271	4.19169226278085	552.316292174778	-274.158146087389	No	0.998
K00119	15.6978046842752	899.157523902411	-447.578761951205	No	0.943
K09166	15.6310619772382	3793.54287109924	-1894.77143554962	No	0.035
K14189	32.0498158036092	5409.31657528192	-2702.65828764096	No	0.0
K06219	4.78809101985252	1392.80293252982	-694.401466264911	No	1.0
K21481	7.85774214924045	2072.55814369581	-1034.2790718479	No	0.992
K16146	7.83660149942064	925.342764970056	-460.671382485028	No	0.999
K21961	16.8905060814518	1641.78961251748	-818.894806258741	No	0.774
K11173	14.1940955866757	1038.05948383256	-517.02974191628	No	0.731
K12955	20.6570991829135	917.102955015538	-456.551477507769	No	0.884
K03649	12.747252126639	3102.23889016294	-1549.11944508147	No	0.801
K06377	9.49859717902821	2146.63765728575	-1071.31882864288	No	0.986
K10215	14.1794991471142	1034.20984057102	-515.10492028551	No	0.954
K03090	2.13767820850121	1229.61114027443	-612.805570137215	No	1.0
K10046	21.2753672475773	1297.55583963643	-646.777919818213	No	0.0
K01232	19.1126754908192	2253.81038901795	-1124.90519450897	No	0.185
K03481	20.1156111268127	2010.17627585866	-1003.08813792933	No	0.073
K16705	6.43114907089837	991.407091208773	-493.703545604386	No	0.525
K19429	30.0935820782259	2604.79782559407	-1300.39891279703	No	0.0
K10851	20.6007610805932	1047.28087955276	-521.640439776378	No	0.737
K07683	18.2486837962458	1500.17074183168	-748.085370915842	No	0.483
K07696	15.2653749179114	1655.73124087811	-825.865620439056	No	0.382
K21467	10.8027031535326	1019.69535503341	-507.847677516705	No	0.959
K22205	6.35517795314996	2836.20906856638	-1416.10453428319	No	0.589
K02172	14.2921674382235	3253.21191763685	-1624.60595881842	No	0.008
K03931	33.7492337269704	2660.7665052578	-1328.3832526289	No	0.0
K03339	24.5811635701456	541.305373592726	-268.652686796363	No	0.77
K18909	30.9633686550802	1353.03654896784	-674.518274483922	No	0.007
K07692	3.9270746130802	578.02558016226	-287.01279008113	No	1.0
K06019	4.74163093075359	1261.56103073219	-628.780515366097	No	0.998
K03483	12.9405521439316	2062.69693516412	-1029.34846758206	No	0.702
K19088	19.0354439647276	1934.89580432631	-965.447902163153	No	0.0
K19224	20.6689813698096	720.840071514081	-358.420035757041	No	0.772
K00073	25.8482995810074	2095.10712858022	-1045.55356429011	No	0.0
K13730	18.4832489082984	1596.49356598281	-796.246782991406	No	0.0
K08368	32.5698962687785	3228.79225805441	-1612.3961290272	No	0.0
K05937	18.7166868086202	2421.31371922568	-1208.65685961284	No	0.04
K00435	1.38230046222003	519.560049606558	-257.780024803279	No	1.0
K19286	23.2589743837669	1136.20750198363	-566.103750991814	No	0.338
K00009	12.9319162290156	2892.02196041364	-1444.01098020682	No	0.794
K13678	3.71731166693509	642.104593734162	-319.052296867081	No	0.993
K07723	1.88823815468959	905.893145702482	-450.946572851241	No	1.0
K05518	6.42693566103974	1204.03777036051	-600.018885180256	No	0.956
K02334	22.0468416823598	3151.5201265754	-1573.7600632877	No	0.0
K16937	13.3882692413757	4308.89917927615	-2152.44958963807	No	0.052
K08724	2.98796535675982	530.709442046351	-263.354721023176	No	1.0
K07651	2.42379395647116	628.986617370012	-312.493308685006	No	1.0
K06211	10.1526992405566	1995.42793510154	-995.713967550769	No	0.876
K20885	15.5846832416035	3276.74373760448	-1636.37186880224	No	0.0
K18940	18.1574569977027	853.68184010604	-424.84092005302	No	0.944
K00929	5.99929278922912	2225.83476161617	-1110.91738080808	No	0.938
K02247	7.23915871573332	411.90254038535	-203.951270192675	No	0.999
K02249	6.44806144435475	341.205254195478	-168.602627097739	No	0.999
K21465	2.91158608463719	244.413010892987	-120.206505446494	No	1.0
K08717	39.4081398270181	2445.49663506099	-1220.74831753049	No	0.019
K21252	32.1989644837466	968.547425996168	-482.273712998084	No	0.025
K13853	2.38560914636445	559.955460371949	-277.977730185975	No	1.0
K00752	23.3449577394619	1963.74112850511	-979.870564252553	No	0.013
K10780	6.73795203704251	1216.12492823826	-606.062464119129	No	0.909
K09681	9.45292785850545	1428.62108854805	-712.310544274026	No	0.98
K22213	38.3729444150545	2676.28748038599	-1336.143740193	No	0.0
K07094	2.25881476906403	723.611760956845	-359.805880478422	No	1.0
K21285	12.7511113403285	751.770795166698	-373.885397583349	No	0.984
K18704	29.9843031002481	938.644781964448	-467.322390982224	No	0.056
K05823	5.11679286479138	1137.34409936231	-566.672049681156	No	0.997
K05822	5.34007833675427	1059.3235818761	-527.661790938051	No	0.996
K17880	33.5109839100132	1159.89127943992	-577.945639719958	No	0.1
K18231	12.8905052287523	2521.24945322154	-1258.62472661077	No	0.21
K13531	15.3987498732381	968.616932259619	-482.30846612981	No	0.893
K13530	17.6366934899221	1391.94891085764	-693.97445542882	No	0.713
K06606	29.4021595102095	2162.06037222636	-1079.03018611318	No	0.05
K06608	25.0581580151953	1142.24755616508	-569.123778082539	No	0.096
K02250	1.76356017477799	522.44916334074	-259.22458167037	No	1.0
K11535	16.3458355854624	935.556402203314	-465.778201101657	No	0.989
K05346	17.2444378449993	3146.81409189712	-1571.40704594856	No	0.022
K16960	23.7153136851715	1112.84356769344	-554.42178384672	No	0.35
K16959	22.086798125187	1511.97710333519	-753.988551667596	No	0.275
K16958	23.1522141880566	1118.00238768312	-557.001193841558	No	0.553
K16957	24.2848226831244	2108.1910537441	-1052.09552687205	No	0.036
K00680	33.2644770969225	721.811989936558	-358.905994968279	No	0.712
K11203	25.2063975341202	1210.86079128286	-603.430395641428	No	0.259
K09707	13.2235810343453	2516.818623032	-1256.409311516	No	0.276
K06284	1.55507115575402	571.901132880037	-283.950566440019	No	1.0
K10975	37.4144363370523	846.03637149362	-421.01818574681	No	0.054
K00839	22.2702884878944	2398.68536594341	-1197.34268297171	No	0.347
K02538	26.764007022984	1417.77837137084	-706.88918568542	No	0.025
K04844	30.1617456774022	1174.64014939832	-585.320074699158	No	0.101
K22597	17.654316101834	1553.50385448954	-774.751927244768	No	0.014
K00491	13.3217348490052	1499.11421774989	-747.557108874945	No	0.94
K01629	17.8993567272859	2840.60167823222	-1418.30083911611	No	0.074
K01813	17.5004226006641	3137.23762681971	-1566.61881340986	No	0.024
K14392	7.72230299831433	1618.81974637257	-807.409873186287	No	0.983
K12111	31.5622863766889	1706.68096376923	-851.340481884616	No	0.0
K05739	7.75765382629506	845.664669571872	-420.832334785936	No	0.972
K06416	1.38677366166376	632.224055265357	-314.112027632678	No	1.0
K10824	27.8894890031887	1887.67836782805	-941.839183914023	No	0.005
K15587	31.7319640091911	1249.93065985175	-622.965329925874	No	0.015
K22405	9.25038019326326	1038.1066769622	-517.053338481099	No	0.783
K08302	17.4921746263889	1685.83709986597	-840.918549932986	No	0.388
K01849	5.29295158355928	2494.6765766652	-1245.3382883326	No	0.936
K01848	5.5310670253608	2337.92407054924	-1166.96203527462	No	0.92
K13566	12.3537839129382	1751.20757787735	-873.603788938674	No	0.54
K09124	42.481229843691	3036.87830532697	-1516.43915266348	No	0.0
K01387	25.8549460900226	1651.33643493472	-823.668217467361	No	0.294
K03826	18.9024049675554	3740.44494519049	-1868.22247259524	No	0.001
K22395	26.4747092700745	1885.80542326561	-940.902711632807	No	0.017
K07406	17.2476317930482	3619.18272172921	-1807.5913608646	No	0.005
K06993	4.47166122189356	1179.85216834282	-587.926084171408	No	0.929
K12942	13.0598493470709	4784.04182770866	-2390.02091385433	No	0.053
K03326	13.0971379138405	2130.08910798196	-1063.04455399098	No	0.727
K07057	7.70483625167541	3088.01216915504	-1542.00608457752	No	0.688
K07069	18.2628908367926	1924.83688647822	-960.41844323911	No	0.091
K13275	18.9985320058434	826.485394564546	-411.242697282273	No	0.799
K00603	6.44978406430419	1179.96513961039	-587.982569805193	No	0.9
K18640	16.7338779416797	5104.20585376372	-2550.10292688186	No	0.0
K16651	13.3566745041372	2359.54512124186	-1177.77256062093	No	0.249
K03399	7.99127867479804	1485.24605411747	-740.623027058734	No	0.84
K02191	8.69624801304658	1520.04172920036	-758.020864600178	No	0.812
K02190	5.57294986458796	2020.47505263988	-1008.23752631994	No	0.91
K22373	11.4064184188856	2342.57230253204	-1169.28615126602	No	0.018
K01906	17.7746044588384	982.444605716426	-489.222302858213	No	0.54
K14080	14.9269617742438	755.329901582426	-375.664950791213	No	0.223
K19814	7.97724115065012	420.60588317057	-208.302941585285	No	0.956
K06408	5.31154451288692	869.770868125604	-432.885434062802	No	0.999
K09706	16.7742504955671	1872.53091188339	-934.265455941695	No	0.187
K09770	2.52286303091547	827.808533050325	-411.904266525162	No	1.0
K18431	21.0402656889645	1753.89845429837	-874.949227149183	No	0.0
K18349	13.3361141422287	1716.19376316946	-856.096881584728	No	0.51
K15024	8.23789190581642	2525.21333458676	-1260.60666729338	No	0.674
K13012	20.0740286647317	3068.61604990343	-1532.30802495171	No	0.0
K00863	24.7686135791922	2752.11322929493	-1374.05661464747	No	0.075
K21028	15.6673048778916	1475.14816946703	-735.574084733515	No	0.492
K02445	15.7170247750909	2393.60862512252	-1194.80431256126	No	0.799
K06964	9.56257603228261	578.176125883572	-287.088062941786	No	0.824
K09711	9.94736997961433	681.552945329487	-338.776472664744	No	0.784
K07321	7.19319564195699	1707.47558291861	-851.737791459307	No	0.91
K05967	7.25437694048405	1055.93887611129	-525.969438055643	No	0.983
K00634	8.91619773983348	1781.28528689879	-888.642643449397	No	0.843
K00260	5.55119079963588	954.014998608084	-475.007499304042	No	0.998
K21900	9.7514735501351	2168.44319771668	-1082.22159885834	No	0.806
K15518	5.29875103159122	641.437447928444	-318.718723964222	No	0.999
K23121	11.7236171861963	1113.06300792315	-554.531503961575	No	0.303
K06436	2.53937575794146	468.670182284649	-232.335091142325	No	1.0
K16328	11.9889776584286	3146.39347663427	-1571.19673831713	No	0.343
K02499	3.1041563070263	1848.64241409776	-922.321207048881	No	0.998
K01668	13.348755505028	1203.78200268307	-599.891001341535	No	0.005
K12524	3.22134709392812	1224.72338926833	-610.361694634165	No	1.0
K18120	14.8294320889036	887.306411998874	-441.653205999437	No	0.273
K14534	12.1612945621204	1566.03067016154	-781.01533508077	No	0.006
K13683	12.2210213050632	1845.85176887442	-920.925884437209	No	0.494
K03385	10.3564919966647	2465.71493513754	-1230.85746756877	No	0.632
K15876	11.8121103006589	1870.25677103828	-933.12838551914	No	0.338
K01318	32.7386080436043	1447.9375347882	-721.968767394099	No	0.009
K17609	7.65217885825711	2117.09517378464	-1056.54758689232	No	0.782
K01035	16.0390319230755	2612.99798622456	-1304.49899311228	No	0.011
K01034	14.4023276731401	2802.3702500769	-1399.18512503845	No	0.057
K07319	38.7832143830846	2509.23248514089	-1252.61624257045	No	0.0
K00248	6.77053237057329	1744.5331737917	-870.266586895849	No	0.953
K22298	6.89499223086912	1078.65517085786	-537.32758542893	No	0.998
K12349	13.0815410032962	1701.37562808693	-848.687814043467	No	0.56
K00613	30.9320939594149	2038.37944112106	-1017.18972056053	No	0.0
K19165	23.2042773136981	1890.47367817396	-943.23683908698	No	0.0
K22745	24.5395643402968	1129.33128154773	-562.665640773867	No	0.192
K00113	11.1200925493113	2078.7142663667	-1037.35713318335	No	0.764
K00112	10.4844252309553	1309.07915879404	-652.539579397021	No	0.943
K16261	23.7215472012329	791.226254984551	-393.613127492276	No	0.601
K10532	8.62518467283947	2325.56356919194	-1160.78178459597	No	0.913
K05964	20.4738054338023	1734.99008565995	-865.495042829976	No	0.328
K16323	9.75118861375929	707.049883553753	-351.524941776877	No	0.992
K08153	10.2528362603201	996.59053987744	-496.29526993872	No	0.983
K03817	11.0358712096847	3546.21473123216	-1771.10736561608	No	0.634
K00008	23.1201957252197	2278.88807798513	-1137.44403899257	No	0.0
K12700	11.9045052595352	1362.69742743425	-679.348713717127	No	0.896
K11102	9.93672319581817	2003.24016914982	-999.620084574909	No	0.977
K13580	18.8287967548275	427.725689353259	-211.862844676629	No	0.998
K13609	27.5454197052584	1969.10667989664	-982.553339948321	No	0.353
K17228	25.5898517464818	3819.32687872771	-1907.66343936385	No	0.001
K18337	30.4052310506582	871.401979329955	-433.700989664977	No	0.348
K07046	16.035405643268	5548.23856744525	-2772.11928372262	No	0.0
K12661	34.9199588033279	1769.83683600918	-882.918418004588	No	0.001
K00998	2.33621082582634	393.240881458033	-194.620440729016	No	1.0
K12242	20.7117696472316	1239.76718105102	-617.88359052551	No	0.591
K12240	62.7163511429643	1614.70730882952	-805.353654414758	No	0.0
K13874	33.8632708606982	1909.43448458615	-952.717242293073	No	0.024
K12536	31.7419094866325	897.462311811084	-446.731155905542	No	0.81
K12252	17.1823580690511	1181.86126338708	-588.930631693542	No	0.851
K00394	13.5706053182291	3202.50559563261	-1599.2527978163	No	0.086
K10012	11.2924327838013	2178.81760393098	-1087.40880196549	No	0.836
K12962	22.7273657824147	2731.02394987575	-1363.51197493787	No	0.101
K12658	17.1842221500943	3679.81570935835	-1837.90785467918	No	0.229
K21060	32.6266242612823	930.531945018415	-463.265972509207	No	0.345
K11249	30.2960555054724	3588.27802427132	-1792.13901213566	No	0.0
K07116	20.7720531258342	2809.13482773091	-1402.56741386546	No	0.131
K08191	14.2779569227956	2750.24126154169	-1373.12063077085	No	0.892
K14055	5.12255117008015	1119.24011169432	-557.620055847162	No	0.997
K21021	27.315967015469	1700.89031962241	-848.445159811203	No	0.728
K11734	11.0618747809542	670.45770604503	-333.228853022515	No	0.998
K03923	19.9079898643477	3579.690300721	-1787.8451503605	No	0.244
K11354	19.493475757206	1682.27267561086	-839.136337805428	No	0.382
K04691	12.3733426848809	950.261397420115	-473.130698710057	No	0.997
K03535	22.9553133433573	1467.38210652247	-731.691053261233	No	0.859
K07286	2.34200709568636	653.659166853339	-324.829583426669	No	1.0
K00066	33.4277842816939	2237.98122365329	-1116.99061182665	No	0.002
K21711	11.8530948579172	341.377428323938	-168.688714161969	No	1.0
K05787	3.52489919601286	553.509486101564	-274.754743050782	No	1.0
K03721	5.79995699773859	1731.41569270111	-863.707846350555	No	0.999
K18968	28.232921148855	914.480519180303	-455.240259590152	No	0.923
K13378	9.62587312793593	1557.74370224597	-776.871851122983	No	0.994
K02742	4.32290925273589	665.094064942652	-330.547032471326	No	0.999
K03668	9.55442637512559	1719.00947641785	-857.504738208925	No	0.958
K10531	22.8162179286664	2671.21390926262	-1333.60695463131	No	0.223
K03331	29.2100262785351	1468.31606623289	-732.158033116444	No	0.141
K23271	29.9925005794323	2048.95671380631	-1022.47835690316	No	0.007
K02508	32.7955915490967	924.411785156276	-460.205892578138	No	0.795
K13299	25.9626150400495	1117.30671969801	-556.653359849005	No	0.324
K11917	35.4979071561249	710.076983494686	-353.038491747343	No	0.843
K07782	24.4235134818958	831.601274778149	-413.800637389074	No	0.984
K18457	36.0776754737231	1536.59866115304	-766.299330576521	No	0.035
K18954	24.9785180105607	2189.20047226384	-1092.60023613192	No	0.398
K03288	25.6291635198945	1321.39944009479	-658.699720047397	No	0.94
K08985	1.40512305017062	185.910759437091	-90.9553797185454	No	1.0
K01766	4.6322720487694	378.545287414754	-187.272643707377	No	1.0
K05517	13.0186248383984	836.388623147479	-416.194311573739	No	0.996
K21620	18.4931150992972	941.524261241444	-468.762130620722	No	0.763
K06160	28.6674127651237	2303.97841209109	-1149.98920604554	No	0.058
K17213	28.6988923556645	1880.74342843929	-938.371714219646	No	0.353
K13541	10.1951191692642	1320.56551864317	-658.282759321587	No	0.948
K16291	14.3519292735553	911.226083804268	-453.613041902134	No	0.977
K07690	34.1989591585061	835.226682252978	-415.613341126489	No	0.958
K02048	17.5496218754153	1277.05108642259	-636.525543211297	No	0.965
K14257	41.7198714001713	1057.29738221529	-526.648691107644	No	0.0
K13875	19.7851269029297	2189.80397864645	-1092.90198932323	No	0.531
K19744	45.1232140829476	612.016896564365	-304.008448282183	No	0.743
K21829	32.997439394516	1213.03401947619	-604.517009738097	No	0.526
K21826	10.9940439732612	1579.85854237768	-787.929271188842	No	0.97
K22551	19.4639830054274	1686.98044623877	-841.490223119384	No	0.431
K11894	32.2426822027248	2507.87722353981	-1251.93861176991	No	0.013
K12253	29.4708472001642	447.694149076581	-221.847074538291	No	0.864
K23243	21.5474145049436	938.172902661483	-467.086451330742	No	0.98
K02336	5.67310972108481	977.921377306692	-486.960688653346	No	0.999
K23184	51.4236019667126	1015.28651558014	-505.643257790071	No	0.186
K05597	21.7961238230085	515.83877122351	-255.919385611755	No	0.97
K08324	13.9973547696893	677.406806000314	-336.703403000157	No	0.991
K01706	22.5261665253376	3914.32076694079	-1955.1603834704	No	0.032
K09898	1.54320608943597	667.078242399203	-331.539121199601	No	1.0
K05375	10.834333395428	3716.68968772365	-1856.34484386182	No	0.772
K01071	18.2521063688394	4037.56219268294	-2016.78109634147	No	0.016
K12255	28.1170512134783	1438.81809679588	-717.40904839794	No	0.766
K12994	17.6135547452849	3606.16329495095	-1801.08164747548	No	0.0
K12993	39.1630192074604	2847.7573079406	-1421.8786539703	No	0.0
K18827	75.6670962536391	2079.45285960502	-1037.72642980251	No	0.0
K09923	5.05669841738097	1073.13355362617	-534.566776813084	No	1.0
K22486	37.0913505164494	998.792034784074	-497.396017392037	No	0.296
K07790	37.1759797489871	590.284789268726	-293.142394634363	No	0.75
K00840	17.2326313372657	753.870627169377	-374.935313584689	No	0.997
K21825	9.50074768147129	450.247664304718	-223.123832152359	No	1.0
K14744	40.8404610029282	1465.87040799013	-730.935203995063	No	0.38
K02442	24.8020846312441	901.323286416698	-448.661643208349	No	0.958
K02482	12.7429813864507	4164.6803589883	-2080.34017949415	No	0.149
K14052	22.1165910730296	2957.68519901933	-1476.84259950967	No	0.558
K18540	46.6600023794262	611.557674169312	-303.778837084656	No	0.704
K21966	44.5584302252819	966.918114708317	-481.459057354158	No	0.425
K00117	23.9290968597294	2272.20650686106	-1134.10325343053	No	0.757
K11913	29.9421800826671	944.140969362397	-470.070484681198	No	0.152
K11912	17.0104101007329	539.480987907487	-267.740493953743	No	0.921
K13935	31.3518381799845	1695.62260397336	-845.811301986679	No	0.496
K21990	20.1372374539714	2606.28934733253	-1301.14467366626	No	0.35
K00471	26.08501822215	1305.87969321363	-650.939846606814	No	0.42
K17735	15.4365973180318	2364.97892473945	-1180.48946236972	No	0.705
K21832	18.0795956733822	2022.44122791791	-1009.22061395896	No	0.776
K01506	22.7296763447508	2149.93870588096	-1072.96935294048	No	0.567
K00468	15.5073873576126	1144.03605572534	-570.01802786267	No	0.947
K02439	2.27987417730837	686.171671753569	-341.085835876785	No	1.0
K02848	13.4619014078155	688.23037015899	-342.115185079495	No	0.987
K04093	6.06010475536437	2013.13732782148	-1004.56866391074	No	0.995
K19803	15.3512427967225	758.927230820258	-377.463615410129	No	0.99
K14083	4.96540616183269	1397.49718702838	-696.74859351419	No	0.899
K19073	28.079689301484	708.117497186965	-352.058748593483	No	0.401
K15783	13.7480990937869	1685.9976721415	-840.998836070749	No	0.854
K15785	15.3649150765062	1741.78578075995	-868.892890379975	No	0.739
K14660	2.80339103539467	652.842914493065	-324.421457246532	No	0.997
K06118	12.425246058563	2226.5804070956	-1111.2902035478	No	0.506
K22133	22.1284491086767	1065.84091155127	-530.920455775634	No	0.34
K21555	16.2858965939888	827.524867894266	-411.762433947133	No	0.178
K10235	9.87686002724719	637.946768223813	-316.973384111907	No	0.988
K04027	13.3838506710712	3710.51770450476	-1853.25885225238	No	0.0
K04024	14.704553566157	2150.0999908105	-1073.04999540525	No	0.015
K04028	12.1082898460304	3544.53918697785	-1770.26959348893	No	0.008
K13922	16.6273368687537	1832.14010175603	-914.070050878014	No	0.019
K13641	14.4968419689758	3012.31392129593	-1504.15696064797	No	0.804
K01178	15.2914793159952	2423.09240861403	-1209.54620430702	No	0.141
K15856	18.3661687492625	2556.49419710695	-1276.24709855348	No	0.001
K07812	23.3286354701332	1255.53239162269	-625.766195811345	No	0.536
K08720	6.28747421194417	428.557865932191	-212.278932966096	No	0.999
K04775	5.59616424946024	762.451366798804	-379.225683399402	No	1.0
K18702	23.4917899403854	3712.25830554514	-1854.12915277257	No	0.0
K00315	7.92686964763043	1140.68438988849	-568.342194944243	No	0.973
K20249	10.676867598146	389.808636314503	-192.904318157252	No	0.983
K14451	1.75847300203529	114.163653348361	-55.0818266741803	No	1.0
K01535	24.4034372152912	1832.09494813262	-914.047474066309	No	0.0
K15782	19.4466698138354	2148.84493386191	-1072.42246693096	No	0.61
K11924	17.642739387631	1587.76640728106	-791.883203640529	No	0.838
K08688	20.3005176152364	1899.55293285453	-947.776466427263	No	0.212
K22014	150.539514077789	1489.49161515156	-742.74580757578	No	0.0
K09988	17.4136829913736	2876.47761359978	-1436.23880679989	No	0.012
K15868	24.4618096167881	1292.08101198948	-644.040505994739	No	0.281
K22300	30.3531979352306	3840.89439417567	-1918.44719708783	No	0.0
K09161	8.22955171149119	1662.50983433157	-829.254917165786	No	0.916
K16260	19.2400883683827	1148.26866451084	-572.13433225542	No	0.599
K07724	27.1117827007069	2314.27953361962	-1155.13976680981	No	0.269
K08982	18.0398877474326	6245.36000230143	-3120.68000115072	No	0.0
K07014	2.61439155416875	1602.43139112685	-799.215695563424	No	0.991
K01138	15.8097716440568	2032.27159762031	-1014.13579881015	No	0.171
K01136	14.8547797622039	1530.35895342644	-763.179476713219	No	0.041
K18234	27.0029247018795	4838.25839175822	-2417.12919587911	No	0.0
K00469	16.0478883789253	773.997373781135	-384.998686890567	No	0.714
K12454	16.0214138802058	2541.39959148989	-1268.69979574495	No	0.001
K15736	13.9588595723996	4010.65161391949	-2003.32580695975	No	0.192
K08097	5.92315703763702	1798.64745173137	-897.323725865686	No	0.91
K01216	14.0315476781843	4259.05296637544	-2127.52648318772	No	0.05
K07051	14.5555324576782	2468.157051146	-1232.078525573	No	0.294
K18910	20.8361360009968	3757.59078677658	-1876.79539338829	No	0.0
K17257	15.265010619565	1224.12384449005	-610.061922245024	No	0.073
K20525	28.4672838053101	1852.06059165891	-924.030295829454	No	0.001
K15855	24.2958570197591	1439.98664374409	-717.993321872044	No	0.155
K01529	4.30788392833495	1099.37515559009	-547.687577795044	No	0.999
K14459	37.5270576705327	815.848926797311	-405.924463398655	No	0.06
K03332	21.6696733834721	4014.27408969985	-2005.13704484992	No	0.0
K14379	16.1368362184092	2361.35651040057	-1178.67825520029	No	0.1
K11165	19.7185264701961	968.396927106499	-482.198463553249	No	0.457
K10808	8.57544808746847	795.914817744005	-395.957408872002	No	0.987
K10807	8.78431527531402	717.267782653517	-356.633891326759	No	0.961
K00367	15.4153861034854	1006.66080344853	-501.330401724264	No	0.734
K13043	4.12181927103655	678.521983665591	-337.260991832795	No	0.999
K20968	25.9074847521959	1680.6847594622	-838.342379731102	No	0.016
K05776	7.82121650732579	1836.19231042581	-916.096155212904	No	0.986
K01444	8.73886119544305	1454.36618167213	-725.183090836064	No	0.945
K23424	11.0556333715677	1464.99956416776	-730.499782083881	No	0.022
K18333	16.0303246762306	2018.28463614905	-1007.14231807452	No	0.464
K14259	17.3137535435968	1817.99459432318	-906.997297161591	No	0.133
K11418	11.5587368671035	2079.82644357321	-1037.91322178661	No	0.204
K11748	12.5222378430812	1768.07453575303	-882.037267876516	No	0.926
K13002	24.6708944713397	1971.21673417027	-983.608367085136	No	0.0
K16213	15.1177353183882	2350.62400787463	-1173.31200393732	No	0.042
K06330	14.8608863113263	2501.84947195817	-1248.92473597909	No	0.029
K01224	23.1087215849755	4232.45773913759	-2114.2288695688	No	0.0
K21575	8.82432446206914	1410.58255226594	-703.291276132969	No	0.952
K21898	7.74249374982661	3068.35978720665	-1532.17989360333	No	0.036
K09785	6.97405550108061	531.178589658261	-263.589294829131	No	0.986
K16149	4.4923783302235	1241.46299693894	-618.731498469469	No	0.992
K09934	18.508595741691	682.109119809347	-339.054559904673	No	0.768
K17742	29.7910500332001	2094.20446542228	-1045.10223271114	No	0.0
K21619	7.50833735717151	1187.29960969876	-591.64980484938	No	0.257
K21009	32.1239268025471	2055.24241015649	-1025.62120507825	No	0.0
K09133	10.7915126175206	806.845910213965	-401.422955106982	No	0.45
K06928	12.486138705783	1380.60849844512	-688.304249222559	No	0.003
K21947	3.70969411884067	476.730273387964	-236.365136693982	No	0.992
K09129	9.41874086002901	1449.76494647288	-722.882473236441	No	0.595
K09766	3.38901823253198	1137.74469563062	-566.872347815311	No	0.988
K00702	10.9087470422571	1387.05596590252	-691.527982951259	No	0.351
K05942	6.26292500312194	757.580589430882	-376.790294715441	No	0.892
K09138	11.7289862490923	1850.01338448942	-923.006692244711	No	0.054
K09143	11.6624906643018	890.695757786128	-443.347878893064	No	0.134
K03738	7.09759286106146	2463.11404790932	-1229.55702395466	No	0.456
K15669	17.4302911828586	1581.86471703591	-788.932358517955	No	0.0
K11783	3.32009786038798	866.144924646832	-431.072462323416	No	0.997
K05577	9.50518415824127	1593.35322975219	-794.676614876096	No	0.604
K00395	6.81026696242998	1145.35189058906	-570.675945294529	No	0.883
K23270	2.55813347318114	520.881415567928	-258.440707783964	No	0.994
K08352	6.81571342624053	1556.79898594292	-776.399492971461	No	0.578
K10094	31.5914236955988	1205.94020780319	-600.970103901597	No	0.048
K07086	19.3370580836236	3470.33424912329	-1733.16712456165	No	0.0
K09836	11.345070302177	793.789004198882	-394.894502099441	No	0.873
K05925	37.4073391876331	3781.4533649315	-1888.72668246575	No	0.0
K21817	28.5753323362473	1723.35392907535	-859.676964537673	No	0.0
K00227	13.5602962402691	1389.94089603244	-692.970448016219	No	0.621
K00476	22.8210627534182	1668.29784020908	-832.148920104541	No	0.002
K11352	21.6477109740879	630.358325122427	-313.179162561214	No	0.097
K18586	9.61627059337326	699.730408831997	-347.865204415998	No	0.879
K18554	26.6417778754371	2486.30572834533	-1241.15286417267	No	0.0
K22027	33.7453944951096	3301.28740945615	-1648.64370472808	No	0.0
K02133	18.0118859526204	806.110634789326	-401.055317394663	No	0.815
K03939	12.1159007623157	795.068468617544	-395.534234308772	No	0.928
K16862	11.0574071246024	1673.81493393111	-834.907466965555	No	0.083
K09942	5.33190659832212	578.667256265257	-287.333628132628	No	0.962
K06714	5.97049097453379	1480.47323652649	-738.236618263245	No	0.955
K02081	16.7604815805966	4267.11492011646	-2131.55746005823	No	0.023
K22908	7.99696699889946	1145.6193031719	-570.809651585951	No	0.001
K22451	6.40176050410999	508.132767272244	-252.066383636122	No	0.879
K20742	14.3214950214221	2008.00079102104	-1002.00039551052	No	0.722
K22106	25.0383332014666	1263.47368775721	-629.736843878605	No	0.095
K11051	16.518686171145	1820.2015770368	-908.1007885184	No	0.021
K06209	2.26849191643028	919.039193327814	-457.519596663907	No	1.0
K00038	20.2922016211924	4466.6057244432	-2231.3028622216	No	0.001
K08969	7.96734203496346	889.773872735289	-442.886936367644	No	0.994
K08996	18.82540454179	2557.76138717168	-1276.88069358584	No	0.18
K13921	18.7513914277407	1305.94113478883	-650.970567394415	No	0.178
K14665	14.7099864072109	1299.14022302637	-647.570111513184	No	0.808
K01250	20.9059286865981	980.261668639109	-488.130834319554	No	0.83
K07498	35.5349173643432	3473.22069273621	-1734.61034636811	No	0.0
K21885	16.0803525046538	2430.51053659073	-1213.25526829537	No	0.245
K17883	4.71281320098909	809.37021884264	-402.68510942132	No	1.0
K13950	15.4705109573384	1917.06138946942	-956.530694734712	No	0.579
K07228	11.8447727799255	2087.1489523871	-1041.57447619355	No	0.956
K00004	26.0450138996958	4759.82022278953	-2377.91011139476	No	0.0
K22886	16.9422131791023	1111.52065795051	-553.760328975257	No	0.905
K17624	29.1641189271015	1596.24862005354	-796.12431002677	No	0.0
K01002	14.615796043206	1837.14248319015	-916.571241595077	No	0.583
K14519	18.6070389095022	1632.4761355551	-814.23806777755	No	0.57
K15372	12.2749242837697	3156.95587763887	-1576.47793881943	No	0.277
K20616	23.4967531496736	610.547052624629	-303.273526312314	No	0.317
K03343	19.2148608453504	826.663650084532	-411.331825042266	No	0.873
K12940	17.5575436214601	2305.06059410597	-1150.53029705298	No	0.164
K03319	21.0181780743036	3260.75142859937	-1628.37571429968	No	0.064
K22960	20.8667114178651	1134.10279256273	-565.051396281367	No	0.256
K03489	23.6101560282198	1221.46575078783	-608.732875393916	No	0.388
K19546	35.070720064487	1268.58564242922	-632.292821214609	No	0.005
K22958	24.97549133572	1594.9252340629	-795.462617031452	No	0.005
K00086	20.9237821113384	907.425886590104	-451.712943295052	No	0.201
K17363	17.7975877481779	803.679229415068	-399.839614707534	No	0.182
K15524	33.1871415782106	1904.04312031358	-950.021560156789	No	0.0
K04727	29.4240498777594	771.324666062427	-383.662333031214	No	0.034
K00068	21.1885789924745	2435.6644129176	-1215.8322064588	No	0.022
K11050	16.7854626349263	1896.15091169541	-946.075455847703	No	0.006
K10709	28.2430555634448	1654.94351133748	-825.471755668739	No	0.0
K16302	14.7404150553193	1737.60467998592	-866.80233999296	No	0.166
K21298	26.7292300101567	1476.98212826066	-736.491064130331	No	0.051
K06971	19.3701041334325	2884.06805314229	-1440.03402657115	No	0.0
K20326	13.3739034830953	873.186076023416	-434.593038011708	No	0.581
K15329	49.9064197153223	1456.94848110182	-726.474240550908	No	0.0
K23349	13.7076322625283	2107.60870915821	-1051.80435457911	No	0.512
K07772	24.3769092097352	1215.65296336768	-605.826481683841	No	0.78
K15515	30.8727002008961	1746.48285114023	-871.241425570115	No	0.0
K16516	34.5994460032179	2218.20033354889	-1107.10016677444	No	0.0
K19640	27.9822874683776	1482.25012374157	-739.125061870783	No	0.017
K07511	16.4044232676997	540.678919678512	-268.339459839256	No	0.879
K15599	17.1031371240977	2441.05961608059	-1218.5298080403	No	0.351
K15598	15.8759066414464	2463.23621289583	-1229.61810644791	No	0.558
K17509	17.8706847828775	1477.18739149901	-736.593695749503	No	0.535
K05499	20.0749029468857	2149.69525308882	-1072.84762654441	No	0.872
K22299	19.2749397807455	2094.40951421854	-1045.20475710927	No	0.02
K18166	13.917614770106	1489.52103250875	-742.760516254375	No	0.729
K15509	27.7541447736295	3901.43648996841	-1948.7182449842	No	0.0
K09683	18.6555617587396	1043.63844779721	-519.819223898605	No	0.641
K07784	29.9130374928273	1158.45736560889	-577.228682804445	No	0.738
K18195	31.3957087950964	1135.1523119937	-565.57615599685	No	0.011
K10708	40.038826651221	1813.61414160033	-904.807070800163	No	0.0
K13735	13.4113317138104	1269.82197672894	-632.910988364469	No	0.874
K12059	42.460430543816	1954.01043635682	-975.005218178412	No	0.0
K05811	15.533719448369	1666.01637612524	-831.008188062618	No	0.626
K11925	14.2306574323439	1089.24055604386	-542.62027802193	No	0.988
K09824	16.9563022455412	1842.99382643859	-919.496913219296	No	0.895
K15737	35.9634801726226	1307.06737432365	-651.533687161826	No	0.108
K08315	13.9468684033011	1087.11441661556	-541.557208307781	No	0.879
K09612	29.1544373477863	1124.38736089514	-560.193680447571	No	0.853
K00879	35.3428206252453	653.687362523974	-324.843681261987	No	0.71
K02430	26.9181273901237	1339.67705779992	-667.83852889996	No	0.681
K01407	6.88048841355023	351.436113700922	-173.718056850461	No	1.0
K09900	9.58462130575119	532.823653231971	-264.411826615986	No	0.999
K08306	8.05049150923698	1074.0610558528	-535.030527926398	No	0.995
K18288	27.883989268339	770.055091984068	-383.027545992034	No	0.082
K01460	25.744778163784	548.110928437127	-272.055464218563	No	0.952
K09251	6.06346863688058	1911.43959003748	-953.719795018739	No	0.623
K03748	5.72486626884407	2916.35165699571	-1456.17582849786	No	0.98
K16371	31.9046185595636	1835.09190922255	-915.545954611275	No	0.213
K09979	3.92450403159225	1149.56290621298	-572.781453106492	No	0.985
K08485	3.07438933453123	489.715088420077	-242.857544210039	No	1.0
K00885	24.9829149581498	894.956423051525	-445.478211525762	No	0.818
K03290	29.6376483388244	1011.82928805237	-503.914644026184	No	0.551
K22104	31.0550690210628	1440.33107531057	-718.165537655283	No	0.155
K13638	6.21171314219337	502.582716033716	-249.291358016858	No	1.0
K06141	14.9312096470893	652.098024613542	-324.049012306771	No	0.994
K06156	20.9909192061882	1505.48786267888	-750.743931339442	No	0.736
K10710	30.0918496261015	2664.18602332479	-1330.09301166239	No	0.0
K01194	14.6628955825713	2542.29295722854	-1269.14647861427	No	0.727
K21602	34.2048661788574	688.945597781388	-342.472798890694	No	0.757
K02798	19.4857080322429	1830.50368802903	-913.251844014514	No	0.795
K02562	11.9862424787071	729.005134565023	-362.502567282511	No	0.993
K14762	5.87723526547841	308.789079343097	-152.394539671549	No	1.0
K02840	31.5649616402128	1055.37533584257	-525.687667921285	No	0.021
K02849	9.33803595310461	901.982809742179	-448.99140487109	No	0.982
K03445	27.60931866801	616.463386997798	-306.231693498899	No	0.972
K07783	22.6981158227549	1084.259026491	-540.1295132455	No	0.907
K07686	28.592960355615	587.951391214368	-291.975695607184	No	0.979
K08154	13.3254770430272	592.785906916686	-294.392953458343	No	0.996
K13636	32.6262838313863	1045.60324296089	-520.801621480443	No	0.732
K13629	48.4868801638636	652.57532531754	-324.28766265877	No	0.642
K07647	23.3732936520858	1060.97982433151	-528.489912165756	No	0.645
K19776	35.9559094779533	839.454836841026	-417.727418420513	No	0.54
K02521	2.79975319518525	752.856468529036	-374.428234264518	No	0.999
K16704	9.13046108751294	1498.66016962747	-747.330084813733	No	0.9
K11938	3.1134323601399	623.806534621966	-309.903267310983	No	0.999
K22110	26.3616251699348	1028.43210645042	-512.216053225208	No	0.91
K15922	32.4538643825732	1755.38930033205	-875.694650166023	No	0.0
K01671	33.4421782044212	825.386890045716	-410.693445022858	No	0.427
K08318	35.1255818497265	923.831589196337	-459.915794598168	No	0.36
K01521	13.6990789769102	1247.98849632514	-621.994248162572	No	0.971
K11216	25.8371767255443	1676.57698924362	-836.288494621812	No	0.208
K08321	21.5282753558377	1636.69217618495	-816.346088092474	No	0.152
K03591	5.2648643506588	460.306183196861	-228.15309159843	No	1.0
K07803	3.89885788684079	597.045158847558	-296.522579423779	No	0.979
K07709	4.75894658735634	896.880228109941	-446.440114054971	No	0.878
K07713	11.0525639509442	1206.44512996285	-601.222564981427	No	0.594
K05775	13.3382493334378	694.064023979143	-345.032011989572	No	0.994
K09994	20.8773728496046	758.834887536416	-377.417443768208	No	0.628
K03759	46.3922422085767	643.981996298436	-319.990998149218	No	0.768
K23237	37.5774014345774	1199.89364895343	-597.946824476713	No	0.044
K11104	23.9366912098236	1238.04116480401	-617.020582402003	No	0.046
K07792	12.357867410079	1417.2917009813	-706.64585049065	No	0.968
K07306	15.5727004748436	1852.62585755755	-924.312928778773	No	0.482
K07307	16.5538805693454	2071.84415617721	-1033.9220780886	No	0.378
K07308	16.4442314500024	1681.1331612183	-838.566580609152	No	0.686
K07791	10.5054176866707	1590.9674874827	-793.483743741349	No	0.955
K16263	21.2005871838826	2252.16385975615	-1124.08192987807	No	0.533
K16347	31.4477659079546	540.236431791181	-268.11821589559	No	0.931
K22051	3.23647244852881	287.994986802085	-141.997493401042	No	1.0
K09980	21.9629149937462	1416.79931179121	-706.399655895605	No	0.762
K03477	22.8182249179654	1982.183858991	-989.091929495499	No	0.401
K08138	24.3997080472499	2162.93357085744	-1079.46678542872	No	0.009
K15536	9.81739607114148	816.419889697089	-406.209944848544	No	0.993
K03485	14.9050497261431	527.347792390948	-261.673896195474	No	0.995
K06155	16.1150183005248	1052.58731710227	-524.293658551135	No	0.935
K12957	18.5860042162119	1818.48868098307	-907.244340491536	No	0.374
K13637	25.8909755614671	1084.0479088679	-540.023954433948	No	0.791
K19048	27.1317783892861	1800.13440749023	-898.067203745115	No	0.211
K13255	26.6081078075792	2755.39061090046	-1375.69530545023	No	0.122
K08723	9.77190513958501	570.030759051321	-283.01537952566	No	0.996
K07186	4.42490793293785	620.763545051888	-308.381772525944	No	1.0
K03720	2.83168262515351	598.336317346477	-297.168158673238	No	1.0
K02099	17.3078833160966	2368.31432911333	-1182.15716455666	No	0.395
K05798	5.89406491855169	873.68606242999	-434.843031214995	No	0.988
K04772	5.39812170863194	848.322098273069	-422.161049136535	No	1.0
K01582	17.5806165226084	541.52239663511	-268.761198317555	No	0.997
K19000	12.9540441445532	1628.20636409971	-812.103182049854	No	0.933
K06080	3.44901136917608	300.669524334465	-148.334762167232	No	1.0
K11898	31.3585509378093	2378.83926254861	-1187.41963127431	No	0.001
K11750	5.20402402597008	889.545294638047	-442.772647319024	No	0.997
K08178	15.7396409655294	1386.90262956862	-691.45131478431	No	0.89
K18988	13.1454094416313	1111.64642836198	-553.823214180991	No	0.934
K17938	3.27843389389793	898.164565164507	-447.082282582254	No	0.995
K03756	27.5074052961675	1429.69464034218	-712.847320171089	No	0.451
K08160	10.0287351617209	435.883071573421	-215.94153578671	No	1.0
K10678	10.5169792142635	355.830300901218	-175.915150450609	No	0.999
K11933	16.6822319246883	609.463724112093	-302.731862056047	No	0.999
K10906	106.662412724395	1769.44873722357	-882.724368611783	No	0.0
K09909	5.33476634793041	687.548062259226	-341.774031129613	No	1.0
K08344	17.7700404842944	1237.75044352827	-616.875221764136	No	0.904
K01085	18.7849327312735	602.82739280295	-299.413696401475	No	0.987
K17948	30.364646629941	620.834199199456	-308.417099599728	No	0.703
K04334	36.0721772323223	1293.73738136805	-644.868690684023	No	0.196
K02846	19.9230168471211	1191.75183126099	-593.875915630494	No	0.912
K07251	8.03844074700521	1046.8495272833	-521.424763641651	No	0.989
K00884	16.2037152615316	2231.25482050703	-1113.62741025351	No	0.703
K04064	8.31675804289815	386.327895535595	-191.163947767798	No	0.999
K03490	23.4759608919044	942.126716639106	-469.063358319553	No	0.826
K13695	13.8936622973225	876.050160430442	-436.025080215221	No	0.996
K12507	35.7639652610585	1243.95311887468	-619.97655943734	No	0.001
K10748	6.38942222338722	476.400534880521	-236.20026744026	No	0.999
K08322	29.1046959507147	2016.61908700061	-1006.30954350031	No	0.018
K08173	33.5164010385173	1773.87794669211	-884.938973346057	No	0.106
K18923	41.7229491615542	3476.41259327442	-1736.20629663721	No	0.0
K11738	16.4052162323463	2105.76186699774	-1050.88093349887	No	0.919
K18816	37.1084946243705	2511.98919595926	-1253.99459797963	No	0.0
K01096	4.705357247692	462.685964616619	-229.34298230831	No	1.0
K13497	3.84810966310713	536.385416429703	-266.192708214851	No	0.994
K06039	19.010557776882	1525.33146125532	-760.665730627658	No	0.733
K07285	6.04659566757884	804.024542553287	-400.012271276644	No	0.999
K11392	5.60073485826655	922.210255720321	-459.105127860161	No	0.995
K21039	76.6959719754806	1352.18132430488	-674.090662152439	No	0.0
K03834	4.07094403435283	585.468855552645	-290.734427776322	No	1.0
K18475	16.3047658495333	2311.12329735894	-1153.56164867947	No	0.085
K01699	18.8356189421975	1650.80982285039	-823.404911425195	No	0.025
K00996	14.9085344317219	2104.3371375182	-1050.1685687591	No	0.022
K21084	22.4387613327403	1859.68440549352	-927.842202746759	No	0.2
K07642	15.740807205488	4282.59236487467	-2139.29618243734	No	0.055
K07664	16.8063939966857	2281.35934741166	-1138.67967370583	No	0.768
K03291	15.5384365699034	1994.12093591571	-995.060467957853	No	0.908
K13694	6.20610704744366	1206.046942699	-601.0234713495	No	0.995
K07685	8.77601555151949	487.015983790757	-241.507991895379	No	1.0
K06159	23.2283214998552	1069.25065695364	-532.625328476821	No	0.942
K12944	23.8017394399105	777.596052434355	-386.798026217178	No	0.659
K10013	10.398157253633	341.029559172708	-168.514779586354	No	1.0
K04103	20.4382121508297	673.995549880342	-334.997774940171	No	0.965
K03815	27.735835342938	697.209774914019	-346.60488745701	No	0.941
K04026	18.4511666458602	1838.85827774665	-917.429138873327	No	0.02
K04019	18.4285529877852	2375.32309060123	-1185.66154530061	No	0.0
K04023	16.2201280143868	2676.76368278088	-1336.38184139044	No	0.003
K07674	8.91712586606344	370.345244040587	-183.172622020294	No	0.999
K03765	26.9039019323564	1219.3887293858	-607.694364692898	No	0.128
K03757	34.4454231928666	476.671536590738	-236.335768295369	No	0.866
K15835	23.5409339761664	805.866494066219	-400.93324703311	No	0.975
K19167	32.6728300785445	1841.66865076555	-918.834325382773	No	0.0
K13004	30.6721231342483	1351.52918392338	-673.764591961689	No	0.0
K00100	11.0986091152713	1047.37661060057	-521.688305300284	No	0.569
K12527	14.8085464267537	1369.85562391862	-682.927811959309	No	0.216
K20798	18.0233120683763	2777.08248670964	-1386.54124335482	No	0.071
K17382	21.657860429998	1380.94532774147	-688.472663870734	No	0.091
K18555	25.7468186116447	990.316063624767	-493.158031812384	No	0.813
K10529	37.1364648358036	1077.20938847281	-536.604694236407	No	0.005
K07810	35.073474481275	1998.75397663355	-997.376988316775	No	0.019
K16444	30.8292492598327	1104.194756588	-550.097378294	No	0.043
K21755	18.9258044120754	2020.25138121614	-1008.12569060807	No	0.17
K09776	6.62921211714071	1229.83410089067	-612.917050445335	No	0.986
K02241	7.81274705481186	1213.35957328345	-604.679786641726	No	0.903
K16188	4.27672451721403	539.666949553795	-267.833474776898	No	1.0
K06313	2.13798340604116	489.186618525851	-242.593309262925	No	1.0
K16874	28.6602418394178	2347.39586317856	-1171.69793158928	No	0.0
K06298	2.86397929718781	624.528242415263	-310.264121207631	No	1.0
K15916	5.51349174765647	761.982027361304	-378.991013680652	No	0.962
K07065	21.2641724577951	1828.53671263805	-912.268356319027	No	0.0
K06423	2.31678980285895	518.963586878908	-257.481793439454	No	1.0
K07777	2.65904762184778	708.811540450894	-352.405770225447	No	1.0
K06297	6.19886283435075	1062.62787297083	-529.313936485415	No	0.972
K06295	4.29488561269197	881.281139561496	-438.640569780748	No	0.995
K07653	3.13542067914113	744.747829097025	-370.373914548513	No	1.0
K07669	3.04827041656371	903.952142238575	-449.976071119288	No	1.0
K09132	21.5455339446124	1158.28504202804	-577.142521014021	No	0.0
K06296	6.21934925113389	1051.77529976054	-523.887649880268	No	0.98
K16881	6.75435406645202	1080.75510399627	-538.377551998135	No	0.985
K01342	20.1643986106752	831.247165106627	-413.623582553314	No	0.477
K10797	14.6856692851098	1402.64481652739	-699.322408263694	No	0.002
K03383	32.2226274541305	743.741373593483	-369.870686796741	No	0.065
K02490	1.7890699960401	298.454636398045	-147.227318199022	No	1.0
K11693	7.68040251632156	412.018189959887	-204.009094979943	No	0.996
K05889	34.3407810135884	1189.05230741064	-592.526153705321	No	0.001
K22295	24.7379639542042	578.626590737782	-287.313295368891	No	0.905
K19587	26.2917646509845	2038.49299090898	-1017.24649545449	No	0.204
K22905	10.8668604541827	1092.32105813468	-544.160529067338	No	0.322
K00359	15.9359577113682	1408.43330082232	-702.216650411162	No	0.882
K21672	10.3345920325704	2839.85754503543	-1417.92877251772	No	0.409
K03918	5.96161692584609	781.530429550056	-388.765214775028	No	0.994
K23555	14.411229556845	1381.41060338831	-688.705301694153	No	0.916
K14597	18.861099928659	597.590776654192	-296.795388327096	No	0.647
K02277	5.22933156538894	1645.43620882121	-820.718104410603	No	0.965
K08961	31.2226089062235	1005.47678466233	-500.738392331166	No	0.111
K08222	3.9280952160889	1007.15224761311	-501.576123806555	No	0.993
K16936	26.7430985357781	1307.1598147297	-651.579907364851	No	0.031
K01205	21.9365137328005	2017.14731864407	-1006.57365932204	No	0.021
K19049	27.2398279565634	1373.87490777341	-684.937453886706	No	0.0
K23398	43.3493604461919	1972.18727199784	-984.093635998922	No	0.0
K16212	17.6531036680816	2069.78554407647	-1032.89277203824	No	0.047
K18577	21.446134018058	783.624983616471	-389.812491808236	No	0.373
K12343	18.9522660116773	767.23623555839	-381.618117779195	No	0.669
K18330	11.021763749373	590.844789427363	-293.422394713682	No	0.853
K01730	25.1584992670782	2419.92250713733	-1207.96125356866	No	0.008
K15530	28.7526032936062	632.951463112076	-314.475731556038	No	0.433
K19997	44.3495962243933	2439.56461023184	-1217.78230511592	No	0.0
K16963	18.0380621836182	1167.68016719731	-581.840083598654	No	0.834
K18567	15.4972179955473	824.318189402926	-410.159094701463	No	0.936
K01482	16.7573636253732	3365.9821992911	-1680.99109964555	No	0.019
K06421	9.48793821092724	360.057216929784	-178.028608464892	No	0.997
K08965	9.19047507459069	908.371459459575	-452.185729729788	No	0.965
K06376	4.23098695003981	852.572295356831	-424.286147678416	No	0.993
K03480	8.4198001604198	928.652484083134	-462.326242041567	No	0.991
K06315	14.7459452919762	549.987737715448	-272.993868857724	No	0.948
K02491	12.849649524319	576.929984155114	-286.464992077557	No	0.988
K01400	25.5503193330763	941.844047472286	-468.922023736143	No	0.655
K06425	8.45475882324144	908.607453865401	-452.3037269327	No	0.98
K21462	22.1301088547492	1123.51157508112	-559.755787540558	No	0.64
K06422	3.95915051374762	337.004617547124	-166.502308773562	No	0.998
K22135	2.52942091055807	526.716195163677	-261.358097581839	No	1.0
K18115	16.7385194623491	736.486866473157	-366.243433236579	No	0.929
K21488	47.439300802776	2268.05386877802	-1132.02693438901	No	0.0
K13955	15.239452006221	1342.99077450045	-669.495387250226	No	0.745
K08164	27.418668152571	809.670928304294	-402.835464152147	No	0.515
K21902	22.4243022981051	607.890617520153	-301.945308760077	No	0.849
K07145	12.1582126913768	1082.95973721366	-539.479868606828	No	0.964
K06332	8.63860528002156	597.599534691752	-296.799767345876	No	0.997
K06324	20.5552083753804	1521.86184885474	-758.930924427369	No	0.015
K16247	39.1848010264665	1130.51055522719	-563.255277613597	No	0.0
K05607	3.53055932085262	666.687258267343	-331.343629133672	No	1.0
K15921	23.3885440457876	1381.11657075432	-688.558285377159	No	0.026
K15924	28.7974915467024	1797.11137665319	-896.555688326597	No	0.001
K04766	2.95847684659388	528.632562991284	-262.316281495642	No	1.0
K02497	1.62266409738164	265.124194920729	-130.562097460364	No	1.0
K02236	10.4114902305901	1167.47219258519	-581.736096292594	No	0.966
K06370	6.45383822842498	709.403085766211	-352.701542883106	No	0.991
K21468	3.46558037362944	250.51798467218	-123.25899233609	No	1.0
K17462	14.4321296940149	1382.23996104274	-689.119980521372	No	0.812
K13300	3.8010191986552	329.43166240469	-162.715831202345	No	0.999
K01308	6.61846817233987	894.793187062385	-445.396593531193	No	0.991
K19449	10.1628696605128	535.909532150801	-265.954766075401	No	0.998
K06372	25.7079575859256	499.306547244283	-247.653273622141	No	0.698
K23138	24.8057873165445	657.897384245621	-326.948692122811	No	0.518
K06327	3.88210858516268	356.73284865127	-176.366424325635	No	0.999
K06429	11.9508676564608	362.853826942444	-179.426913471222	No	0.992
K21935	12.8985481806237	1401.25700896128	-698.628504480638	No	0.661
K22109	10.6627624702052	719.762457564703	-357.881228782351	No	0.992
K00686	11.4650019601551	685.255278195169	-340.627639097585	No	0.981
K07697	7.1292127611452	462.668329852559	-229.33416492628	No	0.999
K06347	2.36185594542224	270.407361207554	-133.203680603777	No	1.0
K06348	4.55157607313515	353.514757355206	-174.757378677603	No	1.0
K18770	9.22686455062874	328.850403180807	-162.425201590403	No	0.994
K04780	40.5503610668694	777.78190032842	-386.89095016421	No	0.366
K01233	21.7300932046104	1552.47233385954	-774.236166929769	No	0.159
K07476	2.35432231779726	373.473112337052	-184.736556168526	No	1.0
K07770	10.4858310524884	1009.09641745884	-502.548208729419	No	0.963
K07650	10.1947032401559	753.875588450686	-374.937794225343	No	0.975
K11621	17.4499441904402	1012.91244196788	-504.456220983941	No	0.389
K11619	6.22805959068333	438.654310351516	-217.327155175758	No	0.997
K21960	30.3419459642701	847.782053513521	-421.891026756761	No	0.254
K22301	21.5623536996146	404.582367895631	-200.291183947815	No	0.918
K02100	30.2465903758748	911.475270793529	-453.737635396765	No	0.713
K19431	35.171635261852	1554.12955997979	-775.064779989897	No	0.012
K19421	13.6512268275576	941.085667571835	-468.542833785918	No	0.882
K11184	1.69653211537271	409.40602283124	-202.70301141562	No	1.0
K12263	5.09185799360277	417.970020405176	-206.985010202588	No	1.0
K07282	17.2825078185434	400.55191684977	-198.275958424885	No	0.988
K06325	27.5594790604688	684.963171055571	-340.481585527786	No	0.458
K20201	4.88284339850063	529.68995131626	-262.84497565813	No	0.998
K02205	31.3966815163428	523.948459893807	-259.974229946904	No	0.846
K14647	7.77264208522914	605.735248533506	-300.867624266753	No	0.996
K08235	25.4064059959062	738.492215919803	-367.246107959901	No	0.269
K16559	26.4552119394119	975.295811942587	-485.647905971294	No	0.648
K06329	30.5213262600901	650.790506451232	-323.395253225616	No	0.219
K01212	32.2006355746999	1316.31315748203	-656.156578741017	No	0.031
K13276	19.9429875622894	740.680558385521	-368.340279192761	No	0.696
K20895	22.1999691882722	740.736597017271	-368.368298508635	No	0.791
K16331	16.9304971509622	652.116217674347	-324.058108837173	No	0.897
K03794	20.0834881315667	687.153045030777	-341.576522515389	No	0.921
K15468	25.5091235049043	1248.21107097301	-622.105535486507	No	0.239
K17734	14.883112095121	2358.49842054597	-1177.24921027298	No	0.387
K06433	8.71904558927926	537.438544291855	-266.719272145928	No	0.995
K06432	9.76429051334815	360.568384998745	-178.284192499372	No	0.994
K06434	8.85243328530057	900.854243633607	-448.427121816803	No	0.992
K15652	34.0534627967644	1032.44699581049	-514.223497905246	No	0.066
K15976	25.4431440381799	677.877145017809	-336.938572508904	No	0.875
K21701	24.4555884692256	585.75657794168	-290.87828897084	No	0.904
K08174	21.6424412142562	482.220504455374	-239.110252227687	No	0.973
K18967	20.8954585569085	2000.79045720831	-998.395228604155	No	0.272
K03206	19.7083905823556	453.842879191482	-224.921439595741	No	0.922
K19242	19.0879490778562	760.069015696167	-378.034507848083	No	0.713
K11923	14.6626826356478	874.985323376445	-435.492661688223	No	0.966
K09682	2.29623082479084	367.522041359457	-181.761020679728	No	1.0
K15640	15.7689302118288	1009.0387837212	-502.519391860598	No	0.945
K06595	11.3202606215177	1052.1476082761	-524.07380413805	No	0.946
K06304	8.44261178415625	352.358643582701	-174.179321791351	No	0.999
K11210	16.7342638668482	1014.20536720095	-505.102683600476	No	0.826
K05519	8.0829253741131	334.385173544071	-165.192586772035	No	0.999
K10810	13.2698792612407	721.092124232972	-358.546062116486	No	0.967
K16163	8.16150770412821	1507.61952331338	-751.809761656691	No	0.975
K18802	24.0537499483886	1873.42585191231	-934.712925956155	No	0.398
K20274	25.2653149541281	654.933869735733	-325.466934867867	No	0.711
K20480	12.332119871059	719.419360739089	-357.709680369545	No	0.951
K07050	10.2104296283759	1569.57408949876	-782.78704474938	No	0.796
K11476	22.6423600363381	795.959226778001	-395.979613389001	No	0.883
K06308	11.756980905685	773.890606459108	-384.945303229554	No	0.959
K02476	22.0298611224599	2739.63239493549	-1367.81619746774	No	0.123
K02475	23.0649143582143	1400.45905014799	-698.229525073993	No	0.256
K06338	16.4357812618661	775.600457163989	-385.800228581995	No	0.896
K06310	12.5907996143572	996.464519869478	-496.232259934739	No	0.861
K06331	14.5017545481566	943.726858171132	-469.863429085566	No	0.877
K11710	13.913614401562	2842.61385955362	-1419.30692977681	No	0.11
K06428	7.6525855676092	309.918546194699	-152.959273097349	No	0.998
K08713	3.71682065862534	293.681799159679	-144.84089957984	No	1.0
K05988	32.9342354362767	1433.55375583739	-714.776877918694	No	0.0
K23464	35.7903101880485	3178.91492584841	-1587.4574629242	No	0.0
K17285	24.4421971361341	2098.74936853825	-1047.37468426913	No	0.028
K15786	22.0671900783082	1408.82561500815	-702.412807504076	No	0.7
K14470	20.4436658706883	1800.85165922113	-898.425829610563	No	0.621
K07766	19.1864654322129	1233.04248041027	-614.521240205133	No	0.303
K18277	32.35654939568	2250.62715947295	-1123.31357973647	No	0.0
K03851	8.95603229277194	1161.97902090399	-578.989510451995	No	0.805
K12980	13.9133222408601	550.966974646974	-273.483487323487	No	0.884
K18459	27.9222758527001	1426.33579392597	-711.167896962986	No	0.011
K20449	22.0124364757591	822.089154035474	-409.044577017737	No	0.437
K22443	48.2651392801457	1494.31974496953	-745.159872484767	No	0.001
K21065	18.7244532212682	924.415417464593	-460.207708732296	No	0.493
K09680	6.73008192468381	774.970825856529	-385.485412928264	No	0.993
K01517	39.2946238584417	934.592473402226	-465.296236701113	No	0.019
K17108	19.6217776202903	1876.04674391735	-936.023371958673	No	0.0
K13327	36.7670958024069	1253.16589794442	-624.582948972212	No	0.0
K16435	24.2581455267969	1247.62289646171	-621.811448230856	No	0.075
K22078	24.1409104188787	1222.1715896015	-609.085794800748	No	0.045
K18334	19.1111331094086	2966.89737962778	-1481.44868981389	No	0.202
K19181	32.2201898656984	980.352690220267	-488.176345110134	No	0.291
K20539	29.9328880695801	873.702436813401	-434.851218406701	No	0.439
K00035	13.182239951033	1352.18178291311	-674.090891456554	No	0.964
K13642	28.9419150411628	1004.31228913339	-500.156144566693	No	0.007
K07469	7.97978113477228	775.627544203542	-385.813772101771	No	0.655
K06873	5.15968728607005	471.814819539027	-233.907409769513	No	0.993
K12950	18.1096552700554	1165.85055754994	-580.92527877497	No	0.561
K00844	9.60756961939066	532.566000403047	-264.283000201524	No	0.914
K09459	20.0414589417365	2167.2726802551	-1081.63634012755	No	0.0
K13927	18.5543356271945	818.981470790394	-407.490735395197	No	0.181
K07821	33.7196207383538	535.91358707236	-265.95679353618	No	0.766
K10954	49.0940021872178	2702.02092357358	-1349.01046178679	No	0.0
K13522	17.2806435635203	1327.96082276032	-661.980411380159	No	0.924
K09145	9.06163344028711	935.887359346706	-465.943679673353	No	0.993
K19519	17.27576780878	1098.29256496693	-547.146282483464	No	0.252
K11517	18.5259437464582	701.027316850422	-348.513658425211	No	0.137
K23139	11.9970345764778	1521.7896224247	-758.894811212349	No	0.898
K01027	21.6154938059973	905.951456593352	-450.975728296676	No	0.142
K13315	19.0855786282472	866.767074196798	-431.383537098399	No	0.646
K21214	19.7325088754991	634.149128646559	-315.074564323279	No	0.966
K17910	29.4917058113776	951.463635277591	-473.731817638795	No	0.038
K17756	17.4033474724956	514.232227392763	-255.116113696381	No	0.933
K07978	12.5155782922172	1448.5108080195	-722.255404009748	No	0.166
K18236	36.5494590534041	1023.18736440498	-509.593682202488	No	0.0
K21142	6.57914110633893	486.020852803538	-241.010426401769	No	0.999
K18844	25.8192788543538	1305.58526343404	-650.792631717019	No	0.049
K05281	16.4831486899123	1938.52462653148	-967.262313265741	No	0.377
K00561	25.7514529268146	3347.89015021953	-1671.94507510977	No	0.0
K08685	33.3439983118368	911.302826877891	-453.651413438946	No	0.184
K05296	30.1104328719944	1223.4699550301	-609.73497751505	No	0.051
K15363	33.702609098228	851.935370793557	-423.967685396779	No	0.2
K11911	27.7590200774187	1096.21018552166	-546.10509276083	No	0.829
K15784	24.8292681345519	1383.85876749774	-689.929383748869	No	0.719
K22344	34.7956589635921	1836.30302727014	-916.151513635069	No	0.0
K18473	5.09827871503311	446.785616238108	-221.392808119054	No	1.0
K16422	32.6738634004871	1072.60896892289	-534.304484461447	No	0.001
K08993	5.89219055994561	496.49340047294	-246.24670023647	No	1.0
K21607	43.6129333887862	1101.62669157244	-548.813345786218	No	0.004
K18687	15.0180453872081	1759.89590084686	-877.947950423432	No	0.901
K01822	11.9349722462226	1666.88833016878	-831.444165084391	No	0.929
K16050	14.6053865401246	1350.72326382725	-673.361631913626	No	0.942
K22314	29.9063853792459	712.472988312598	-354.236494156299	No	0.382
K10533	13.7602913074613	1813.20017561919	-904.600087809597	No	0.798
K07512	21.2372537112533	1228.13612338869	-612.068061694343	No	0.029
K22108	10.0823220383819	1408.18646159094	-702.093230795472	No	0.969
K18429	23.0023487548414	1681.84759527467	-838.923797637333	No	0.0
K18430	21.6368262294513	2089.48084068059	-1042.74042034029	No	0.0
K01780	18.4512130671369	1097.46072697629	-546.730363488146	No	0.188
K14956	8.9022343691586	1688.31780776796	-842.158903883979	No	0.988
K09819	17.9130326287535	1263.42916946082	-629.71458473041	No	0.267
K22215	18.1552330613832	653.486962120637	-324.743481060319	No	0.903
K22935	17.4281160827402	1896.69291805048	-946.346459025241	No	0.145
K02056	39.3106025508407	1230.2639407416	-613.131970370798	No	0.0
K00621	30.7683311082612	1148.84164262931	-572.420821314656	No	0.0
K04835	9.06606680204628	1204.85666298379	-600.428331491893	No	0.452
K09123	35.3912872738339	1014.30756109433	-505.153780547164	No	0.025
K14060	90.4047242513165	3187.67153955036	-1591.83576977518	No	0.0
K16563	34.3201920078379	906.006617227373	-451.003308613686	No	0.038
K18982	38.4066987182629	906.07014659602	-451.03507329801	No	0.031
K18983	30.2635893414395	2171.5583064394	-1083.7791532197	No	0.0
K10191	21.341298647568	865.860867525041	-430.930433762521	No	0.772
K00875	31.05099374557	1207.06493774053	-601.532468870267	No	0.275
K14309	25.6004744268889	1767.68557181368	-881.842785906838	No	0.35
K05351	37.6002387422011	914.340106866621	-455.17005343331	No	0.195
K16873	33.6600275911781	933.974704575466	-464.987352287733	No	0.12
K00729	11.4997304277142	845.485884478122	-420.742942239061	No	0.211
K01062	28.1579937931779	2368.01192964149	-1182.00596482074	No	0.001
K19691	11.8858857711764	2371.98230837089	-1183.99115418544	No	0.535
K08677	14.90887422354	1503.53418979155	-749.767094895777	No	0.649
K18286	5.48284578540012	619.225554887523	-307.612777443762	No	1.0
K01301	17.3685154313734	942.80624821301	-469.403124106505	No	0.636
K20844	27.1093785288468	760.307417358253	-378.153708679126	No	0.349
K00801	10.4771156999287	1453.90393330406	-724.95196665203	No	0.872
K00122	32.2388764383838	1784.8914731639	-890.445736581948	No	0.015
K18481	6.61395619748585	775.705503228453	-385.852751614227	No	0.998
K18701	18.7519815924098	1230.59964313798	-613.29982156899	No	0.593
K21886	24.6137998239925	995.907768155852	-495.953884077926	No	0.722
K22847	27.3390470022513	1374.91331878809	-685.456659394046	No	0.409
K14340	18.3587022870371	1167.45028375748	-581.725141878742	No	0.869
K22107	6.20121412510628	894.249191296184	-445.124595648092	No	1.0
K15510	9.57056073560207	1014.98288787808	-505.491443939039	No	0.986
K21685	12.2926738653184	1109.97496387677	-552.987481938385	No	0.98
K21949	25.0049438859145	2765.99902054622	-1380.99951027311	No	0.0
K21721	25.972146401836	2451.1378879201	-1223.56894396005	No	0.002
K14743	4.49506322089228	628.373371708683	-312.186685854341	No	1.0
K12429	10.9692322573604	575.189937721958	-285.594968860979	No	0.998
K19777	30.2654766352911	1008.60049207974	-502.300246039871	No	0.84
K12421	16.4076871437975	771.531846837378	-383.765923418689	No	0.957
K18235	25.6989902723048	2625.47694819536	-1310.73847409768	No	0.002
K21397	5.68222798852397	1614.90250939429	-805.451254697147	No	0.955
K16164	24.4758263257216	2255.38892352585	-1125.69446176292	No	0.033
K14339	3.13371124431317	502.09874531311	-249.049372656555	No	1.0
K22934	7.52017283841116	600.603339318176	-298.301669659088	No	1.0
K07517	14.6006869095645	1347.93049715576	-671.965248577882	No	0.931
K00966	12.0874601716658	770.051464298266	-383.025732149133	No	0.978
K19268	13.9774380291276	2115.33458074328	-1055.66729037164	No	0.091
K23117	23.1793468813921	672.039322030099	-334.01966101505	No	0.853
K16648	9.59147376215394	992.243470251912	-494.121735125956	No	0.996
K20468	5.08714107564161	691.390564364595	-343.695282182297	No	0.998
K13687	3.12212914398641	803.018704748577	-399.509352374288	No	1.0
K14952	2.53580984000664	656.563619487785	-326.281809743893	No	0.998
K00276	25.481676253916	3023.45978399242	-1509.72989199621	No	0.001
K19956	14.8220915834283	1851.15495836122	-923.577479180612	No	0.006
K01846	13.0780340911928	1879.52019925697	-937.760099628487	No	0.084
K08640	17.1816683936345	734.639521564246	-365.319760782123	No	0.844
K20989	30.949191642005	1322.85087535913	-659.425437679565	No	0.023
K17840	18.7776139806644	930.535577461978	-463.267788730989	No	0.862
K20902	33.5776867934204	1681.26727697617	-838.633638488086	No	0.004
K20421	29.5872487212081	729.335011004334	-362.667505502167	No	0.59
K14672	23.0680616977102	1461.75158245295	-728.875791226473	No	0.232
K21992	20.5793186933357	726.462990726191	-361.231495363095	No	0.932
K01416	11.2889733818346	474.170577962826	-235.085288981413	No	0.993
K14465	20.0894888183374	577.75666829477	-286.878334147385	No	0.75
K05558	19.7525450111833	1150.91719943208	-573.458599716038	No	0.758
K22821	8.45844439981851	297.976636831131	-146.988318415566	No	0.999
K05996	12.7301964268282	1067.48055571391	-531.740277856956	No	0.9
K08642	25.5830881344071	1055.78716245425	-525.893581227124	No	0.212
K21887	31.8719985810086	944.9473224988	-470.4736612494	No	0.345
K22969	18.5887511647463	1332.20742637074	-664.103713185371	No	0.367
K19715	5.08440584781428	1380.1246117121	-688.062305856048	No	0.827
K20306	19.0834554701308	1770.96042267105	-883.480211335524	No	0.324
K01771	30.0296741209832	2049.6808100749	-1022.84040503745	No	0.013
K10187	8.57355846870763	621.972146857098	-308.986073428549	No	0.989
K18662	5.8299973306242	284.685331884325	-140.342665942163	No	1.0
K01431	16.9602511987334	2081.66453163602	-1038.83226581801	No	0.68
K17876	21.8481748987765	780.326179908379	-388.16308995419	No	0.679
K23149	36.6721631609696	1725.03380646544	-860.516903232718	No	0.0
K23262	19.6710869475621	2002.713856231	-999.356928115501	No	0.181
K18546	11.0743111269563	722.203980198308	-359.101990099154	No	0.984
K11159	20.4031902904263	474.600753455537	-235.300376727769	No	0.973
K17476	22.4488818781079	691.589663419294	-343.794831709647	No	0.607
K18553	24.4330191828399	1555.12122272908	-775.560611364541	No	0.496
K20420	11.5719479165555	765.902605301599	-380.951302650799	No	0.991
K05991	28.7083068435953	1554.83696422107	-775.418482110534	No	0.019
K14627	26.3349728213057	532.024867630067	-264.012433815033	No	0.75
K07682	15.412641206024	690.466003807236	-343.233001903618	No	0.983
K17838	26.9846084238481	2711.91442264928	-1353.95721132464	No	0.0
K19058	33.5727585390151	3442.96021646606	-1719.48010823303	No	0.0
K21217	3.17442565926583	145.662152592363	-70.8310762961813	No	1.0
K14940	19.7465762022099	676.731851053985	-336.365925526992	No	0.394
K13006	26.341579151741	1078.77375261026	-537.386876305129	No	0.0
K05793	20.9713151016668	2188.2508321018	-1092.1254160509	No	0.161
K18320	55.6335612937527	2249.79796555507	-1122.89898277754	No	0.0
K13543	3.63597994855308	340.269934795981	-168.134967397991	No	1.0
K19761	18.0490199246736	1207.24384826117	-601.621924130583	No	0.229
K05882	23.5449427427502	767.973396379706	-381.986698189853	No	0.847
K22747	32.3028435554329	1022.04844950958	-509.024224754792	No	0.464
K22302	86.9162219165406	1733.51723335165	-864.758616675826	No	0.0
K16839	24.7022383906251	1014.14209109566	-505.071045547828	No	0.789
K10676	39.6249088691623	2283.66413644328	-1139.83206822164	No	0.0
K10300	34.9960856460949	2587.62439293117	-1291.81219646559	No	0.001
K20331	38.4083032853126	1157.1369798269	-576.56848991345	No	0.018
K22994	31.0885427209489	1157.74298791278	-576.871493956392	No	0.108
K10918	18.5539778862721	780.833296792591	-388.416648396295	No	0.958
K11909	42.2859565072127	1744.55159077194	-870.27579538597	No	0.004
K11922	40.8762774682019	943.428180913353	-469.714090456677	No	0.06
K22397	29.9332206810337	1710.54989343265	-853.274946716325	No	0.004
K08348	30.4272886031754	800.358122294758	-398.179061147379	No	0.828
K23078	5.28177918187585	858.560162289663	-427.280081144832	No	0.738
K12062	35.3704483398327	1893.12145645534	-944.560728227668	No	0.0
K12069	35.0404449812722	1584.58987538312	-790.29493769156	No	0.0
K13936	39.2653521205947	700.182120887921	-348.091060443961	No	0.584
K06858	9.48429643560977	546.479193348721	-271.23959667436	No	1.0
K07169	34.9944435484439	671.687957394776	-333.843978697388	No	0.852
K14596	30.3289312345674	843.011945931642	-419.505972965821	No	0.324
K18700	24.2665887710114	1038.07684528596	-517.038422642982	No	0.0
K23499	18.0412158742265	1687.93967866516	-841.969839332579	No	0.155
K20988	25.4037735464385	1056.97122071194	-526.485610355972	No	0.444
K18820	17.1298117992504	676.560006596249	-336.280003298125	No	0.794
K14358	10.0135870484688	778.303309130748	-387.151654565374	No	0.05
K14387	12.9870626214037	598.682930634777	-297.341465317389	No	0.712
K18372	35.8527051390706	999.801567594631	-497.900783797315	No	0.003
K17067	24.6210213636602	654.326593339926	-325.163296669963	No	0.66
K23086	5.81889043752295	473.26246213012	-234.63123106506	No	0.998
K11262	24.1631087030525	682.729008624586	-339.364504312293	No	0.177
K19714	7.93356842366209	582.020811502158	-289.010405751079	No	0.987
K07714	10.0812307323522	1049.55180151235	-522.775900756176	No	0.553
K04032	14.8930550804202	1184.46355048246	-590.231775241228	No	0.097
K18101	25.4279875292249	734.433222694073	-365.216611347036	No	0.534
K18218	6.29861719545628	676.617247695161	-336.30862384758	No	0.999
K06946	23.7039972291977	2217.38833778279	-1106.69416889139	No	0.003
K00587	39.5439954533909	1248.65917638939	-622.329588194695	No	0.005
K00221	66.4355163286091	2390.8115510457	-1193.40577552285	No	0.0
K03933	15.2934979358864	1850.62161368297	-923.310806841483	No	0.786
K05523	64.5038372109835	1847.41299915813	-921.706499579066	No	0.001
K13009	23.0041130184862	752.865272070588	-374.432636035294	No	0.974
K02778	14.9416262893189	1040.93357340739	-518.466786703695	No	0.969
K02779	15.6229887614006	852.147325182331	-424.073662591165	No	0.982
K20275	51.3652781896247	858.846493099894	-427.423246549947	No	0.164
K15600	19.4436163558767	2816.60755877199	-1406.303779386	No	0.076
K14727	20.8660999989316	1838.65445777228	-917.327228886141	No	0.353
K22444	62.9190863894981	616.988159916417	-306.494079958209	No	0.614
K21712	44.2708157630955	817.209900093874	-406.604950046937	No	0.469
K07480	42.2066103964082	2606.80813304698	-1301.40406652349	No	0.0
K15898	18.0577200427528	1660.29741880934	-828.14870940467	No	0.0
K01210	21.0468121109886	738.525612164933	-367.262806082467	No	0.227
K13020	23.6846318425501	1099.75122458212	-547.875612291059	No	0.1
K00132	17.7004717339314	838.038730667847	-417.019365333924	No	0.191
K19978	19.2155838976321	1536.8068807886	-766.403440394302	No	0.207
K14164	13.5937766177699	662.50261113189	-329.251305565945	No	0.753
K09879	17.8011332835079	1327.9646392473	-661.982319623651	No	0.722
K22733	17.5021662560805	658.29924643658	-327.14962321829	No	0.852
K08762	20.7619882876674	663.629270786591	-329.814635393295	No	0.559
K23245	33.6683252935565	2013.75675638837	-1004.87837819418	No	0.0
K00314	26.3102608102586	869.827056465528	-432.913528232764	No	0.497
K23248	28.2265165270511	1686.2714750578	-841.135737528902	No	0.0
K14683	7.19558500690991	1208.85914461284	-602.429572306418	No	0.924
K08481	18.2441351663918	1611.05128177231	-803.525640886153	No	0.033
K07066	21.905681474658	1771.91104071551	-883.955520357757	No	0.0
K10938	71.0777242936524	1539.67380980693	-767.836904903463	No	0.0
K13990	7.70325227852617	561.626399822656	-278.813199911328	No	0.849
K07181	9.25580342685593	248.858726768246	-122.429363384123	No	1.0
K03772	31.106300866466	633.544822816285	-314.772411408142	No	0.693
K01263	21.6848653416747	486.110206984342	-241.055103492171	No	0.9
K21606	21.1192387615631	429.629282715325	-212.814641357663	No	0.958
K08604	20.1043858492686	855.505711328067	-425.752855664034	No	0.88
K05994	23.016018565201	1262.0642131939	-629.032106596951	No	0.547
K22124	29.6221203050002	755.574311021868	-375.787155510934	No	0.162
K17996	12.4109525326139	490.491333871395	-243.245666935697	No	0.646
K00544	19.6814169912048	728.318815054849	-362.159407527425	No	0.434
K16173	12.344697545095	732.814876582797	-364.407438291398	No	0.922
K02479	12.9962789637333	999.954607350816	-497.977303675408	No	0.97
K18136	8.52014724727609	541.088395998124	-268.544197999062	No	0.992
K10925	7.74119828506838	296.363342181646	-146.181671090823	No	0.999
K02079	41.3785546338143	639.790422584716	-317.895211292358	No	0.481
K11908	36.1829637320954	677.493850604824	-336.746925302412	No	0.452
K08646	28.2902516496028	611.170622300332	-303.585311150166	No	0.628
K16077	31.6619313630269	959.625215457932	-477.812607728966	No	0.851
K08172	27.5287494545733	939.770292650275	-467.885146325138	No	0.85
K03894	42.5068925442431	814.149919526166	-405.074959763083	No	0.176
K03896	39.9943495555251	1585.52955236063	-790.764776180317	No	0.045
K03895	27.9114477294012	1902.46490646405	-949.232453232027	No	0.049
K13028	74.200694114389	1126.72589987233	-561.362949936164	No	0.0
K07505	150.496404838797	2322.84623750505	-1159.42311875253	No	0.0
K23244	24.711099216418	1465.54439970088	-730.772199850438	No	0.028
K03418	39.1631005219726	1535.12163792155	-765.560818960774	No	0.0
K15861	20.6976432288848	460.584514889657	-228.292257444828	No	0.831
K14520	27.1628083625793	1764.41602375719	-880.208011878594	No	0.191
K07190	19.3954721006487	621.543707617155	-308.771853808578	No	0.514
K09925	71.9492448134072	1695.41244879741	-845.706224398705	No	0.0
K19545	26.7474302949536	1694.70048298589	-845.350241492946	No	0.0
K13665	49.742360468726	2073.37327898056	-1034.68663949028	No	0.0
K06979	30.6609001788156	1946.92764082398	-971.463820411988	No	0.0
K20859	20.149612187881	997.988432173533	-496.994216086767	No	0.028
K13063	11.5933247326824	1332.60596577645	-664.302982888226	No	0.949
K21514	19.3515864507998	1041.91221829411	-518.956109147054	No	0.521
K19882	23.0643515122472	845.131553292216	-420.565776646108	No	0.152
K01254	9.91530303359798	489.07893204973	-242.539466024865	No	0.893
K00206	30.9784406719014	1086.53035830431	-541.265179152157	No	0.175
K22343	36.2091803028125	1273.46563505106	-634.732817525529	No	0.078
K05917	9.8868539016093	768.050192035827	-382.025096017913	No	0.988
K00082	10.4672282286197	896.773459724726	-446.386729862363	No	0.984
K20628	17.3796330016374	1113.86397293778	-554.93198646889	No	0.739
K10673	55.1952961681736	1147.85084801235	-571.925424006175	No	0.002
K19064	5.0743618790097	855.409929991227	-425.704964995614	No	0.897
K06887	58.03539167742	731.125456350873	-363.562728175436	No	0.326
K13472	45.8521255153137	1235.81026199155	-615.905130995777	No	0.0
K19731	41.7184357874936	822.01096270347	-409.005481351735	No	0.025
K19160	83.0997175845281	1088.59154443576	-542.29577221788	No	0.0
K18353	13.4374660677932	832.315671933954	-414.157835966977	No	0.98
K08764	15.648600135861	533.827149389309	-264.913574694655	No	0.981
K18547	9.44975828258205	366.29790413885	-181.148952069425	No	1.0
K15645	38.9636495715815	1092.52782767608	-544.263913838041	No	0.004
K10210	21.9537868146891	843.131620575708	-419.565810287854	No	0.645
K19349	23.9941130903394	632.090130314488	-314.045065157244	No	0.456
K21454	19.5973306026958	729.820434249174	-362.910217124587	No	0.936
K14085	18.282787059333	901.351551918817	-448.675775959409	No	0.815
K13421	6.18441958518718	163.284631308537	-79.6423156542686	No	1.0
K07544	44.0149269599441	1323.46953709793	-659.734768548965	No	0.0
K22396	18.3375100154739	1219.34600726638	-607.673003633188	No	0.036
K19172	147.793343985791	2541.63440095649	-1268.81720047825	No	0.0
K06371	5.84946649974101	550.663041477318	-273.331520738659	No	1.0
K01180	24.8731916632646	1429.70740364838	-712.853701824192	No	0.016
K08651	17.6533917255195	1069.6040417875	-532.802020893749	No	0.639
K21493	30.0519599559896	641.925697425432	-318.962848712716	No	0.269
K15373	28.1946839923151	636.12603806254	-316.06301903127	No	0.764
K10916	21.7967860910378	584.221634688296	-290.110817344148	No	0.951
K10915	27.9254188066957	871.472216530998	-433.736108265499	No	0.734
K14194	29.7788269609556	1079.13985249086	-537.569926245428	No	0.005
K16795	10.0977756451181	779.969182525282	-387.984591262641	No	0.516
K07239	21.9830878460347	1149.65696613356	-572.828483066781	No	0.089
K23246	29.6321637518836	1364.24207714182	-680.121038570908	No	0.011
K18319	26.3418865334427	1107.31977968495	-551.659889842476	No	0.706
K04781	26.3283717832881	1629.79510257551	-812.897551287756	No	0.419
K11106	19.1469629444997	687.022974112568	-341.511487056284	No	0.917
K22013	19.5089398853312	955.061884567638	-475.530942283819	No	0.111
K06307	22.1055507950657	704.427495426861	-350.21374771343	No	0.791
K08314	21.7771301971722	735.450043035071	-365.725021517535	No	0.685
K04708	17.0694386576176	880.2616876753	-438.13084383765	No	0.266
K22539	24.971708490413	654.719638950874	-325.359819475437	No	0.753
K08095	16.3308691709161	645.895298119667	-320.947649059834	No	0.995
K10859	33.6241447134675	887.614987193633	-441.807493596816	No	0.033
K22463	26.9409331883434	1545.75240472196	-770.87620236098	No	0.215
K00960	12.1307514385388	246.582456243727	-121.291228121863	No	0.983
K20109	17.1945369468622	447.638064193255	-221.819032096627	No	0.933
K16326	29.1002934645297	728.178394234545	-362.089197117272	No	0.344
K10211	30.4447002653467	774.437107422581	-385.21855371129	No	0.222
K18786	28.203070032179	621.292561993852	-308.646280996926	No	0.596
K22268	27.6166590941863	704.000417630593	-350.000208815296	No	0.16
K01280	16.5283469054848	634.359584365172	-315.179792182586	No	0.936
K21302	25.3780201832112	1088.44176813779	-542.220884068895	No	0.45
K11899	31.3029080685035	696.7669524728	-346.3834762364	No	0.088
K23114	21.902120718812	618.219757118695	-307.109878559347	No	0.716
K17641	21.7718181473787	874.913079594067	-435.456539797033	No	0.627
K22033	23.0566574704465	568.613992199422	-282.306996099711	No	0.856
K00493	29.2363930826191	760.017950933162	-378.008975466581	No	0.691
K19564	20.61741892181	610.510510183422	-303.255255091711	No	0.849
K00505	27.184848300477	1210.64396588302	-603.321982941511	No	0.103
K11816	21.7759020750305	1206.043610039	-601.021805019501	No	0.456
K23222	28.5753457078495	1234.34079476582	-615.170397382908	No	0.03
K22704	27.541213626481	651.830169117775	-323.915084558888	No	0.482
K00464	19.9528123997014	861.508336806876	-428.754168403438	No	0.573
K21479	21.4150542993749	501.140166399852	-248.570083199926	No	0.884
K15303	33.1064722478189	1144.52984541128	-570.264922705642	No	0.0
K08239	33.417150891572	763.210353234047	-379.605176617023	No	0.01
K11168	25.0819642242391	868.426420631186	-432.213210315593	No	0.156
K00301	33.6795224924426	828.181090851638	-412.090545425819	No	0.064
K00279	25.9908212471921	875.115657556872	-435.557828778436	No	0.043
K18576	24.9499951283187	750.411595247547	-373.205797623774	No	0.755
K21273	7.07124158582553	183.524036524675	-89.7620182623376	No	1.0
K10301	16.6888715553545	701.950548860897	-348.975274430449	No	0.334
K09835	7.21922734186413	900.601616012892	-448.300808006446	No	0.36
K03617	2.8086491915884	2156.20873543778	-1076.10436771889	No	0.999
K05833	6.3983205799873	3897.13463197294	-1946.56731598647	No	0.881
K00169	8.8173169362286	2646.76890022332	-1321.38445011166	No	0.162
K00174	3.45139548198375	3364.72429791484	-1680.36214895742	No	0.998
K00176	2.50299503672096	1600.73537316046	-798.367686580232	Yes	0.998
K07699	1.22592701987202	519.166248808966	-257.583124404483	No	1.0
K02120	3.68485360505641	1550.87812519035	-773.439062595173	No	0.973
K00179	6.38839857305308	3682.1560815731	-1839.07804078655	No	0.206
K04078	0.831547174624921	673.326786063836	-334.663393031918	No	0.716
K05896	0.831236633913556	1473.25268014523	-734.626340072617	No	1.0
K17318	12.9507498142551	3748.10614367494	-1872.05307183747	No	0.145
K00134	1.55656215677918	636.542226329927	-316.271113164964	No	0.079
K02871	5.45518683641195	932.635123797674	-464.317561898837	No	0.0
K02867	8.44167939231335	876.859317262746	-436.429658631373	No	0.0
K02992	5.7575023970777	1071.19139095143	-533.595695475717	No	0.0
K19411	1.47033439998551	729.455856572347	-362.727928286173	No	1.0
K02838	6.25202498424749	585.057684556399	-290.528842278199	No	0.0
K02899	3.25497466622111	963.040073614686	-479.520036807343	No	0.0
K23393	2.41260357534278	1792.58531343921	-894.292656719606	No	1.0
K19119	24.8810413945329	4915.78078441207	-2455.89039220603	No	0.0
K03495	0.460701040844939	867.863391842018	-431.931695921009	No	1.0
K03551	5.07951076223745	1126.41547684563	-561.207738422815	No	0.0
K06410	2.51844876409126	808.835299464572	-402.417649732286	No	1.0
K06333	4.20392277574067	1034.97499917328	-515.487499586642	No	0.996
K02073	5.08609204923399	4897.76123870039	-2446.88061935019	No	0.891
K00425	5.1792098304324	5270.61084276466	-2633.30542138233	No	0.289
K00329	2.66174365119626	1299.51970418019	-647.759852090096	No	1.0
K07665	17.9941236793921	2408.76321521632	-1202.38160760816	No	0.793
K01546	12.9283258016303	7013.6656328293	-3504.83281641465	No	0.001
K18307	40.1706909811091	1259.33546374501	-627.667731872504	No	0.288
K00331	2.07273805099562	2569.45673051906	-1282.72836525953	No	1.0
K02002	8.21295727131904	5576.36081247306	-2786.18040623653	No	0.443
K13889	18.8891411163614	1554.86491177246	-775.43245588623	No	0.879
K14188	6.54260509045152	1819.91758577558	-907.958792887792	No	0.946
K03522	4.28589604403982	3543.2136881661	-1769.60684408305	No	0.96
K02047	8.94969165709339	4246.48704847818	-2121.24352423909	No	0.889
K02609	9.9321638164431	4240.10058497807	-2118.05029248904	No	0.798
K11891	17.1400233269636	4103.72123328624	-2049.86061664312	No	0.242
K13490	14.0552059108949	838.796620020636	-417.398310010318	No	0.973
K04082	2.62363628331776	937.659461390419	-466.829730695209	No	1.0
K00412	1.20759729673469	1139.34597061546	-567.67298530773	No	1.0
K02066	1.20479218505537	1745.39214596539	-870.696072982693	No	1.0
K01032	22.6144524489803	3536.59142411754	-1766.29571205877	No	0.033
K16845	27.0292410533476	1818.3515526807	-907.175776340352	No	0.0
K21345	3.56277156428602	375.799742533991	-185.899871266995	No	1.0
K10107	15.8581861973902	3258.82247204816	-1627.41123602408	No	0.47
K05560	10.7553785187731	2256.26151799664	-1126.13075899832	No	0.982
K17321	15.142941171573	2144.03378384479	-1070.01689192239	No	0.788
K03667	0.902485638941057	1220.09684072368	-608.048420361842	No	1.0
K21948	25.0165994657038	3844.89370237838	-1920.44685118919	No	0.001
K08967	10.1636187205425	2404.38328501671	-1200.19164250835	No	0.944
K02299	12.3845551496562	2852.5722888056	-1424.2861444028	No	0.991
K07799	10.0593786443209	2014.94119485142	-1005.47059742571	No	0.994
K15724	0.595823572164406	502.25959572371	-249.129797861855	No	1.0
K06415	5.26618134947561	2454.54043500842	-1225.27021750421	No	1.0
K03222	33.7846644238714	2268.56525833107	-1132.28262916554	No	0.115
K03227	35.5362556311396	1887.44204643561	-941.721023217805	No	0.168
K03559	0.325107046012837	561.22124805077	-278.610624025385	No	1.0
K23536	4.61378611312261	4393.95605448127	-2194.97802724064	No	0.982
K10001	6.49566079070739	1318.81891559764	-657.409457798822	No	0.998
K02402	6.90267616061766	1293.47251154297	-644.736255771483	No	0.996
K03532	22.3451378639799	1028.51591334349	-512.257956671745	No	0.878
K02195	1.99024417393596	2386.69331214976	-1191.34665607488	No	1.0
K15512	20.9199723222432	1276.30639249922	-636.153196249612	No	0.639
K06165	17.088868093973	3760.47359196767	-1878.23679598383	No	0.084
K16320	38.396942184608	1074.38137951677	-535.190689758383	No	0.131
K18902	17.0536944294992	1074.08501766016	-535.042508830082	No	0.953
K12537	30.6468043282027	1110.99300412379	-553.496502061893	No	0.75
K09961	75.7563575655775	2742.02020666476	-1369.01010333238	No	0.0
K01039	11.7290772354074	3947.30217115115	-1971.65108557557	No	0.385
K04087	1.68163281528839	1992.62858056042	-994.314290280209	No	1.0
K15228	31.6028394548778	1347.74753337485	-671.873766687425	No	0.191
K15551	23.622232141953	3777.2071452468	-1886.6035726234	No	0.059
K02407	4.46871543244798	3962.38849825506	-1979.19424912753	No	0.992
K15012	4.98063731658177	1749.72455266328	-872.862276331641	No	1.0
K11073	6.20671285598325	1707.61239804159	-851.806199020796	No	1.0
K09970	4.97191146893535	2157.00314619639	-1076.5015730982	No	0.999
K00370	20.9909084236641	6540.97980875108	-3268.48990437554	No	0.0
K11959	13.1028572578997	4923.48978977311	-2459.74489488655	No	0.169
K02394	3.72090479293777	2462.06911849578	-1229.03455924789	No	1.0
K02410	3.77183020210866	3865.18985732565	-1930.59492866282	No	0.994
K22083	24.9346415593208	2487.92192501027	-1241.96096250514	No	0.009
K21134	20.4590749673095	1123.4189262211	-559.709463110549	No	0.889
K21603	9.19793616415565	319.502961385198	-157.751480692599	No	0.997
K06601	5.34252438930716	947.262693777186	-471.631346888593	No	0.992
K18096	23.4712959217152	612.988383441453	-304.494191720726	No	0.664
K17222	13.0550750821404	1683.01732161598	-839.508660807991	No	0.721
K22622	18.5440899303322	2202.4433565938	-1099.2216782969	No	0.181
K13582	2.31539503167441	217.312860196658	-106.656430098329	No	1.0
K00304	8.78406867871366	3013.87366537379	-1504.9368326869	No	0.897
K03189	13.6988096424095	6556.88730691567	-3276.44365345783	No	0.005
K06042	6.8732042845699	5198.34217648791	-2597.17108824396	No	0.659
K09985	0.34384107054779	164.996712033098	-80.4983560165492	No	1.0
K08990	2.24633093611883	891.561244200852	-443.780622100426	No	1.0
K03735	17.5436102504746	5202.06582791837	-2599.03291395919	No	0.005
K21677	6.37216358750181	568.066489960122	-282.033244980061	No	0.998
K13895	3.60756191543252	1329.80171496766	-662.900857483831	No	1.0
K11178	17.6402944258372	4601.4334605054	-2298.7167302527	No	0.055
K08355	38.529153011394	1341.93186185384	-668.965930926921	No	0.0
K05845	8.46910173406708	6168.20967067544	-3082.10483533772	No	0.113
K03669	9.71215900868016	2215.03690258742	-1105.51845129371	No	0.986
K11212	3.85037809797836	1867.43330471476	-931.716652357379	No	0.994
K05772	9.49293862702021	3018.47929966125	-1507.23964983062	No	0.656
K04653	10.4689837151957	5846.36581721523	-2921.18290860761	No	0.001
K03433	1.79467680455213	456.793897599873	-226.396948799936	No	1.0
K06864	6.73587196623759	4102.7309950573	-2049.36549752865	No	0.169
K02585	11.9030000307862	3031.75101390889	-1513.87550695445	No	0.108
K09694	10.3785597386672	2325.75449377676	-1160.87724688838	No	0.787
K14086	7.4522699185633	686.109653161768	-341.054826580884	No	0.844
K04101	26.5802253743399	2004.32345227089	-1000.16172613544	No	0.006
K03974	4.26868929702417	846.713900918063	-421.356950459031	No	0.999
K00673	2.72161376716904	1104.69911629134	-550.349558145671	No	1.0
K18146	71.9426747048827	1456.34172918418	-726.170864592091	No	0.0
K03204	27.1605759834858	3525.92011312918	-1760.96005656459	No	0.0
K00282	4.18828476698679	2893.92140774329	-1444.96070387164	No	0.992
K02567	15.6870418037585	3136.45842250553	-1566.22921125277	No	0.498
K07503	0.651412070714516	518.978400122699	-257.489200061349	No	1.0
K10007	4.13418802427659	1158.37611722865	-577.188058614324	No	1.0
K13527	0.909694322524686	417.792797575185	-206.896398787593	No	1.0
K02756	15.2178695527278	3517.51044323497	-1756.75522161748	No	0.297
K03583	3.91939588222591	1879.37967397243	-937.689836986215	No	1.0
K11605	14.5610945318277	1727.28661616036	-861.64330808018	No	0.872
K02064	3.17262415282333	1690.79706379847	-843.398531899237	No	1.0
K16167	13.037592168384	2229.21830884666	-1112.60915442333	No	0.826
K17244	18.2875392544918	1089.0648879582	-542.532443979101	No	0.391
K10561	20.2189284901573	3071.21663726232	-1533.60831863116	No	0.02
K23508	17.2979990218102	4039.41485881744	-2017.70742940872	No	0.067
K17331	11.1578769203699	1225.0797933152	-610.5398966576	No	0.978
K10546	14.4355328316692	4154.1358447506	-2075.0679223753	No	0.104
K17317	14.8148089425674	3125.74461236505	-1560.87230618252	No	0.58
K18455	1.09960145302361	375.318052475081	-185.65902623754	No	1.0
K10240	12.2443678540941	1895.02443719141	-945.512218595706	No	0.884
K07670	1.40968266377261	732.13396260925	-364.066981304625	No	1.0
K03889	0.604414919623692	297.324343351088	-146.662171675544	No	1.0
K10232	8.38744222658623	2038.42959274766	-1017.21479637383	No	0.977
K07652	1.45024813480538	700.546201647893	-348.273100823946	No	1.0
K10040	9.67214425242591	1604.63401172983	-800.317005864915	No	0.963
K20491	18.8010830793719	2392.28479095457	-1194.14239547728	No	0.001
K10681	30.0235768864409	754.402315826043	-375.201157913022	No	0.467
K02818	11.9014224615462	2359.81986971206	-1177.90993485603	No	0.925
K05339	15.1783375393145	654.115322104014	-325.057661052007	No	0.968
K17074	3.5623130165153	393.023326438312	-194.511663219156	No	1.0
K07719	13.8768363582526	1344.84048610383	-670.420243051917	No	0.779
K16509	0.586889136816863	275.384726393101	-135.69236319655	No	1.0
K20108	14.5263570576544	1182.22844168785	-589.114220843924	No	0.893
K02530	14.4910775076212	1169.54122269781	-582.770611348907	No	0.793
K20112	19.4664490252998	698.254792526128	-347.127396263064	No	0.823
K02786	19.2695494128491	1226.54315653945	-611.271578269724	No	0.399
K02745	22.1359529716515	1917.09122320898	-956.545611604492	No	0.035
K02809	13.1609192387396	3063.18972159453	-1529.59486079727	No	0.667
K03346	0.526115392790331	242.316227536369	-119.158113768184	No	1.0
K15584	24.5682799345341	2184.56550451018	-1090.28275225509	No	0.009
K12269	19.3959981351244	800.977289852763	-398.488644926381	No	0.627
K18887	9.92817149186128	595.060973854229	-295.530486927115	No	0.985
K00313	14.8583638307074	2653.39555124137	-1324.69777562069	No	0.109
K02596	18.5237108642711	1885.63165858244	-940.815829291221	No	0.377
K20532	23.7035703972192	3626.25527640543	-1811.12763820272	No	0.0
K03618	21.1670224786079	1624.56636689003	-810.283183445014	No	0.13
K19641	25.8237294652553	1321.47180407084	-658.735902035418	No	0.002
K06214	27.3670025989708	2934.15832309459	-1465.0791615473	No	0.025
K12140	14.8924861472033	2937.27898017472	-1466.63949008736	No	0.033
K19132	26.621666437928	1517.78471342358	-756.892356711791	No	0.0
K10960	16.8096700675558	1210.16328320654	-603.08164160327	No	0.644
K05778	13.403130937345	1347.79575595107	-671.897877975533	No	0.96
K23077	2.76176963841933	748.837050549599	-372.4185252748	No	0.983
K07237	3.32435622519277	1102.25133992959	-549.125669964796	No	0.999
K12370	11.6935650057482	1633.2389094908	-814.6194547454	No	0.995
K11782	2.8297192924472	1014.46187433946	-505.23093716973	No	1.0
K07641	20.1032979487009	1622.25003911509	-809.125019557544	No	0.788
K03528	1.29105098177541	453.268890839376	-224.634445419688	No	1.0
K02658	3.54334009932733	789.303269820272	-392.651634910136	No	0.997
K09696	6.71658260677045	1716.3053497403	-856.15267487015	No	0.932
K23170	1.57339105266116	592.188732465087	-294.094366232543	No	0.994
K00351	2.97479550621397	2321.44289672946	-1158.72144836473	No	1.0
K16363	0.777092095796338	293.415700315863	-144.707850157931	No	1.0
K15864	22.9443845124656	1474.03449049648	-735.017245248242	No	0.158
K10024	6.68210367127264	582.044805149513	-289.022402574756	No	0.998
K07711	11.4416902742242	1119.55489434002	-557.77744717001	No	0.985
K10227	14.1825796128235	3416.94067574221	-1706.4703378711	No	0.563
K23548	23.7659472146558	2117.91455646826	-1056.95727823413	No	0.0
K10554	19.0025928395281	2374.43903604726	-1185.21951802363	No	0.403
K19976	18.6590517109782	1179.21070221909	-587.605351109546	No	0.686
K02783	23.7763601671513	2739.60984314278	-1367.80492157139	No	0.005
K10188	19.5449809830152	2469.08704864855	-1232.54352432427	No	0.009
K10672	7.45069372667039	1324.09614851151	-660.048074255757	No	0.618
K18892	9.27526364401874	479.687622591543	-237.843811295771	No	0.987
K19509	22.7899964438491	1238.43510062075	-617.217550310373	No	0.017
K13778	21.1135411429518	1239.42858626973	-617.714293134865	No	0.699
K10943	6.08458329746601	791.349975036287	-393.674987518143	No	0.999
K09916	0.845791653647145	217.131479964442	-106.565739982221	No	1.0
K18990	7.56895312529702	1094.75808602108	-545.379043010539	No	0.993
K23063	34.9438307452974	1063.38637308511	-529.693186542556	No	0.018
K23227	21.2704380708494	3947.24693206076	-1971.62346603038	No	0.047
K10926	12.4115110331471	1172.77191116183	-584.385955580914	No	0.924
K16242	33.4553252779204	1618.083698587	-807.041849293501	No	0.0
K10020	23.4451194457909	1152.04433824852	-574.022169124259	No	0.543
K14348	19.0291728406515	700.476932267105	-348.238466133552	No	0.975
K19130	33.1525926286283	2622.93976174143	-1309.46988087072	No	0.0
K13929	26.195798387371	2644.09611571534	-1320.04805785767	No	0.24
K10015	6.85425003861152	638.416540195916	-317.208270097958	No	1.0
K15549	28.3278820310986	1256.66563828018	-626.33281914009	No	0.475
K05549	36.7332678839073	2919.76881552399	-1457.884407762	No	0.0
K11905	24.1575727743543	2432.29617767517	-1214.14808883758	No	0.301
K23274	30.99691435715	1369.98381632613	-682.991908163064	No	0.329
K00754	0.964533798054222	672.54694117649	-334.273470588245	No	1.0
K16652	4.78138391266722	678.246689987872	-337.123344993936	No	1.0
K09153	13.062855428587	1381.10714901922	-688.553574509611	No	0.898
K17763	17.0423468990289	3837.80884139755	-1916.90442069877	No	0.119
K22770	9.55499122921072	1224.83400506886	-610.417002534432	No	0.989
K18232	9.21817894432836	862.371506637558	-429.185753318779	No	0.985
K02749	22.0995207781496	2084.39294328787	-1040.19647164394	No	0.187
K19075	17.4450727651023	2747.67089062378	-1371.83544531189	No	0.0
K02800	14.1532773453221	3854.71861704191	-1925.35930852096	No	0.377
K11636	15.6043486498606	884.83169562758	-440.41584781379	No	0.946
K05352	24.6707390142155	1139.64608921807	-567.823044609033	No	0.084
K23059	7.05463939665178	630.97892194044	-313.48946097022	No	0.997
K02827	5.56617812552218	496.597680516797	-246.298840258398	No	1.0
K18344	21.4128973511326	874.416377535791	-435.208188767895	No	0.282
K00385	11.2771921982916	1077.13864941376	-536.569324706882	No	0.546
K00197	8.13224215888345	803.92856821877	-399.964284109385	No	0.914
K09000	15.2797472338844	2367.65972590153	-1181.82986295077	No	0.0
K18014	9.0979718807271	1603.23025133128	-799.615125665641	No	0.764
K10202	12.6664058727358	2138.92985898701	-1067.4649294935	No	0.533
K01643	12.2052296333715	2946.72533812586	-1471.36266906293	No	0.122
K18299	21.1708996079013	657.265705323265	-326.632852661632	No	0.969
K13014	8.27605008927992	1094.98914313444	-545.494571567222	No	0.993
K12963	11.2484560983242	584.666961376319	-290.33348068816	No	1.0
K01959	13.5217746122225	758.597658323628	-377.298829161814	No	0.982
K19609	30.2503019503425	742.372428654726	-369.186214327363	No	0.815
K17214	32.0488223816936	1486.94414032437	-741.472070162186	No	0.479
K17206	54.1697588740373	1044.90202561919	-520.451012809597	No	0.041
K10539	23.9282447332281	1671.98575193159	-833.992875965793	No	0.849
K23182	40.2159596958741	1394.67865297386	-695.33932648693	No	0.361
K22424	21.6183116921871	1290.58728519981	-643.293642599905	No	0.0
K12519	32.1041523972831	725.298396511277	-360.649198255638	No	0.94
K21833	21.2472240589299	1027.4289774101	-511.714488705048	No	0.962
K23056	6.27563370519692	550.452015830221	-273.22600791511	No	0.996
K09002	17.0039700004523	2128.3149418806	-1062.1574709403	No	0.0
K16907	21.6637445070159	1788.78591419061	-892.392957095307	No	0.0
K21571	7.47801515977267	1041.09333809259	-518.546669046293	No	0.986
K10556	32.8527443611338	1314.1247256591	-655.062362829552	No	0.246
K07445	69.4040138874583	3475.61352682606	-1735.80676341303	No	0.0
K17243	32.1360185068251	1715.21260775355	-855.606303876776	No	0.0
K10110	13.4039841901293	1130.53596839343	-563.267984196716	No	0.975
K16850	20.1243749872029	1804.93699533938	-900.468497669688	No	0.0
K22224	7.76687013236089	737.794576093195	-366.897288046598	No	0.728
K19116	14.6958605022354	2157.86956830975	-1076.93478415488	No	0.0
K13409	30.5558177052785	3027.72817392125	-1511.86408696062	No	0.0
K18688	10.3393945819885	1108.85063141287	-552.425315706437	No	0.992
K04031	13.7948306243928	2345.17432631009	-1170.58716315504	No	0.077
K11602	19.3003955742301	1294.12979539312	-645.064897696562	No	0.438
K03779	35.7275926504182	2040.25850300641	-1018.1292515032	No	0.0
K19126	27.3774472430769	5132.51287272545	-2564.25643636272	No	0.0
K21909	32.7262813800776	1086.48673627927	-541.243368139634	No	0.105
K21307	14.1695511227142	1301.82454498911	-648.912272494557	No	0.798
K12072	37.2636821232145	2880.40101565537	-1438.20050782768	No	0.0
K12264	26.255598229003	761.855547720023	-378.927773860011	No	0.951
K21759	36.1898839635105	1404.03666527281	-700.018332636407	No	0.173
K22015	19.1154783456359	973.324805115994	-484.662402557997	No	0.935
K11745	19.0344208165541	459.065276927395	-227.532638463697	No	0.992
K11082	29.3856875278699	1034.83423209316	-515.417116046582	No	0.787
K11743	12.7292356433573	1127.7190213495	-561.85951067475	No	0.954
K19336	35.4475507663889	1042.60964296159	-519.304821480794	No	0.008
K03603	2.19840009911264	640.007638179622	-318.003819089811	No	1.0
K10540	9.44210872880689	1880.57101649464	-938.285508247322	No	0.853
K08475	37.6200814837812	594.270096836379	-295.135048418189	No	0.568
K02791	18.8920981266656	2008.78701465349	-1002.39350732675	No	0.383
K20117	10.2462620822727	1347.80403526993	-671.902017634964	No	0.945
K00087	17.7165468918054	1161.0671150394	-578.533557519699	No	0.134
K16962	17.0493270310769	2039.85355830296	-1017.92677915148	No	0.414
K11692	17.5382555272429	807.525601542746	-401.762800771373	No	0.672
K06440	24.2644503045866	1150.65060987476	-573.32530493738	No	0.1
K16201	15.702542415874	542.600917259611	-269.300458629805	No	0.928
K18925	7.00426763856704	1088.99470340594	-542.497351702971	No	0.988
K11638	22.447305620901	622.66360419582	-309.33180209791	No	0.672
K19310	20.4937140495634	1440.15660643385	-718.078303216924	No	0.0
K16918	18.7749252200746	414.973528298964	-205.486764149482	No	0.947
K11632	16.1216765118336	800.185808370607	-398.092904185303	No	0.947
K17234	22.853267593015	1302.5323808579	-649.266190428952	No	0.089
K17217	7.89553088212255	531.043872951034	-263.521936475517	No	0.995
K18244	5.64161813354434	430.906114567086	-213.453057283543	No	0.998
K06403	3.54502868474972	505.716063920416	-250.858031960208	No	1.0
K03886	1.85253511412608	588.959452816684	-292.479726408342	No	1.0
K11614	23.9191646905182	955.930774701023	-475.965387350512	No	0.641
K07680	20.8620954497627	967.721261423326	-481.860630711663	No	0.655
K22116	18.3329472980608	1887.04832236646	-941.524161183232	No	0.08
K06328	1.35634642275063	328.396650533294	-162.198325266647	No	1.0
K06301	5.25025911691305	413.018658375469	-204.509329187734	No	1.0
K06342	18.7510705664823	570.080361208343	-283.040180604172	No	0.826
K06311	20.1837767047609	756.608704840083	-376.304352420041	No	0.805
K18897	18.2706478566921	990.65632674635	-493.328163373175	No	0.114
K23462	37.6208974184062	1289.64188108859	-642.820940544296	No	0.012
K11709	12.9729461161538	3267.83305263688	-1631.91652631844	No	0.077
K23465	41.8210110394401	1681.82771702641	-838.913858513204	No	0.0
K17203	31.2213746828171	1996.25758094343	-996.128790471716	No	0.028
K10236	19.2635910947956	1650.96170132923	-823.480850664617	No	0.348
K20038	18.8081385713532	1345.75936558007	-670.879682790037	No	0.076
K04014	15.4267862526305	591.832015769468	-293.916007884734	No	0.992
K12513	28.0065528504954	633.811351725476	-314.905675862738	No	0.764
K11016	31.8761961211307	548.766737802235	-272.383368901117	No	0.928
K16047	14.7227975397689	1620.27748167924	-808.13874083962	No	0.936
K18366	29.9508237167072	1593.66374789928	-794.831873949639	No	0.007
K23470	37.8756687186755	833.96073112658	-414.98036556329	No	0.161
K10192	20.5589657067507	1341.01511523816	-668.507557619078	No	0.235
K21061	23.9316929721438	970.763504475701	-483.38175223785	No	0.821
K19585	31.2840040231629	981.049235076188	-488.524617538094	No	0.583
K22818	12.6360275523912	1204.55795109305	-600.278975546527	No	0.979
K22820	9.30897884865199	851.534027192012	-423.767013596006	No	0.998
K21962	1.28757329670038	168.782163363352	-82.3910816816762	No	1.0
K05553	23.5899592885701	1019.01184924903	-507.505924624514	No	0.479
K16150	2.42579463364158	264.287345511461	-130.143672755731	No	1.0
K18851	0.469309850995785	365.792919824611	-180.896459912305	No	1.0
K22952	28.3235960133239	1375.96392345381	-685.981961726904	No	0.275
K15739	24.6878637351274	886.573249698765	-441.286624849383	No	0.09
K16217	22.1650395375317	680.899410931479	-338.44970546574	No	0.878
K21399	8.22475586899793	854.872359416436	-425.436179708218	No	0.523
K21010	31.4376955075128	1397.66172025315	-696.830860126573	No	0.017
K18842	64.7088721682557	1976.56461838476	-986.282309192381	No	0.0
K02589	10.9949890262533	1258.56063718978	-627.280318594888	No	0.458
K09470	31.3459109171844	509.380277597499	-252.69013879875	No	0.938
K20264	38.1959578435013	597.824966020798	-296.912483010399	No	0.753
K12112	45.0919331186647	675.356808204435	-335.678404102217	No	0.484
K19059	149.893038117473	1255.23257395708	-625.616286978541	No	0.0
K11191	34.0908143087496	572.9701549037	-284.48507745185	No	0.877
K18837	49.9544289951273	533.932353774567	-264.966176887284	No	0.71
K16300	26.549729360523	820.050532512685	-408.025266256342	No	0.214
K19175	148.369633457072	1849.36754679451	-922.683773397256	No	0.0
K08692	22.9495412049345	733.585993876375	-364.792996938188	No	0.785
K18226	28.2281085417374	1328.94132371009	-662.470661855044	No	0.012
K00436	13.0572415375237	1020.20141528762	-508.100707643812	No	0.246
K16877	41.1457285443657	1453.52083794817	-724.760418974086	No	0.0
K16423	33.265330396457	1054.75105268914	-525.37552634457	No	0.05
